fips,NAME,NAMELSAD,peak_demand_mw
01003,Baldwin,Baldwin County,836.4657097439966
01069,Houston,Houston County,357.91619659324783
01005,Barbour,Barbour County,81.10486322349962
01119,Sumter,Sumter County,38.70001603817563
05091,Miller,Miller County,148.02347779680346
05133,Sevier,Sevier County,54.5673329368117
05093,Mississippi,Mississippi County,119.84875691761793
06037,Los Angeles,Los Angeles County,15385.2495096611
06087,Santa Cruz,Santa Cruz County,346.187950754159
06097,Sonoma,Sonoma County,668.4163446622184
06013,Contra Costa,Contra Costa County,1914.253244588261
06003,Alpine,Alpine County,1.9939892699742932
08067,La Plata,La Plata County,99.41423758590896
08113,San Miguel,San Miguel County,15.302370261578293
10001,Kent,Kent County,467.908047335402
12123,Taylor,Taylor County,53.550201906179254
12017,Citrus,Citrus County,430.9624018728831
12071,Lee,Lee County,1864.820095223878
12101,Pasco,Pasco County,1589.5854809784478
12033,Escambia,Escambia County,935.8045639016802
12037,Franklin,Franklin County,33.095777341254845
12065,Jefferson,Jefferson County,37.88773833815248
13185,Lowndes,Lowndes County,374.8806708763353
13127,Glynn,Glynn County,297.41538466148234
13051,Chatham,Chatham County,991.9058157736839
13179,Liberty,Liberty County,200.48298396612375
13073,Columbia,Columbia County,423.47949134893247
13137,Habersham,Habersham County,125.00187970907754
16041,Franklin,Franklin County,39.825364469037915
16033,Clark,Clark County,1.8969552979579622
16079,Shoshone,Shoshone County,33.70532367396548
17031,Cook,Cook County,13263.426277477374
16073,Owyhee,Owyhee County,31.20155189791285
16035,Clearwater,Clearwater County,22.107096685860128
18123,Perry,Perry County,51.816837658701324
18075,Jay,Jay County,51.89839101818243
19045,Clinton,Clinton County,322.94957966609934
04009,Graham,Graham County,98.1475756343134
19195,Worth,Worth County,28.296641685240726
20199,Wallace,Wallace County,4.2487172641646005
01117,Shelby,Shelby County,768.5926337301264
01055,Etowah,Etowah County,340.93691487267307
01051,Elmore,Elmore County,298.4582812846262
01099,Monroe,Monroe County,206.38444202207012
21095,Harlan,Harlan County,81.56770234045369
22075,Plaquemines,Plaquemines Parish,109.35329483169986
22117,Washington,Washington Parish,264.0885731957332
22017,Caddo,Caddo Parish,962.0434049320809
01035,Conecuh,Conecuh County,36.871016481132955
01085,Lowndes,Lowndes County,32.05584300696284
23015,Lincoln,Lincoln County,51.9633560927064
23017,Oxford,Oxford County,162.19046243099683
24005,Baltimore,Baltimore County,1752.7348974461745
24025,Harford,Harford County,559.8358047031999
24041,Talbot,Talbot County,81.50068848090437
24015,Cecil,Cecil County,222.2586672768553
25009,Essex,Essex County,1376.8710848277767
25005,Bristol,Bristol County,1070.8228861827859
25021,Norfolk,Norfolk County,1300.6639126521723
26041,Delta,Delta County,144.95051987062755
26055,Grand Traverse,Grand Traverse County,180.87396646953243
26007,Alpena,Alpena County,100.7691250334679
26103,Marquette,Marquette County,125.07987936920621
26147,St. Clair,St. Clair County,300.1271738805199
26071,Iron,Iron County,21.897981318342186
27027,Clay,Clay County,124.29496656226031
27091,Martin,Martin County,44.84849789216042
28033,DeSoto,DeSoto County,623.1625630296804
28157,Wilkinson,Wilkinson County,25.943027181398392
29113,Lincoln,Lincoln County,162.76707194895093
30001,Beaverhead,Beaverhead County,22.562611637384503
30105,Valley,Valley County,15.897717198944292
31033,Cheyenne,Cheyenne County,26.049451648634246
31049,Deuel,Deuel County,6.215501158339751
34015,Gloucester,Gloucester County,695.5919080494243
36013,Chautauqua,Chautauqua County,159.3853295611926
36045,Jefferson,Jefferson County,163.75359198353658
36059,Nassau,Nassau County,2765.4452277560913
37133,Onslow,Onslow County,552.1325065362407
37009,Ashe,Ashe County,67.8091309443704
37169,Stokes,Stokes County,113.46610323701995
37053,Currituck,Currituck County,77.0627912780058
37173,Swain,Swain County,34.83520268100396
37131,Northampton,Northampton County,40.13900651993491
38035,Grand Forks,Grand Forks County,408.54220011897223
38067,Pembina,Pembina County,50.395004392145786
39123,Ottawa,Ottawa County,91.47232481446896
45051,Horry,Horry County,1163.4670527194198
40079,Le Flore,Le Flore County,180.81657925245875
40023,Choctaw,Choctaw County,53.429575093239286
40113,Osage,Osage County,167.24822739425363
41015,Curry,Curry County,59.24984577099302
41045,Malheur,Malheur County,82.90842837175393
41001,Baker,Baker County,43.739307016991226
42111,Somerset,Somerset County,138.1976192676544
42133,York,York County,1007.5160780594974
45003,Aiken,Aiken County,544.3897606111744
45091,York,York County,910.9594151687805
46127,Union,Union County,36.819133077820446
46009,Bon Homme,Bon Homme County,15.138635867905961
46089,McPherson,McPherson County,5.001201120595956
47065,Hamilton,Hamilton County,1066.7367864543
47059,Greene,Greene County,203.44692180130411
47091,Johnson,Johnson County,51.4885679260607
48355,Nueces,Nueces County,1243.4742686189736
48215,Hidalgo,Hidalgo County,2737.7457048063443
48061,Cameron,Cameron County,1295.8261175886007
48479,Webb,Webb County,876.3897136531627
48057,Calhoun,Calhoun County,1280.7545963336872
48323,Maverick,Maverick County,194.5834460051671
48465,Val Verde,Val Verde County,159.21669791502634
48039,Brazoria,Brazoria County,2918.9735108688133
48229,Hudspeth,Hudspeth County,8.407111234432522
48203,Harrison,Harrison County,543.1859760896215
48387,Red River,Red River County,39.60523494095538
48315,Marion,Marion County,33.99052949307678
49045,Tooele,Tooele County,183.64496740868591
49023,Juab,Juab County,27.973137970939312
51001,Accomack,Accomack County,118.06424737213227
51095,James City,James City County,238.41137672135727
51131,Northampton,Northampton County,41.39173460224397
51057,Essex,Essex County,33.43833842513541
51107,Loudoun,Loudoun County,1281.6831867770586
51083,Halifax,Halifax County,91.77141842134859
53067,Thurston,Thurston County,641.0972204777555
53029,Island,Island County,184.411579354881
54047,McDowell,McDowell County,54.58395414416469
54011,Cabell,Cabell County,288.38575257827216
54073,Pleasants,Pleasants County,24.22814306987843
54037,Jefferson,Jefferson County,195.00891384213713
54065,Morgan,Morgan County,57.58484720510528
17125,Mason,Mason County,27.630447230887015
54003,Berkeley,Berkeley County,431.89775724269373
17007,Boone,Boone County,138.00066691172708
55011,Buffalo,Buffalo County,27.802585579947774
55121,Trempealeau,Trempealeau County,63.998602521427294
55075,Marinette,Marinette County,93.78801125807283
56029,Park,Park County,145.93298148207472
56039,Teton,Teton County,123.84335896464157
06057,Nevada,Nevada County,182.67187070302785
05085,Lonoke,Lonoke County,235.41193292609955
05099,Nevada,Nevada County,25.191750921161898
05013,Calhoun,Calhoun County,14.57561508245854
06007,Butte,Butte County,303.2888406117368
06089,Shasta,Shasta County,276.57499289523327
06047,Merced,Merced County,419.16807958117585
06009,Calaveras,Calaveras County,75.22116270524995
06033,Lake,Lake County,103.43795639005613
06115,Yuba,Yuba County,109.56454471561341
08035,Douglas,Douglas County,729.959319982209
08019,Clear Creek,Clear Creek County,17.236814950222705
08049,Grand,Grand County,26.46393562314498
08029,Delta,Delta County,51.978598038664614
08091,Ouray,Ouray County,10.253954730502947
08055,Huerfano,Huerfano County,14.188360788304514
08111,San Juan,San Juan County,1.573031413090869
09140,Naugatuck Valley,Naugatuck Valley Planning Region,794.0918263615332
12107,Putnam,Putnam County,237.53512762867695
12001,Alachua,Alachua County,724.3441585254182
12129,Wakulla,Wakulla County,91.3344951922453
12041,Gilchrist,Gilchrist County,48.34464613609098
13089,DeKalb,DeKalb County,1956.6255105166629
13157,Jackson,Jackson County,226.92841665485858
13267,Tattnall,Tattnall County,62.164718748196684
13031,Bulloch,Bulloch County,215.88880908775317
13075,Cook,Cook County,45.9221883704867
13289,Twiggs,Twiggs County,20.33110693727307
13303,Washington,Washington County,50.94504101495438
13301,Warren,Warren County,13.193566581465955
16085,Valley,Valley County,35.697445279811646
16023,Butte,Butte County,6.3711736957409855
16077,Power,Power County,32.324679102656006
17017,Cass,Cass County,27.70965117333215
18035,Delaware,Delaware County,273.93391656911405
18013,Brown,Brown County,42.243765724310066
18027,Daviess,Daviess County,90.8336229204236
19041,Clay,Clay County,45.29151607453753
20139,Osage,Osage County,50.14421007017638
20097,Kiowa,Kiowa County,6.77178419060666
20069,Gray,Gray County,16.09564370677829
20067,Grant,Grant County,19.94577105171961
21183,Ohio,Ohio County,75.31627072412603
21193,Perry,Perry County,73.83912641124132
21115,Johnson,Johnson County,62.042224215491046
21061,Edmonson,Edmonson County,39.47030442536736
21167,Mercer,Mercer County,70.36390167583527
21237,Wolfe,Wolfe County,19.91795044339466
22033,East Baton Rouge,East Baton Rouge Parish,2448.01144359487
22099,St. Martin,St. Martin Parish,208.22789689284568
22025,Catahoula,Catahoula Parish,34.272617323675014
22069,Natchitoches,Natchitoches Parish,220.10843442095427
23023,Sagadahoc,Sagadahoc County,53.39527699087011
26135,Oscoda,Oscoda County,16.145396515578906
27097,Morrison,Morrison County,70.60140033509602
27013,Blue Earth,Blue Earth County,164.04783004386687
27147,Steele,Steele County,77.41913475144617
27065,Kanabec,Kanabec County,34.189708445055885
27015,Brown,Brown County,52.910065269722914
28145,Union,Union County,93.97200293950472
28053,Humphreys,Humphreys County,23.19683400586471
29041,Chariton,Chariton County,20.03929252042444
29065,Dent,Dent County,37.879362065451915
30077,Powell,Powell County,16.288496236382667
30031,Gallatin,Gallatin County,289.0114318713783
30059,Meagher,Meagher County,4.7472061305355755
30089,Sanders,Sanders County,32.34911278335844
30007,Broadwater,Broadwater County,18.333180786058552
30023,Deer Lodge,Deer Lodge County,22.078795913815814
31185,York,York County,49.659913123556265
34027,Morris,Morris County,1054.1338823253432
35033,Mora,Mora County,10.483877081632633
36111,Ulster,Ulster County,303.86806781234446
36051,Livingston,Livingston County,78.4684534374445
36123,Yates,Yates County,122.8086601325373
37153,Richmond,Richmond County,109.25533983436978
37051,Cumberland,Cumberland County,871.0476096032776
37085,Harnett,Harnett County,363.09800819709517
37199,Yancey,Yancey County,49.123840049308725
37065,Edgecombe,Edgecombe County,119.65518659997115
37193,Wilkes,Wilkes County,164.7477643036133
37117,Martin,Martin County,121.13537118088284
37099,Jackson,Jackson County,105.83673806970496
39075,Holmes,Holmes County,95.34840461516919
39069,Henry,Henry County,62.897521833689936
40027,Cleveland,Cleveland County,1038.572377888646
40029,Coal,Coal County,19.599314834178763
40075,Kiowa,Kiowa County,31.447447187739236
41017,Deschutes,Deschutes County,537.58382734917
41047,Marion,Marion County,870.0885522654794
42027,Centre,Centre County,321.49935473315304
42041,Cumberland,Cumberland County,512.6294959796993
42035,Clinton,Clinton County,71.3191646056773
42003,Allegheny,Allegheny County,2672.6460339068694
42129,Westmoreland,Westmoreland County,676.9631504939692
45077,Pickens,Pickens County,415.91533253098254
45085,Sumter,Sumter County,309.2135988966624
45063,Lexington,Lexington County,958.7212175049895
45055,Kershaw,Kershaw County,206.59480874906174
45089,Williamsburg,Williamsburg County,88.57378153583225
46093,Meade,Meade County,68.84753121518735
46103,Pennington,Pennington County,248.51629997512924
46085,Lyman,Lyman County,7.938415815703445
46057,Hamlin,Hamlin County,14.491050275448844
47093,Knox,Knox County,1411.0774710216165
47033,Crockett,Crockett County,39.21320642467419
47085,Humphreys,Humphreys County,53.84406275460253
47001,Anderson,Anderson County,225.07436325321802
47021,Cheatham,Cheatham County,118.43033373718362
48481,Wharton,Wharton County,133.36932727382825
48001,Anderson,Anderson County,199.6309463901371
48157,Fort Bend,Fort Bend County,2980.3902084107663
48257,Kaufman,Kaufman County,648.4123898810993
48471,Walker,Walker County,256.22393214578415
48495,Winkler,Winkler County,17.712829843857584
48125,Dickens,Dickens County,5.861204848460158
48053,Burnet,Burnet County,173.80770972019397
48267,Kimble,Kimble County,14.43977038759655
48287,Lee,Lee County,59.37048987137403
48289,Leon,Leon County,56.56361426249997
48063,Camp,Camp County,46.18016773477988
48449,Titus,Titus County,106.29654264558901
48455,Trinity,Trinity County,44.839542418709456
48477,Washington,Washington County,120.45686296991568
48341,Moore,Moore County,80.61363279888279
48155,Foard,Foard County,3.7496676775127527
49057,Weber,Weber County,481.02243665954853
49051,Wasatch,Wasatch County,62.65170096672085
49013,Duchesne,Duchesne County,33.75449115179865
49017,Garfield,Garfield County,9.040502895913017
51087,Henrico,Henrico County,968.5912243974726
51187,Warren,Warren County,115.13890058772445
51015,Augusta,Augusta County,226.47026276176862
51037,Charlotte,Charlotte County,32.67533267888034
51121,Montgomery,Montgomery County,266.43346672528844
51019,Bedford,Bedford County,223.3331214326399
51155,Pulaski,Pulaski County,88.269100124595
51109,Louisa,Louisa County,119.35984688922107
51137,Orange,Orange County,114.59012781178178
51091,Highland,Highland County,6.4002965485580665
53041,Lewis,Lewis County,184.85966525956704
53065,Stevens,Stevens County,103.23052853382468
53017,Douglas,Douglas County,100.4921099087328
54109,Wyoming,Wyoming County,63.46619739643014
54041,Lewis,Lewis County,53.828875738886566
54001,Barbour,Barbour County,50.181676921684165
55111,Sauk,Sauk County,136.54078483060871
55035,Eau Claire,Eau Claire County,223.53870051066684
31005,Arthur,Arthur County,1.4301056112572044
38007,Billings,Billings County,5.687361345402048
09110,Capitol,Capitol Planning Region,1782.1825244977208
10003,New Castle,New Castle County,1567.8347202094683
10005,Sussex,Sussex County,652.5156890521816
11001,District of Columbia,District of Columbia,2223.374467106469
12075,Levy,Levy County,116.97309827101758
12057,Hillsborough,Hillsborough County,3692.584996417936
12009,Brevard,Brevard County,1469.8964157036864
12113,Santa Rosa,Santa Rosa County,470.0640190264907
12131,Walton,Walton County,196.78668523333693
12029,Dixie,Dixie County,44.64291533231175
12073,Leon,Leon County,727.755481905506
12079,Madison,Madison County,45.78537524198127
13049,Charlton,Charlton County,33.1222334716265
13215,Muscogee,Muscogee County,518.0298743749166
13105,Elbert,Elbert County,51.34802705075477
13103,Effingham,Effingham County,216.86874008326814
16059,Lemhi,Lemhi County,23.78218085055602
16069,Nez Perce,Nez Perce County,174.72380247058476
01089,Madison,Madison County,1383.1558817646962
04005,Coconino,Coconino County,351.26339703832963
04027,Yuma,Yuma County,618.2438060869692
04012,La Paz,La Paz County,49.54737610320842
04001,Apache,Apache County,145.20260865637954
05139,Union,Union County,116.0514558019637
05017,Chicot,Chicot County,29.608953388613077
05107,Phillips,Phillips County,46.6042169391538
05041,Desha,Desha County,66.11462913715145
05131,Sebastian,Sebastian County,429.91223784434874
05007,Benton,Benton County,1084.8634986107008
05015,Carroll,Carroll County,100.68089157099595
05121,Randolph,Randolph County,59.81280171514529
05021,Clay,Clay County,44.63651616442016
06073,San Diego,San Diego County,4501.243687642053
06065,Riverside,Riverside County,3928.535961910295
06041,Marin,Marin County,320.68465119114484
06081,San Mateo,San Mateo County,908.9991783873132
06017,El Dorado,El Dorado County,275.682052853416
08077,Mesa,Mesa County,308.3850701189387
08123,Weld,Weld County,652.2370273927577
08069,Larimer,Larimer County,678.5525121299067
08107,Routt,Routt County,46.06879423193124
36025,Delaware,Delaware County,60.19569675245281
37031,Carteret,Carteret County,183.37117048967872
37165,Scotland,Scotland County,89.7005161357046
37019,Brunswick,Brunswick County,415.03853807443744
37129,New Hanover,New Hanover County,622.9752697056981
37119,Mecklenburg,Mecklenburg County,2908.106024929722
37137,Pamlico,Pamlico County,29.806318518720936
37013,Beaufort,Beaufort County,152.91093532098336
37089,Henderson,Henderson County,283.72502029304513
37113,Macon,Macon County,95.8505172913643
37139,Pasquotank,Pasquotank County,97.77446831730256
37007,Anson,Anson County,54.451136522627046
38017,Cass,Cass County,1082.8876099278034
38099,Walsh,Walsh County,66.15757555384867
38053,McKenzie,McKenzie County,78.31781347531357
39167,Washington,Washington County,126.24191451948582
39009,Athens,Athens County,135.28565205997754
40089,McCurtain,McCurtain County,204.3597313195509
41007,Clatsop,Clatsop County,140.98402275457084
41039,Lane,Lane County,998.730180392324
41051,Multnomah,Multnomah County,2023.8287707341742
41035,Klamath,Klamath County,185.0680558430083
41055,Sherman,Sherman County,5.026048852506974
41021,Gilliam,Gilliam County,5.220174226939449
42055,Franklin,Franklin County,303.50271941486926
42017,Bucks,Bucks County,1492.501427211778
42123,Warren,Warren County,246.72035713041896
42103,Pike,Pike County,120.97233561054921
42029,Chester,Chester County,1290.0000369463194
44007,Providence,Providence County,1141.1260968594866
45013,Beaufort,Beaufort County,599.7011202299453
45007,Anderson,Anderson County,654.4421269435143
45069,Marlboro,Marlboro County,120.08467867035607
45043,Georgetown,Georgetown County,289.63991573146615
47019,Carter,Carter County,159.8134766606735
47073,Hawkins,Hawkins County,156.48976126220134
47025,Claiborne,Claiborne County,91.53840127069539
47055,Giles,Giles County,86.11363109550103
47123,Monroe,Monroe County,136.2311946746354
47009,Blount,Blount County,396.5430452857237
48071,Chambers,Chambers County,218.13504883788605
48167,Galveston,Galveston County,1786.0710536552485
48003,Andrews,Andrews County,41.60438015620158
48037,Bowie,Bowie County,325.7373964234441
48205,Hartley,Hartley County,14.5040688325051
48043,Brewster,Brewster County,21.217338685218703
49037,San Juan,San Juan County,26.57075981277643
49047,Uintah,Uintah County,66.23008385896155
49033,Rich,Rich County,6.002068106120059
51051,Dickenson,Dickenson County,35.77359960649629
51191,Washington,Washington County,145.18832307903122
04013,Maricopa,Maricopa County,13173.258788562187
04007,Gila,Gila County,155.32829692860597
04021,Pinal,Pinal County,1374.9969156685597
16029,Caribou,Caribou County,15.3825432873651
17153,Pulaski,Pulaski County,10.9379697029531
17185,Wabash,Wabash County,24.05460095295521
17161,Rock Island,Rock Island County,297.5471439935465
17097,Lake,Lake County,1849.6652058700001
18129,Posey,Posey County,169.5355798559343
18061,Harrison,Harrison County,107.99977336463547
18089,Lake,Lake County,1786.2517883052783
18161,Union,Union County,18.812240692163403
18177,Wayne,Wayne County,178.3909863191094
19163,Scott,Scott County,587.7556693160737
19063,Emmet,Emmet County,25.3366443332464
19149,Plymouth,Plymouth County,70.61677873271594
20131,Nemaha,Nemaha County,31.438953240522455
01043,Cullman,Cullman County,306.7995092030481
01121,Talladega,Talladega County,295.28095585682684
21101,Henderson,Henderson County,142.3932862468749
01087,Macon,Macon County,60.598639053750645
21195,Pike,Pike County,152.25148368606747
01033,Colbert,Colbert County,195.52627761659406
01131,Wilcox,Wilcox County,129.42837437212177
01009,Blount,Blount County,197.3420390766322
21013,Bell,Bell County,74.71082756669378
21135,Lewis,Lewis County,38.51205132026248
22087,St. Bernard,St. Bernard Parish,183.70052487444696
22105,Tangipahoa,Tangipahoa Parish,562.4333300820645
22071,Orleans,Orleans Parish,1495.5622131417704
22029,Concordia,Concordia Parish,72.1173311538166
01025,Clarke,Clarke County,106.47351803396657
22035,East Carroll,East Carroll Parish,27.846776588612407
22115,Vernon,Vernon Parish,189.40146670465734
22123,West Carroll,West Carroll Parish,38.02383908896041
22037,East Feliciana,East Feliciana Parish,78.47818421449908
23027,Waldo,Waldo County,57.8347216847171
01041,Crenshaw,Crenshaw County,43.2327189162381
01065,Hale,Hale County,55.21216454586585
23025,Somerset,Somerset County,167.9661922397174
24037,St. Mary's,St. Mary's County,232.65707974336453
24039,Somerset,Somerset County,54.612012401126655
24021,Frederick,Frederick County,489.99290358326397
24035,Queen Anne's,Queen Anne's County,110.14057881970383
24029,Kent,Kent County,41.7756415602221
25007,Dukes,Dukes County,36.96077821315632
25017,Middlesex,Middlesex County,2837.551843171008
26109,Menominee,Menominee County,42.87464582598895
26141,Presque Isle,Presque Isle County,25.034460567570353
27031,Cook,Cook County,11.61660520778431
27167,Wilkin,Wilkin County,12.874018867800796
27137,St. Louis,St. Louis County,412.9486332098499
27077,Lake of the Woods,Lake of the Woods County,7.783869134572105
27119,Polk,Polk County,75.25829915302535
27089,Marshall,Marshall County,18.150093995624424
27107,Norman,Norman County,12.982833391189024
28001,Adams,Adams County,92.45233254990605
28151,Washington,Washington County,134.87056988398166
28087,Lowndes,Lowndes County,269.6733945848299
28149,Warren,Warren County,183.85528456663246
28021,Claiborne,Claiborne County,27.703687898113422
28103,Noxubee,Noxubee County,32.938919025310824
28143,Tunica,Tunica County,29.69123718840245
29143,New Madrid,New Madrid County,38.794521689851386
29031,Cape Girardeau,Cape Girardeau County,206.30928120374998
29189,St. Louis,St. Louis County,2463.5706989058435
29171,Putnam,Putnam County,11.799924667373869
29023,Butler,Butler County,109.80515114921847
29037,Cass,Cass County,302.11890525445125
30003,Big Horn,Big Horn County,28.058431223494484
30081,Ravalli,Ravalli County,109.09992173936402
30071,Phillips,Phillips County,9.82802036679569
30005,Blaine,Blaine County,15.747245967660259
30085,Roosevelt,Roosevelt County,21.614220556222534
30083,Richland,Richland County,24.66032966334776
31169,Thayer,Thayer County,18.162816379440816
32033,White Pine,White Pine County,24.41365564224697
33015,Rockingham,Rockingham County,539.8807373748182
33017,Strafford,Strafford County,204.92294792917232
34009,Cape May,Cape May County,194.74057912763215
34023,Middlesex,Middlesex County,1692.764247654855
34007,Camden,Camden County,995.0039281521528
35045,San Juan,San Juan County,278.40693046127126
35055,Taos,Taos County,90.29604584743328
36103,Suffolk,Suffolk County,3090.780375778338
36047,Kings,Kings County,4030.087944955286
36105,Sullivan,Sullivan County,109.16002292705957
13123,Gilmer,Gilmer County,84.72449337122931
13305,Wayne,Wayne County,177.06319399518006
13189,McDuffie,McDuffie County,57.89142129990298
13029,Bryan,Bryan County,128.5181364971737
13025,Brantley,Brantley County,47.16112959550138
13279,Toombs,Toombs County,69.54068072866683
13107,Emanuel,Emanuel County,59.639556577138094
13317,Wilkes,Wilkes County,24.873167020402786
13133,Greene,Greene County,53.23808445092733
13263,Talbot,Talbot County,14.649677726573053
13205,Mitchell,Mitchell County,54.361390223889764
13283,Treutlen,Treutlen County,16.295044194330657
13197,Marion,Marion County,19.120829105906186
13079,Crawford,Crawford County,31.465375376259644
13007,Baker,Baker County,7.06809886753632
16037,Custer,Custer County,11.394055669413424
16015,Boise,Boise County,24.068399921200744
18145,Shelby,Shelby County,128.59695595819994
18053,Grant,Grant County,160.62670314551377
18175,Washington,Washington County,76.15108968172572
18159,Tipton,Tipton County,41.1459806728965
19069,Franklin,Franklin County,27.07597145044351
19073,Greene,Greene County,27.688049925705823
19027,Carroll,Carroll County,56.26939619471921
19117,Lucas,Lucas County,30.08416583616455
20113,McPherson,McPherson County,93.58944377466771
20145,Pawnee,Pawnee County,17.900501600086702
20161,Riley,Riley County,222.0552843624235
21179,Nelson,Nelson County,144.86498037861466
21085,Grayson,Grayson County,85.19231950810455
21033,Caldwell,Caldwell County,40.438514267007285
21175,Morgan,Morgan County,43.29385575739918
21155,Marion,Marion County,59.94911125113162
21209,Scott,Scott County,191.55722277760088
21079,Garrard,Garrard County,53.74532255948653
21177,Muhlenberg,Muhlenberg County,97.9973945660678
21031,Butler,Butler County,39.33235304658304
21107,Hopkins,Hopkins County,144.71776207665255
21121,Knox,Knox County,91.42495424431013
21187,Owen,Owen County,34.018856921557955
21071,Floyd,Floyd County,94.88831036564406
21181,Nicholas,Nicholas County,23.272997819746976
21011,Bath,Bath County,39.78946421088962
21205,Rowan,Rowan County,71.79602318320926
21099,Hart,Hart County,60.185911324150155
21153,Magoffin,Magoffin County,31.97926236336151
21197,Powell,Powell County,41.12612930893473
21063,Elliott,Elliott County,22.758717684630028
22059,LaSalle,LaSalle Parish,60.3077746438085
22039,Evangeline,Evangeline Parish,130.9469335987582
22015,Bossier,Bossier Parish,594.2142090829406
22041,Franklin,Franklin Parish,78.656428971723
22045,Iberia,Iberia Parish,278.9280355095914
22081,Red River,Red River Parish,39.25302946858291
22043,Grant,Grant Parish,89.60883337915185
22067,Morehouse,Morehouse Parish,97.66723734606607
22021,Caldwell,Caldwell Parish,38.28143913733248
23021,Piscataquis,Piscataquis County,24.88923342474222
51093,Isle of Wight,Isle of Wight County,159.43415905542383
51005,Alleghany,Alleghany County,185.8417509350074
51153,Prince William,Prince William County,1428.2766133739676
51193,Westmoreland,Westmoreland County,54.914054268907265
51133,Northumberland,Northumberland County,35.675748414465424
51103,Lancaster,Lancaster County,32.12183395935742
51143,Pittsylvania,Pittsylvania County,159.52633068242451
51059,Fairfax,Fairfax County,3306.4980137927264
53055,San Juan,San Juan County,39.46655713976239
53035,Kitsap,Kitsap County,594.3293404713464
53011,Clark,Clark County,1107.8609126406498
53045,Mason,Mason County,146.8290010136054
53053,Pierce,Pierce County,2028.3664966912254
53075,Whitman,Whitman County,101.57861965826926
53019,Ferry,Ferry County,15.858568628652561
54099,Wayne,Wayne County,117.95617449656159
54059,Mingo,Mingo County,68.9329471962041
54063,Monroe,Monroe County,38.97030829769318
54103,Wetzel,Wetzel County,43.876953558484416
54107,Wood,Wood County,270.84502704402416
54095,Tyler,Tyler County,25.848543685341642
17189,Washington,Washington County,29.767461137250155
54023,Grant,Grant County,35.63065430262194
55023,Crawford,Crawford County,33.03485508197882
17039,De Witt,De Witt County,33.87873036468007
06107,Tulare,Tulare County,706.9417808423469
56033,Sheridan,Sheridan County,151.4997009744079
56041,Uinta,Uinta County,100.6804976297712
05129,Searcy,Searcy County,25.190454560970124
05103,Ouachita,Ouachita County,67.63233004597146
05145,White,White County,243.5734643707312
05011,Bradley,Bradley County,31.486456413265376
05019,Clark,Clark County,66.10601363670641
06067,Sacramento,Sacramento County,2658.1760587001495
06069,San Benito,San Benito County,83.71128227299926
06005,Amador,Amador County,56.713081759596285
06101,Sutter,Sutter County,138.93899850724526
06113,Yolo,Yolo County,272.7631197953541
06011,Colusa,Colusa County,30.225142329259164
06063,Plumas,Plumas County,36.45009590024124
08005,Arapahoe,Arapahoe County,1231.249168143662
08013,Boulder,Boulder County,612.2586253855061
08037,Eagle,Eagle County,115.21348746078975
08053,Hinsdale,Hinsdale County,1.7048771611398146
12023,Columbia,Columbia County,167.05505386039493
12055,Highlands,Highlands County,278.09430029575424
12097,Osceola,Osceola County,1094.1087579684622
12013,Calhoun,Calhoun County,31.399435136495573
12077,Liberty,Liberty County,18.53230431924724
12125,Union,Union County,34.22833333532645
13153,Houston,Houston County,443.0264557237058
13121,Fulton,Fulton County,2768.473400576293
13019,Berrien,Berrien County,47.829327046761605
13181,Lincoln,Lincoln County,20.456079492886342
13261,Sumter,Sumter County,74.31363949634166
13009,Baldwin,Baldwin County,111.29919499581526
45015,Berkeley,Berkeley County,767.395780293734
45075,Orangeburg,Orangeburg County,249.0700675323124
45079,Richland,Richland County,1454.16966074564
45027,Clarendon,Clarendon County,91.12093557888466
45067,Marion,Marion County,84.16172736181328
45031,Darlington,Darlington County,198.88597463687742
45087,Union,Union County,81.12202442569901
45061,Lee,Lee County,46.755971459115706
45017,Calhoun,Calhoun County,42.357113299618156
46111,Sanborn,Sanborn County,5.098362304394107
46055,Haakon,Haakon County,3.9662386513975147
46075,Jones,Jones County,1.8320329820548167
46071,Jackson,Jackson County,5.899488520527653
46041,Dewey,Dewey County,11.15951122442198
47127,Moore,Moore County,18.916249561585843
47107,McMinn,McMinn County,156.10439027862228
47149,Rutherford,Rutherford County,1036.6093986768333
47035,Cumberland,Cumberland County,181.51963442653397
47031,Coffee,Coffee County,169.9647457628169
47045,Dyer,Dyer County,102.39507147775406
47005,Benton,Benton County,45.15659895832637
47105,Loudon,Loudon County,251.2426380140979
47041,DeKalb,DeKalb County,59.492648758737246
47081,Hickman,Hickman County,72.41491813354644
47003,Bedford,Bedford County,148.712372579562
47029,Cocke,Cocke County,99.91435351655038
47135,Perry,Perry County,24.929943559090116
47121,Meigs,Meigs County,38.386275138147354
48453,Travis,Travis County,4420.881656579129
48339,Montgomery,Montgomery County,2270.916180443392
48187,Guadalupe,Guadalupe County,613.426760098121
48423,Smith,Smith County,861.6376811161249
48475,Ward,Ward County,24.328807318677985
48103,Crane,Crane County,10.178614356264656
48437,Swisher,Swisher County,19.52348923162616
48223,Hopkins,Hopkins County,134.61716206292533
48015,Austin,Austin County,104.0369466963961
48059,Callahan,Callahan County,50.53116869828419
48073,Cherokee,Cherokee County,180.76588592530058
48499,Wood,Wood County,166.09213171387194
48333,Mills,Mills County,16.30250817743513
48083,Coleman,Coleman County,27.645807591617732
48317,Martin,Martin County,11.356694115702968
48051,Burleson,Burleson County,60.789056448978364
48469,Victoria,Victoria County,360.9278468656956
48399,Runnels,Runnels County,32.85155490377904
48379,Rains,Rains County,45.21343753944429
48065,Carson,Carson County,20.722018705003926
48047,Brooks,Brooks County,21.472621322070726
48243,Jeff Davis,Jeff Davis County,4.226620085765042
49035,Salt Lake,Salt Lake County,2174.995638468121
26137,Otsego,Otsego County,48.24272265714462
26129,Ogemaw,Ogemaw County,39.502895030481376
27145,Stearns,Stearns County,331.5585441233896
27127,Redwood,Redwood County,31.513602883390952
27113,Pennington,Pennington County,28.242012725794787
28029,Copiah,Copiah County,88.93969507235313
28083,Leflore,Leflore County,84.80245137264484
28137,Tate,Tate County,91.42989409028908
28121,Rankin,Rankin County,516.9477956691857
28051,Holmes,Holmes County,50.73097075839271
28079,Leake,Leake County,70.03285892388243
28111,Perry,Perry County,125.15636552856604
29029,Camden,Camden County,111.96489393114321
29159,Pettis,Pettis County,111.86360124982627
29025,Caldwell,Caldwell County,22.493691115552817
30093,Silver Bow,Silver Bow County,82.9926381904599
30019,Daniels,Daniels County,3.4360401411168318
31069,Garden,Garden County,5.681091186519074
31159,Seward,Seward County,66.44845940557245
31103,Keya Paha,Keya Paha County,3.04189354729981
31115,Loup,Loup County,2.239877156296597
32001,Churchill,Churchill County,74.04039932495499
32015,Lander,Lander County,16.526227889315376
34035,Somerset,Somerset County,665.4292373073313
35043,Sandoval,Sandoval County,413.1933936626665
35051,Sierra,Sierra County,35.099277308417854
36077,Otsego,Otsego County,80.54034151814992
36053,Madison,Madison County,90.73730051340257
36017,Chenango,Chenango County,62.254195371934884
37023,Burke,Burke County,220.1100969320785
37101,Johnston,Johnston County,624.0490209325167
37093,Hoke,Hoke County,140.40771028320012
37125,Moore,Moore County,275.00301674734055
37127,Nash,Nash County,248.13519682936555
37087,Haywood,Haywood County,171.4093874006831
37021,Buncombe,Buncombe County,659.3493766079275
37163,Sampson,Sampson County,155.1046605766022
37177,Tyrrell,Tyrrell County,8.169055837831166
38055,McLean,McLean County,54.07975862146911
38005,Benson,Benson County,31.600158339016627
38091,Steele,Steele County,9.801636448747871
39033,Crawford,Crawford County,88.76802855366778
40117,Pawnee,Pawnee County,56.58968913060729
40125,Pottawatomie,Pottawatomie County,263.31811609192005
40087,McClain,McClain County,144.36608924563842
40137,Stephens,Stephens County,136.70970424323403
40011,Blaine,Blaine County,26.902076427353748
41005,Clackamas,Clackamas County,1162.685465782023
41061,Union,Union County,66.06913916854542
13265,Taliaferro,Taliaferro County,4.184226226923876
42091,Montgomery,Montgomery County,2101.8503696598987
42043,Dauphin,Dauphin County,553.9606911407801
42097,Northumberland,Northumberland County,170.8969441922366
01101,Montgomery,Montgomery County,743.3719523932499
21003,Allen,Allen County,69.25895289095197
01001,Autauga,Autauga County,321.07785579793466
21133,Letcher,Letcher County,55.57908878322406
21035,Calloway,Calloway County,122.66161654540545
22109,Terrebonne,Terrebonne Parish,422.6782887280552
22085,Sabine,Sabine Parish,89.25566932821532
23031,York,York County,311.12566744595495
24009,Calvert,Calvert County,192.80563036725096
24043,Washington,Washington County,262.89370694493334
25023,Plymouth,Plymouth County,978.6318143297063
25011,Franklin,Franklin County,123.94565198388476
26089,Leelanau,Leelanau County,43.28865022739257
26083,Keweenaw,Keweenaw County,4.072720435408978
26047,Emmet,Emmet County,64.14936539285965
26099,Macomb,Macomb County,1637.724223971254
27069,Kittson,Kittson County,8.361239797278305
28009,Benton,Benton County,24.7142848158763
29087,Holt,Holt County,11.578983446742734
29157,Perry,Perry County,48.692131421252256
30009,Carbon,Carbon County,25.261436358374745
31061,Franklin,Franklin County,10.627696758421035
34011,Cumberland,Cumberland County,313.09598144975917
34025,Monmouth,Monmouth County,1349.1304316630428
34021,Mercer,Mercer County,738.3042154309888
35039,Rio Arriba,Rio Arriba County,95.4522623833216
36061,New York,New York County,2508.6761658124015
36081,Queens,Queens County,3583.603258359093
36009,Cattaraugus,Cattaraugus County,95.62735516259521
36115,Washington,Washington County,86.99610385041827
36031,Essex,Essex County,66.95505170755214
37039,Cherokee,Cherokee County,73.44444655666106
37091,Hertford,Hertford County,46.61077790736319
37121,Mitchell,Mitchell County,39.17900897890256
38105,Williams,Williams County,214.9292469552518
39039,Defiance,Defiance County,84.91305240034478
39035,Cuyahoga,Cuyahoga County,2853.5976059596483
40095,Marshall,Marshall County,49.26810630603851
42049,Erie,Erie County,505.91748606301223
44005,Newport,Newport County,130.12935276668352
45029,Colleton,Colleton County,119.3112385766913
45073,Oconee,Oconee County,249.5323127898761
47111,Macon,Macon County,75.10156894375507
47183,Weakley,Weakley County,92.82599403725055
48007,Aransas,Aransas County,76.76871345521087
48409,San Patricio,San Patricio County,235.86605794772188
48141,El Paso,El Paso County,3693.101386818566
48321,Matagorda,Matagorda County,116.37475319986221
48377,Presidio,Presidio County,13.238357667507124
49019,Grand,Grand County,19.937830020926697
49005,Cache,Cache County,255.90632682994718
50009,Essex,Essex County,10.692329532610541
51185,Tazewell,Tazewell County,102.60427988963383
51195,Wise,Wise County,92.28255103352313
51027,Buchanan,Buchanan County,50.06351205824191
53009,Clallam,Clallam County,171.81505570712457
53047,Okanogan,Okanogan County,97.96249103456219
17043,DuPage,DuPage County,2409.3243546175913
17049,Effingham,Effingham County,75.742528513301
55029,Door,Door County,68.23966628475516
06099,Stanislaus,Stanislaus County,930.6807074630641
56045,Weston,Weston County,33.26608858558998
05069,Jefferson,Jefferson County,259.52892893048096
05057,Hempstead,Hempstead County,67.48599811402974
05025,Cleveland,Cleveland County,22.88603141446522
05147,Woodruff,Woodruff County,19.003541697898783
06105,Trinity,Trinity County,25.583596245757693
08059,Jefferson,Jefferson County,1117.3980753888113
08117,Summit,Summit County,55.858215058105
08109,Saguache,Saguache County,12.963216131551084
08065,Lake,Lake County,14.20132485570779
08027,Custer,Custer County,11.974737762501029
12069,Lake,Lake County,1082.0895041871427
12083,Marion,Marion County,1014.3502410543038
49015,Emery,Emery County,19.16178517466976
51179,Stafford,Stafford County,487.5264555702926
51031,Campbell,Campbell County,147.78865702214495
51139,Page,Page County,64.9154916507135
51127,New Kent,New Kent County,75.371762493954
51111,Lunenburg,Lunenburg County,34.64644603153612
51161,Roanoke,Roanoke County,254.98020398718393
51007,Amelia,Amelia County,38.79665164521573
51167,Russell,Russell County,66.83197308535746
51047,Culpeper,Culpeper County,158.69682142311567
51159,Richmond,Richmond County,26.73654233562189
51053,Dinwiddie,Dinwiddie County,82.39233878450388
51097,King and Queen,King and Queen County,19.41119901635419
51610,Falls Church,Falls Church city,42.92649850109514
51113,Madison,Madison County,38.76302247463088
51580,Covington,Covington city,16.04051130617867
53037,Kittitas,Kittitas County,97.64207859015013
53007,Chelan,Chelan County,225.35421888947732
54085,Ritchie,Ritchie County,26.662472158295316
54019,Fayette,Fayette County,122.2827954384164
54083,Randolph,Randolph County,89.23998472009332
54093,Tucker,Tucker County,21.553924621165837
54007,Braxton,Braxton County,39.71427829544373
54021,Gilmer,Gilmer County,23.66814547581429
55057,Juneau,Juneau County,59.65686525044482
55107,Rusk,Rusk County,29.317966343751554
56013,Fremont,Fremont County,204.14609147568993
56003,Big Horn,Big Horn County,58.27497215311771
56025,Natrona,Natrona County,387.8977586086907
01097,Mobile,Mobile County,1438.6399875355812
01129,Washington,Washington County,49.560265817556086
01107,Pickens,Pickens County,61.66263182759007
01073,Jefferson,Jefferson County,2188.9588495253324
04015,Mohave,Mohave County,597.7868150085525
05073,Lafayette,Lafayette County,18.915883955428598
06071,San Bernardino,San Bernardino County,3371.634889026397
06001,Alameda,Alameda County,2050.837841748648
06051,Mono,Mono County,24.871437135251913
09180,Southeastern Connecticut,Southeastern Connecticut Planning Region,538.3838914206398
12127,Volusia,Volusia County,1375.6972624081666
12031,Duval,Duval County,2437.302371571397
13245,Richmond,Richmond County,620.1066816710168
13213,Murray,Murray County,105.92274969310452
16087,Washington,Washington County,27.984884151238504
04025,Yavapai,Yavapai County,737.0443556854653
17003,Alexander,Alexander County,10.420942422410919
18147,Spencer,Spencer County,53.82926259695126
18083,Knox,Knox County,97.37575361560503
19051,Davis,Davis County,31.597563879977425
18051,Gibson,Gibson County,88.90058934766891
51067,Franklin,Franklin County,145.86838777004257
51149,Prince George,Prince George County,123.9992131011043
51061,Fauquier,Fauquier County,216.75281928473495
51017,Bath,Bath County,11.66396982501965
51033,Caroline,Caroline County,94.67788817982091
54033,Harrison,Harrison County,210.85308080620084
54067,Nicholas,Nicholas County,77.16042565668202
54017,Doddridge,Doddridge County,25.05544851070228
54013,Calhoun,Calhoun County,19.46361629097587
56035,Sublette,Sublette County,41.736728407417004
48269,King,King County,0.6940482625755868
12053,Hernando,Hernando County,522.6018270534399
12047,Hamilton,Hamilton County,53.24857876654709
13251,Screven,Screven County,36.28156501553262
13313,Whitfield,Whitfield County,268.0440870428555
16007,Bear Lake,Bear Lake County,16.414874446749298
16049,Idaho,Idaho County,42.11029733009984
05003,Ashley,Ashley County,58.287701765974916
06053,Monterey,Monterey County,545.4603609673513
06027,Inyo,Inyo County,33.97684322445286
06085,Santa Clara,Santa Clara County,2382.516001035444
06023,Humboldt,Humboldt County,170.43173745992246
08023,Costilla,Costilla County,7.4644083851216525
08057,Jackson,Jackson County,2.1112236998442224
08033,Dolores,Dolores County,4.401985468348843
37055,Dare,Dare County,93.48204540641142
37015,Bertie,Bertie County,42.65365208815921
39095,Lucas,Lucas County,996.7256295037757
39125,Paulding,Paulding County,44.20648968017188
42125,Washington,Washington County,405.9082349936117
42045,Delaware,Delaware County,1450.0151404751173
42127,Wayne,Wayne County,96.42588695274296
42095,Northampton,Northampton County,621.5499246386214
45053,Jasper,Jasper County,101.19288060316268
45065,McCormick,McCormick County,30.839585435332875
46023,Charles Mix,Charles Mix County,19.799125746804464
47157,Shelby,Shelby County,2552.4569857374927
48245,Jefferson,Jefferson County,1677.1004953011457
48067,Cass,Cass County,191.10744474999484
49025,Kane,Kane County,15.454604362841975
49003,Box Elder,Box Elder County,109.56336241192369
51141,Patrick,Patrick County,45.91578644195717
18167,Vigo,Vigo County,286.66963830416313
13001,Appling,Appling County,47.469376100622455
13113,Fayette,Fayette County,316.3695465762756
13021,Bibb,Bibb County,477.5425147413645
13219,Oconee,Oconee County,113.08173730850723
13311,White,White County,74.48215261288799
13027,Brooks,Brooks County,41.839455819533136
13183,Long,Long County,50.12602717945782
13141,Hancock,Hancock County,22.311222810424425
16005,Bannock,Bannock County,230.10890556948075
16061,Lewis,Lewis County,9.033325804960942
17129,Menard,Menard County,26.29942989269391
17175,Stark,Stark County,11.496185238514457
19025,Calhoun,Calhoun County,26.78439828665429
19125,Marion,Marion County,113.65908232670328
20001,Allen,Allen County,38.68041949858687
20135,Ness,Ness County,7.3106578935152395
21151,Madison,Madison County,302.0879372577923
21029,Bullitt,Bullitt County,255.8470213260359
21217,Taylor,Taylor County,82.64447264247995
21025,Breathitt,Breathitt County,35.76393549262698
21097,Harrison,Harrison County,58.28728213286558
21017,Bourbon,Bourbon County,63.547886598745805
21109,Jackson,Jackson County,41.54651271274889
21165,Menifee,Menifee County,19.92896248095851
22009,Avoyelles,Avoyelles Parish,157.90857417315917
22005,Ascension,Ascension Parish,855.4579817700868
22127,Winn,Winn Parish,53.973213405561914
23007,Franklin,Franklin County,46.611725305426376
25015,Hampshire,Hampshire County,266.2125998638112
26119,Montmorency,Montmorency County,18.18276155961611
27053,Hennepin,Hennepin County,2630.334821494425
27165,Watonwan,Watonwan County,25.42424027518754
28163,Yazoo,Yazoo County,113.61487399681377
28089,Madison,Madison County,361.6992226082634
29019,Boone,Boone County,514.1543229020313
29063,DeKalb,DeKalb County,24.959239490589212
29195,Saline,Saline County,62.932980210707264
30055,McCone,McCone County,3.8116723124556113
30047,Lake,Lake County,76.12117978518336
30013,Cascade,Cascade County,194.03818214528488
30015,Chouteau,Chouteau County,13.352446533715428
30069,Petroleum,Petroleum County,1.5526539193707682
31183,Wheeler,Wheeler County,2.91898180769907
35021,Harding,Harding County,1.633542500206257
36067,Onondaga,Onondaga County,634.1090474462112
37057,Davidson,Davidson County,436.55257046897
37141,Pender,Pender County,175.9697403505187
37167,Stanly,Stanly County,163.31169428825456
37123,Montgomery,Montgomery County,67.29733256959041
37017,Bladen,Bladen County,76.97342737369156
37111,McDowell,McDowell County,106.57378865021006
38059,Morton,Morton County,192.76618124819237
39021,Champaign,Champaign County,92.04059258260953
41023,Grant,Grant County,18.65731586567613
41013,Crook,Crook County,70.25149786285992
42089,Monroe,Monroe County,320.3520518122522
42031,Clarion,Clarion County,69.90975478288487
42005,Armstrong,Armstrong County,123.5476687770818
42067,Juniata,Juniata County,43.63820063426523
45041,Florence,Florence County,491.4244174102536
45071,Newberry,Newberry County,115.81149586365989
45009,Bamberg,Bamberg County,38.821645999362644
45005,Allendale,Allendale County,22.145489283813134
47185,White,White County,80.41807632505594
47145,Roane,Roane County,157.2635249902269
47089,Jefferson,Jefferson County,162.11079347316198
47057,Grainger,Grainger County,69.17171254287888
48395,Robertson,Robertson County,54.72749613520903
48225,Houston,Houston County,76.40660143676837
48373,Polk,Polk County,170.75840232560338
48491,Williamson,Williamson County,2527.4774298431435
48411,San Saba,San Saba County,20.950525668154015
48503,Young,Young County,66.76062895429747
48419,Shelby,Shelby County,77.88148216056219
48457,Tyler,Tyler County,64.22933733953768
48241,Jasper,Jasper County,185.68661816403096
48089,Colorado,Colorado County,68.87473866462962
48025,Bee,Bee County,94.74913267546532
48313,Madison,Madison County,43.93483439971157
48109,Culberson,Culberson County,4.810810018844906
48327,Menard,Menard County,6.451976812575303
49055,Wayne,Wayne County,4.340853503503041
51157,Rappahannock,Rappahannock County,20.338815666856295
51177,Spotsylvania,Spotsylvania County,432.339720256299
05095,Monroe,Monroe County,20.741678000923837
08043,Fremont,Fremont County,100.00397719000063
08015,Chaffee,Chaffee County,41.913416916690394
08051,Gunnison,Gunnison County,31.712687266232017
12117,Seminole,Seminole County,1153.667920869066
12121,Suwannee,Suwannee County,106.57364838895359
13229,Pierce,Pierce County,52.30773452342684
13033,Burke,Burke County,62.677735895822714
46117,Stanley,Stanley County,6.520422245223506
47053,Gibson,Gibson County,143.18557695431238
47159,Smith,Smith County,57.56865263090248
47143,Rhea,Rhea County,95.09524877293686
47063,Hamblen,Hamblen County,185.63267270968453
47117,Marshall,Marshall County,103.64926667923302
48401,Rusk,Rusk County,175.38227477735308
48041,Brazos,Brazos County,789.1321776990152
48119,Delta,Delta County,18.915156938066584
48219,Hockley,Hockley County,60.25412363305781
48407,San Jacinto,San Jacinto County,91.04932117348808
48467,Van Zandt,Van Zandt County,223.95352917756554
48161,Freestone,Freestone County,70.239561178898
48405,San Augustine,San Augustine County,24.873688948701425
48345,Motley,Motley County,3.120456929176219
49049,Utah,Utah County,1284.1182498435944
27129,Renville,Renville County,34.9857516562477
27021,Cass,Cass County,64.7597584617067
27103,Nicollet,Nicollet County,70.5921494490236
28049,Hinds,Hinds County,690.8437990276307
28007,Attala,Attala County,56.166272462612945
28013,Calhoun,Calhoun County,42.1665005873179
29085,Hickory,Hickory County,23.42640048901209
30087,Rosebud,Rosebud County,20.62450325098107
30033,Garfield,Garfield County,3.2710145780585167
31155,Saunders,Saunders County,87.70972020816514
32011,Eureka,Eureka County,5.48643092010959
36043,Herkimer,Herkimer County,80.62824810337597
38071,Ramsey,Ramsey County,63.53503012931866
39079,Jackson,Jackson County,70.11415065279176
40145,Wagoner,Wagoner County,306.4596112310378
40043,Dewey,Dewey County,13.259288600613363
41043,Linn,Linn County,338.60444891114497
42071,Lancaster,Lancaster County,1366.88630567999
42033,Clearfield,Clearfield County,145.83429114425184
42113,Sullivan,Sullivan County,11.072292534321926
51036,Charles City,Charles City County,19.066255017939362
51029,Buckingham,Buckingham County,47.817764974237825
53043,Lincoln,Lincoln County,24.807953412776786
54081,Raleigh,Raleigh County,226.67855072052018
54039,Kanawha,Kanawha County,547.1675364738568
54087,Roane,Roane County,43.818687736022724
55001,Adams,Adams County,48.09213956648093
01023,Choctaw,Choctaw County,123.96507489029474
06091,Sierra,Sierra County,5.464582226750984
09170,South Central Connecticut,South Central Connecticut Planning Region,997.6376555289723
16031,Cassia,Cassia County,62.90691168187459
01047,Dallas,Dallas County,215.11690313929915
21127,Lawrence,Lawrence County,43.75000897856142
22111,Union,Union Parish,84.13035156494949
24001,Allegany,Allegany County,116.15314737760916
26029,Charlevoix,Charlevoix County,49.178234190479124
29201,Scott,Scott County,95.33378489516151
35017,Grant,Grant County,85.72689572518954
38085,Sioux,Sioux County,20.03800877805993
40147,Washington,Washington County,196.17714995193123
45083,Spartanburg,Spartanburg County,1100.0931969126902
48427,Starr,Starr County,198.58181935565491
48361,Orange,Orange County,397.8689553178462
19111,Lee,Lee County,146.38387880819167
01109,Pike,Pike County,109.32453297575724
21139,Livingston,Livingston County,28.623801559739395
21027,Breckinridge,Breckinridge County,63.83448147285609
21159,Martin,Martin County,29.840054130500064
21235,Whitley,Whitley County,112.0212445217645
21055,Crittenden,Crittenden County,29.082779173386477
22125,West Feliciana,West Feliciana Parish,86.29201142184398
24019,Dorchester,Dorchester County,71.30910229151094
24023,Garrett,Garrett County,49.05621697775795
24033,Prince George's,Prince George's County,1932.7351017974102
24011,Caroline,Caroline County,71.73821347534299
26115,Monroe,Monroe County,290.6276920564258
27043,Faribault,Faribault County,31.86280226151376
28055,Issaquena,Issaquena County,4.037315600006306
29013,Bates,Bates County,43.946502724447086
29095,Jackson,Jackson County,2085.421086127653
29197,Schuyler,Schuyler County,10.146903512977147
30061,Mineral,Mineral County,11.623674085844064
34033,Salem,Salem County,132.47610255392865
34041,Warren,Warren County,355.3892922746813
34003,Bergen,Bergen County,1810.0814325363167
34031,Passaic,Passaic County,968.3415247634135
35007,Colfax,Colfax County,33.68542052173595
36119,Westchester,Westchester County,1702.1120645586361
36075,Oswego,Oswego County,181.59375951425417
13237,Putnam,Putnam County,59.44183472006981
13319,Wilkinson,Wilkinson County,22.493408719510935
13209,Montgomery,Montgomery County,22.772759100453133
16039,Elmore,Elmore County,92.37408368471961
19107,Keokuk,Keokuk County,33.68908307873017
20149,Pottawatomie,Pottawatomie County,82.57874625960353
20163,Rooks,Rooks County,13.3967152377131
21119,Knott,Knott County,37.28366043912386
21005,Anderson,Anderson County,74.71760597480754
21125,Laurel,Laurel County,192.90815661289614
21007,Ballard,Ballard County,24.662237354466587
22013,Bienville,Bienville Parish,50.4647326664094
22101,St. Mary,St. Mary Parish,201.50546189677132
22055,Lafayette,Lafayette Parish,1017.1575161453194
22063,Livingston,Livingston Parish,613.9932899869921
22077,Pointe Coupee,Pointe Coupee Parish,81.40316644330169
22091,St. Helena,St. Helena Parish,44.03861309838372
53057,Skagit,Skagit County,292.1513314849482
53031,Jefferson,Jefferson County,78.81884222725817
53049,Pacific,Pacific County,51.48068740184193
53033,King,King County,4898.125337509575
53061,Snohomish,Snohomish County,1811.2728176830299
54071,Pendleton,Pendleton County,19.665513055086326
55051,Iron,Iron County,12.901368956936617
06039,Madera,Madera County,217.1316460099763
06077,San Joaquin,San Joaquin County,1036.1069412773581
06019,Fresno,Fresno County,1295.9723852488282
05001,Arkansas,Arkansas County,51.08025806998122
05067,Jackson,Jackson County,52.45188327850236
05029,Conway,Conway County,66.14747205978718
05075,Lawrence,Lawrence County,52.09675449506627
22113,Vermilion,Vermilion Parish,232.29783926075044
24045,Wicomico,Wicomico County,220.09742530671804
26033,Chippewa,Chippewa County,67.7987876956674
27075,Lake,Lake County,22.354637434312146
30053,Lincoln,Lincoln County,55.60881093050868
37047,Columbus,Columbus County,214.99851080606265
38077,Richland,Richland County,98.50033418403962
45019,Charleston,Charleston County,1359.9465913366844
47147,Robertson,Robertson County,215.19914891238747
48201,Harris,Harris County,17775.734012640365
48403,Sabine,Sabine County,31.8551538067909
51099,King George,King George County,82.67461900794629
54057,Mineral,Mineral County,87.66242054499521
05109,Pike,Pike County,32.649628283922624
12049,Hardee,Hardee County,65.27521905637566
17187,Warren,Warren County,35.59661546060446
22097,St. Landry,St. Landry Parish,333.09467321987364
30063,Missoula,Missoula County,278.6747078974238
30051,Liberty,Liberty County,4.5057952735590865
38037,Grant,Grant County,12.183687329123607
39101,Marion,Marion County,152.03904582552337
45035,Dorchester,Dorchester County,525.5937329062427
47173,Union,Union County,58.13727489080412
48349,Navarro,Navarro County,194.0315604824986
48069,Castro,Castro County,20.292035965524857
51041,Chesterfield,Chesterfield County,1121.7136591306596
31091,Hooker,Hooker County,2.3586663186867565
16003,Adams,Adams County,14.963167223093857
01049,DeKalb,DeKalb County,243.09779385838857
06111,Ventura,Ventura County,1297.122225878215
06093,Siskiyou,Siskiyou County,58.91749747152848
09130,Lower Connecticut River Valley,Lower Connecticut River Valley Planning Region,309.2240370432697
37075,Graham,Graham County,20.10470072243204
38097,Traill,Traill County,58.05518007718989
40013,Bryan,Bryan County,181.26481374714987
41019,Douglas,Douglas County,303.62292711198177
44009,Washington,Washington County,267.54914845936867
47165,Sumner,Sumner County,583.0263914923249
48273,Kleberg,Kleberg County,91.21249992659723
51119,Middlesex,Middlesex County,31.57663445636583
01115,St. Clair,St. Clair County,315.1974969866429
20033,Comanche,Comanche County,4.666146036162691
22107,Tensas,Tensas Parish,15.394139253360708
24031,Montgomery,Montgomery County,2096.6690733503906
26013,Baraga,Baraga County,15.50183736638808
27163,Washington,Washington County,576.19637028448
28109,Pearl River,Pearl River County,186.51708563466514
32031,Washoe,Washoe County,1305.7624872630547
34019,Hunterdon,Hunterdon County,267.26985982035933
36071,Orange,Orange County,665.0364472482885
51165,Rockingham,Rockingham County,254.62037231863357
08093,Park,Park County,39.6012177905764
12105,Polk,Polk County,2147.2628542006532
13217,Newton,Newton County,326.1198756565656
17171,Scott,Scott County,10.360043790200175
21051,Clay,Clay County,59.99574650790253
21131,Leslie,Leslie County,26.951340681164996
22053,Jefferson Davis,Jefferson Davis Parish,128.5261310315076
27139,Scott,Scott County,325.44696865627446
28131,Stone,Stone County,60.32170423749068
30049,Lewis and Clark,Lewis and Clark County,171.21706908054173
30073,Pondera,Pondera County,13.994902134714277
31171,Thomas,Thomas County,2.5597272529370083
36091,Saratoga,Saratoga County,345.41978108542855
37079,Greene,Greene County,52.71561594268985
42099,Perry,Perry County,86.66447279235618
48459,Upshur,Upshur County,150.7647457621355
48381,Randall,Randall County,416.24891719154783
48343,Morris,Morris County,42.863029877630616
48301,Loving,Loving County,0.10378538828609188
51081,Greensville,Greensville County,32.06940641233771
51145,Powhatan,Powhatan County,92.8803360363401
12091,Okaloosa,Okaloosa County,510.1998597783518
16043,Fremont,Fremont County,30.02666741217718
05081,Little River,Little River County,157.83022043716082
06045,Mendocino,Mendocino County,121.90685667575262
37155,Robeson,Robeson County,304.5657378294191
37175,Transylvania,Transylvania County,83.51719255325263
40135,Sequoyah,Sequoyah County,142.30937005400742
41033,Josephine,Josephine County,230.56799995293434
42059,Greene,Greene County,66.29348149590847
45021,Cherokee,Cherokee County,174.00568724011615
47151,Scott,Scott County,62.14234867859446
48261,Kenedy,Kenedy County,1.033288759974142
49043,Summit,Summit County,74.87086913339525
51117,Mecklenburg,Mecklenburg County,88.5254138158408
20023,Cheyenne,Cheyenne County,7.362285706508092
21059,Daviess,Daviess County,334.17074093388555
22119,Webster,Webster Parish,143.7325146600768
24017,Charles,Charles County,348.26669041838034
25025,Suffolk,Suffolk County,1350.556065701389
27073,Lac qui Parle,Lac qui Parle County,13.65038010454604
29099,Jefferson,Jefferson County,574.8298083575954
30029,Flathead,Flathead County,261.59394858996
32003,Clark,Clark County,6569.891326636653
34001,Atlantic,Atlantic County,566.323105334534
36063,Niagara,Niagara County,288.52250605919954
13163,Jefferson,Jefferson County,39.08217226026826
13309,Wheeler,Wheeler County,18.12614043486416
21067,Fayette,Fayette County,1027.3904886002426
21203,Rockcastle,Rockcastle County,49.57752567197824
21123,Larue,Larue County,46.64273294572693
22047,Iberville,Iberville Parish,909.6682317603722
51175,Southampton,Southampton County,51.7658264871212
51069,Frederick,Frederick County,277.11681710898887
53027,Grays Harbor,Grays Harbor County,169.1163656002766
17027,Clinton,Clinton County,80.94970083518966
55003,Ashland,Ashland County,33.300349667569265
05039,Dallas,Dallas County,19.20341553390016
06021,Glenn,Glenn County,44.14116952983282
45059,Laurens,Laurens County,209.88870172690662
46095,Mellette,Mellette County,3.9327573286182167
46073,Jerauld,Jerauld County,3.5282421451331873
47119,Maury,Maury County,310.75713192960353
47129,Morgan,Morgan County,60.46169578420969
47097,Lauderdale,Lauderdale County,68.98136049308616
48035,Bosque,Bosque County,68.30983780675385
48091,Comal,Comal County,631.4277042655958
48239,Jackson,Jackson County,48.5480013485165
48105,Crockett,Crockett County,6.752597239745411
48175,Goliad,Goliad County,22.94780337777075
29027,Callaway,Callaway County,111.6441015858798
30099,Teton,Teton County,14.69471861473242
34013,Essex,Essex County,1565.6969128354224
36065,Oneida,Oneida County,312.19568028180004
37147,Pitt,Pitt County,443.92305572327604
39055,Geauga,Geauga County,218.49413461577856
40101,Muskogee,Muskogee County,318.2520113769697
41003,Benton,Benton County,258.09096071657166
51023,Botetourt,Botetourt County,95.7392618108078
51125,Nelson,Nelson County,39.44910579017098
51101,King William,King William County,153.38178359864847
53005,Benton,Benton County,464.0904971860183
54025,Greenbrier,Greenbrier County,102.97555834159681
01071,Jackson,Jackson County,179.18034582632458
06015,Del Norte,Del Norte County,30.69746997283914
06025,Imperial,Imperial County,350.3592859393857
08083,Montezuma,Montezuma County,46.65425381874317
12089,Nassau,Nassau County,397.0068776603994
21089,Greenup,Greenup County,96.91690260306486
40133,Seminole,Seminole County,84.09502679768096
54043,Lincoln,Lincoln County,61.663840974455965
22057,Lafourche,Lafourche Parish,387.5464940645557
29069,Dunklin,Dunklin County,68.3554738337802
36029,Erie,Erie County,1188.9600391383863
13269,Taylor,Taylor County,19.91379355660973
18183,Whitley,Whitley County,85.02534814568956
08115,Sedgwick,Sedgwick County,4.148115319957987
13191,McIntosh,McIntosh County,29.91616804814717
13241,Rabun,Rabun County,44.74518471078487
24003,Anne Arundel,Anne Arundel County,1227.8700917156957
26003,Alger,Alger County,16.36045805935977
34005,Burlington,Burlington County,890.448442369593
38075,Renville,Renville County,12.535288833195615
47155,Sevier,Sevier County,278.77670277740384
48391,Refugio,Refugio County,20.956982688312525
51181,Surry,Surry County,18.982648547779103
53015,Cowlitz,Cowlitz County,301.36426448836403
08101,Pueblo,Pueblo County,327.8085948424414
16013,Blaine,Blaine County,63.469761070739565
16025,Camas,Camas County,3.5259356094729495
20047,Edwards,Edwards County,7.741109713072766
21049,Clark,Clark County,117.22810234247798
22103,St. Tammany,St. Tammany Parish,1125.3934137106787
29207,Stoddard,Stoddard County,72.17953781931328
30045,Judith Basin,Judith Basin County,5.0504696001152425
37161,Rutherford,Rutherford County,155.6565799319146
37083,Halifax,Halifax County,154.9773660614114
42023,Cameron,Cameron County,8.46999865781038
45049,Hampton,Hampton County,54.06834204959128
47189,Wilson,Wilson County,458.8389377162779
48029,Bexar,Bexar County,6799.473100625688
48055,Caldwell,Caldwell County,162.29444581170748
48429,Stephens,Stephens County,34.042631613573185
51085,Hanover,Hanover County,329.87147330010447
54031,Hardy,Hardy County,46.51423090346417
12039,Gadsden,Gadsden County,108.97264130811725
13291,Union,Union County,70.1199424568086
06061,Placer,Placer County,719.7565009913424
37043,Clay,Clay County,29.254420274223076
37029,Camden,Camden County,26.03214804563995
39043,Erie,Erie County,170.80529806664296
42101,Philadelphia,Philadelphia County,3683.6938778315653
46123,Tripp,Tripp County,12.044473752072069
48369,Parmer,Parmer County,27.002422349599517
50027,Windsor,Windsor County,93.85541294116713
17197,Will,Will County,1845.2548427797303
05061,Howard,Howard County,43.91432660550992
22031,De Soto,De Soto Parish,293.950641951724
23003,Aroostook,Aroostook County,113.53816341477027
25013,Hampden,Hampden County,708.729583553697
27173,Yellow Medicine,Yellow Medicine County,18.468455447838057
29183,St. Charles,St. Charles County,1038.9900677331214
30035,Glacier,Glacier County,31.06289321041572
33007,Coos,Coos County,48.259670355343815
13271,Telfair,Telfair County,28.173804373548066
16063,Lincoln,Lincoln County,15.496946167955464
18067,Howard,Howard County,226.33693914020358
18125,Pike,Pike County,32.66260706490929
21065,Estill,Estill County,43.12165434878468
21189,Owsley,Owsley County,12.655958995369772
21229,Washington,Washington County,37.72448130665333
22001,Acadia,Acadia Parish,230.18833985475237
51199,York,York County,205.68590214299638
53071,Walla Walla,Walla Walla County,133.34468609134038
17047,Edwards,Edwards County,13.102113802472962
54027,Hampshire,Hampshire County,77.1813493799923
55007,Bayfield,Bayfield County,34.745047059007234
05045,Faulkner,Faulkner County,417.5851557868088
08031,Denver,Denver County,1474.0790113377795
13077,Coweta,Coweta County,399.51956755294754
45047,Greenwood,Greenwood County,208.7676129282535
47037,Davidson,Davidson County,2023.8559146622058
47167,Tipton,Tipton County,173.85697467079297
48371,Pecos,Pecos County,34.35631522544329
13221,Oglethorpe,Oglethorpe County,40.439296550841476
13315,Wilcox,Wilcox County,22.527883739840302
18071,Jackson,Jackson County,125.32702727858792
19161,Sac,Sac County,26.579972725370197
21239,Woodford,Woodford County,87.28702902767547
21231,Wayne,Wayne County,62.072691592628274
22079,Rapides,Rapides Parish,516.4441513605177
55043,Grant,Grant County,133.53156587433563
05117,Prairie,Prairie County,24.93332794380546
06043,Mariposa,Mariposa County,26.533346308887918
12095,Orange,Orange County,3658.2283277161973
13135,Gwinnett,Gwinnett County,2519.5970588491614
46005,Beadle,Beadle County,41.63384124118018
46137,Ziebach,Ziebach County,4.97549640417943
48135,Ector,Ector County,361.5378609470176
48185,Grimes,Grimes County,107.107186387099
48023,Baylor,Baylor County,11.769684434377565
49011,Davis,Davis County,670.1341974661831
27171,Wright,Wright County,311.66977164344667
28043,Grenada,Grenada County,67.83716063998376
29033,Carroll,Carroll County,22.752550129332167
37103,Jones,Jones County,24.16498931002278
42051,Fayette,Fayette County,238.66948397941587
22011,Beauregard,Beauregard Parish,231.4537460709391
26163,Wayne,Wayne County,3303.774079962364
33009,Grafton,Grafton County,156.94266361548281
37095,Hyde,Hyde County,10.916558453307145
47163,Sullivan,Sullivan County,629.704170223967
48075,Childress,Childress County,23.55815235555325
51105,Lee,Lee County,66.61515667836257
06055,Napa,Napa County,185.91152186824866
08011,Bent,Bent County,10.212796118234127
51009,Amherst,Amherst County,82.46564554187017
51147,Prince Edward,Prince Edward County,63.60238515628991
54045,Logan,Logan County,96.48477508169368
06083,Santa Barbara,Santa Barbara County,599.8213301036145
12045,Gulf,Gulf County,39.891642122696055
13039,Camden,Camden County,149.47831366315975
53077,Yakima,Yakima County,553.4305727681257
09190,Western Connecticut,Western Connecticut Planning Region,1122.2990956655246
45057,Lancaster,Lancaster County,318.8581128489531
16083,Twin Falls,Twin Falls County,276.8461665144265
19001,Adair,Adair County,21.155151785151364
21147,McCreary,McCreary County,53.04766493123511
27023,Chippewa,Chippewa County,25.074235765997095
30027,Fergus,Fergus County,27.139521379326972
37159,Rowan,Rowan County,378.2376400571261
42063,Indiana,Indiana County,160.81044394434295
49029,Morgan,Morgan County,22.62823454925356
47187,Williamson,Williamson County,741.3005950699398
48311,McMullen,McMullen County,1.7107173107058011
30039,Granite,Granite County,8.207711047366912
01081,Lee,Lee County,604.7306707525818
01059,Franklin,Franklin County,105.62874973010891
05143,Washington,Washington County,968.7508586926434
05089,Marion,Marion County,55.44870706341971
08009,Baca,Baca County,6.924336085353123
08099,Prowers,Prowers County,23.77721201942028
08125,Yuma,Yuma County,16.279499645479465
09150,Northeastern Connecticut,Northeastern Connecticut Planning Region,173.51667464559526
12015,Charlotte,Charlotte County,461.7314636818106
48153,Floyd,Floyd County,14.324540493507826
27061,Itasca,Itasca County,93.4765255888704
31179,Wayne,Wayne County,37.18438611084092
37115,Madison,Madison County,57.91083042586927
41031,Jefferson,Jefferson County,65.81848889410735
01095,Marshall,Marshall County,337.6700521097059
22065,Madison,Madison Parish,37.68243371171978
26063,Huron,Huron County,58.10337655182438
37049,Craven,Craven County,293.14041264106254
41065,Wasco,Wasco County,67.725789220922
48351,Newton,Newton County,37.93850161809827
06109,Tuolumne,Tuolumne County,86.4014216762977
12007,Bradford,Bradford County,63.64159756516085
51003,Albemarle,Albemarle County,328.49828033874786
53021,Franklin,Franklin County,210.91214059629385
12103,Pinellas,Pinellas County,2517.7602488373354
16027,Canyon,Canyon County,736.936260637278
08071,Las Animas,Las Animas County,30.108688158274216
39061,Hamilton,Hamilton County,2107.9894751734996
45025,Chesterfield,Chesterfield County,128.98891516849105
18009,Blackford,Blackford County,28.819904113316003
27125,Red Lake,Red Lake County,8.05415366093026
42061,Huntingdon,Huntingdon County,82.18624840005367
47049,Fentress,Fentress County,55.20759036170582
48005,Angelina,Angelina County,302.0970829306744
48347,Nacogdoches,Nacogdoches County,225.79336396444106
47141,Putnam,Putnam County,235.11407226506347
49007,Carbon,Carbon County,39.70526048425386
36113,Warren,Warren County,121.3452988226724
38043,Kidder,Kidder County,12.88183645508839
51630,Fredericksburg,Fredericksburg city,83.80827950792388
29227,Worth,Worth County,5.127807060475946
13195,Madison,Madison County,82.40916883037934
21069,Fleming,Fleming County,48.226981958296875
24027,Howard,Howard County,686.9611522449676
54075,Pocahontas,Pocahontas County,25.37775558246491
28003,Alcorn,Alcorn County,113.65534466669479
12119,Sumter,Sumter County,389.42559835727513
04011,Greenlee,Greenlee County,21.088860828325405
04017,Navajo,Navajo County,263.3831380442454
01053,Escambia,Escambia County,216.76016921449633
01111,Randolph,Randolph County,75.17258802339792
01075,Lamar,Lamar County,45.06532515167997
13281,Towns,Towns County,33.92186411863929
17069,Hardin,Hardin County,7.85879441361249
17067,Hancock,Hancock County,37.879351477550166
17111,McHenry,McHenry County,811.8159068853599
17033,Crawford,Crawford County,40.27969500425351
17077,Jackson,Jackson County,117.31954981294139
18163,Vanderburgh,Vanderburgh County,491.79906802965536
18165,Vermillion,Vermillion County,41.63651414109989
12081,Manatee,Manatee County,1028.7817948809284
12063,Jackson,Jackson County,113.67027553523398
13143,Haralson,Haralson County,82.11108556400889
13055,Chattooga,Chattooga County,64.9976632042147
13047,Catoosa,Catoosa County,178.32689053204322
13083,Dade,Dade County,41.46401253034492
13253,Seminole,Seminole County,23.49655361257566
20121,Miami,Miami County,114.93114347658445
01125,Tuscaloosa,Tuscaloosa County,783.0194528783658
20025,Clark,Clark County,5.241333931812791
20019,Chautauqua,Chautauqua County,10.620975279469226
01045,Dale,Dale County,164.68062762112933
21053,Clinton,Clinton County,28.686501541770166
21163,Meade,Meade County,96.8240953510974
21161,Mason,Mason County,51.87784118883993
01031,Coffee,Coffee County,183.57740144332382
21225,Union,Union County,42.407190179862425
18077,Jefferson,Jefferson County,89.22076619235226
18127,Porter,Porter County,684.2077000507885
18115,Ohio,Ohio County,16.20064110671575
19057,Des Moines,Des Moines County,137.00423598511625
19193,Woodbury,Woodbury County,290.4929423865927
19167,Sioux,Sioux County,99.78115693738278
19131,Mitchell,Mitchell County,35.18401359465468
20125,Montgomery,Montgomery County,95.15331843730058
20021,Cherokee,Cherokee County,57.46308741087314
20107,Linn,Linn County,31.354104972306494
20091,Johnson,Johnson County,2008.1286835194653
20209,Wyandotte,Wyandotte County,504.448726452451
26005,Allegan,Allegan County,260.1251847941378
26009,Antrim,Antrim County,45.745736852288644
26091,Lenawee,Lenawee County,183.29093113026502
26001,Alcona,Alcona County,19.750985362315532
27049,Goodhue,Goodhue County,144.02663492352482
27155,Traverse,Traverse County,6.482121995975206
27071,Koochiching,Koochiching County,89.97825849375546
28039,George,George County,82.38399730996083
28041,Greene,Greene County,43.73644470437737
28141,Tishomingo,Tishomingo County,61.49154360995605
05071,Johnson,Johnson County,87.01296239005687
22027,Claiborne,Claiborne Parish,55.71926807578242
01011,Bullock,Bullock County,32.650706926685835
26097,Mackinac,Mackinac County,20.61159203593021
26105,Mason,Mason County,54.87390261612955
26021,Berrien,Berrien County,257.10019939803794
26027,Cass,Cass County,87.06781415759369
29165,Platte,Platte County,310.78308508963966
29127,Marion,Marion County,73.3610724290526
29045,Clark,Clark County,16.601125180373398
29129,Mercer,Mercer County,9.001192520039359
31055,Douglas,Douglas County,2201.4328150796086
31021,Burt,Burt County,25.08736148738963
31161,Sheridan,Sheridan County,17.369740043455955
31057,Dundy,Dundy County,5.399550742816272
31133,Pawnee,Pawnee County,9.39979232479989
31153,Sarpy,Sarpy County,747.959326951054
31051,Dixon,Dixon County,20.70817316064955
29209,Stone,Stone County,87.72961356920212
29091,Howell,Howell County,105.1010651544427
30067,Park,Park County,40.92452073010688
31083,Harlan,Harlan County,11.612629942334888
31025,Cass,Cass County,102.57359602861612
31067,Gage,Gage County,81.36141256348984
29119,McDonald,McDonald County,63.04593731782637
29011,Barton,Barton County,31.9957901015998
40143,Tulsa,Tulsa County,2495.765259701341
40047,Garfield,Garfield County,221.4027969059525
40031,Comanche,Comanche County,464.08262056027473
45081,Saluda,Saluda County,58.93299005971919
46115,Spink,Spink County,13.884885598048093
46069,Hyde,Hyde County,2.5223869654273923
47179,Washington,Washington County,386.96304414089263
47079,Henry,Henry County,91.30243591541662
36055,Monroe,Monroe County,1090.194799439109
36011,Cayuga,Cayuga County,99.71544699141081
40077,Latimer,Latimer County,34.82627876149766
48085,Collin,Collin County,4321.492688997341
48099,Coryell,Coryell County,306.8397533441848
46087,McCook,McCook County,12.447272205296562
55019,Clark,Clark County,72.02707125111641
55085,Oneida,Oneida County,83.76603238887678
56043,Washakie,Washakie County,37.392093665083195
47051,Franklin,Franklin County,125.19307432053292
37179,Union,Union County,639.5675375586969
37187,Washington,Washington County,26.462373066444204
48143,Erath,Erath County,161.77087472242684
48139,Ellis,Ellis County,808.1417383238678
48331,Milam,Milam County,87.89532804228433
56027,Niobrara,Niobrara County,11.541620949489422
37171,Surry,Surry County,178.52198120020293
37033,Caswell,Caswell County,57.069689639831694
48281,Lampasas,Lampasas County,83.9284214205172
48227,Howard,Howard County,69.76681845023298
48131,Duval,Duval County,29.079675133204073
48389,Reeves,Reeves County,26.18085038523005
48397,Rockwall,Rockwall County,472.7242193478683
48277,Lamar,Lamar County,166.67034757134428
37005,Alleghany,Alleghany County,28.427609175618812
37073,Gates,Gates County,24.59373719079584
48021,Bastrop,Bastrop County,360.60150435530215
48253,Jones,Jones County,66.61492755293112
48237,Jack,Jack County,33.35170422810555
48199,Hardin,Hardin County,183.58858112877613
48265,Kerr,Kerr County,173.70282416556466
48283,La Salle,La Salle County,19.688936340661705
48207,Haskell,Haskell County,22.112722156003322
48393,Roberts,Roberts County,2.3589690639412226
48137,Edwards,Edwards County,4.662442401137617
47039,Decatur,Decatur County,32.68528501686876
47027,Clay,Clay County,21.621936782089524
48293,Limestone,Limestone County,77.34929755243404
48081,Coke,Coke County,13.58139596282918
48011,Armstrong,Armstrong County,5.141098462801011
48319,Mason,Mason County,24.489392249799256
48435,Sutton,Sutton County,8.12615468008695
48195,Hansford,Hansford County,14.243296960572357
12021,Collier,Collier County,900.768898469806
12011,Broward,Broward County,4342.8191874947615
47175,Van Buren,Van Buren County,18.199230119509238
47133,Overton,Overton County,65.38243038572554
49001,Beaver,Beaver County,18.387566124797516
50015,Lamoille,Lamoille County,48.20876653200274
12061,Indian River,Indian River County,385.2245076492153
12005,Bay,Bay County,437.7202629982677
36001,Albany,Albany County,465.52878416552113
36037,Genesee,Genesee County,77.2091288563825
51173,Smyth,Smyth County,76.64412657693222
51063,Floyd,Floyd County,41.116029665373894
51163,Rockbridge,Rockbridge County,64.3767301512611
51790,Staunton,Staunton city,76.16783893757389
13061,Clay,Clay County,7.309969655109826
13099,Early,Early County,126.19855196562894
36069,Ontario,Ontario County,156.28245302276108
37025,Cabarrus,Cabarrus County,600.1494417828536
37059,Davie,Davie County,111.17404483154033
51135,Nottoway,Nottoway County,44.800347144616325
51540,Charlottesville,Charlottesville city,130.26223184031363
51600,Fairfax,Fairfax city,72.7337006413486
13111,Fannin,Fannin County,67.87930494139769
13045,Carroll,Carroll County,325.6986458075912
37105,Lee,Lee County,172.12806017610657
37189,Watauga,Watauga County,136.67686634748577
51595,Emporia,Emporia city,15.763354580946121
54079,Putnam,Putnam County,178.29297239829663
54101,Webster,Webster County,26.255568810575475
13275,Thomas,Thomas County,118.67895012023051
13257,Stephens,Stephens County,69.76437792965642
37069,Franklin,Franklin County,197.8068091470297
37195,Wilson,Wilson County,205.01794535125094
54015,Clay,Clay County,24.54824132205733
55039,Fond du Lac,Fond du Lac County,232.22103478290938
55015,Calumet,Calumet County,118.68607155563184
55017,Chippewa,Chippewa County,138.74115903164113
16081,Teton,Teton County,26.826946225005294
16075,Payette,Payette County,76.82170995115622
37181,Vance,Vance County,109.00707523480024
13239,Quitman,Quitman County,5.840487094920932
38101,Ward,Ward County,375.8747747899493
38027,Eddy,Eddy County,12.44730823990821
40069,Johnston,Johnston County,36.46684673855875
40063,Hughes,Hughes County,48.46221266395856
40057,Harmon,Harmon County,10.785715696313606
01093,Marion,Marion County,96.47218805737614
01019,Cherokee,Cherokee County,85.28615192010449
04019,Pima,Pima County,3182.2926648495513
38047,Logan,Logan County,10.280167521161488
38103,Wells,Wells County,21.319793426315094
38025,Dunn,Dunn County,22.106156881153375
41053,Polk,Polk County,225.59992028255206
42107,Schuylkill,Schuylkill County,300.34927168974144
04023,Santa Cruz,Santa Cruz County,124.36975661170167
05127,Scott,Scott County,34.36599773035918
06059,Orange,Orange County,4565.314796249769
06079,San Luis Obispo,San Luis Obispo County,364.05562170134596
06095,Solano,Solano County,644.146466359583
06049,Modoc,Modoc County,9.976219323619388
39173,Wood,Wood County,301.7942284191316
39147,Seneca,Seneca County,120.42585204896582
39139,Richland,Richland County,281.4087269086624
42065,Jefferson,Jefferson County,82.34741216089292
42037,Columbia,Columbia County,123.28054467831254
08085,Montrose,Montrose County,72.36538201983812
12087,Monroe,Monroe County,183.15155937379444
08021,Conejos,Conejos County,14.757435526411513
39133,Portage,Portage County,378.00039366589965
39153,Summit,Summit County,1233.4642349073956
39011,Auglaize,Auglaize County,104.53078413527169
42021,Cambria,Cambria County,247.8287334911271
42109,Snyder,Snyder County,74.8049523121512
08061,Kiowa,Kiowa County,2.7232390079528868
08075,Logan,Logan County,37.15221136969655
09120,Greater Bridgeport,Greater Bridgeport Planning Region,595.0105782799333
39127,Perry,Perry County,76.44704683262536
39149,Shelby,Shelby County,114.68389549296089
39019,Carroll,Carroll County,57.19592793876112
42047,Elk,Elk County,72.57824607550369
42121,Venango,Venango County,128.8816048207792
46049,Faulk,Faulk County,4.571358031015264
46119,Sully,Sully County,3.174298241974184
35013,Doña Ana,Doña Ana County,798.942036623855
35035,Otero,Otero County,206.70612505199
48017,Bailey,Bailey County,18.727250976313464
48295,Lipscomb,Lipscomb County,8.160683234047148
49053,Washington,Washington County,359.14672206546334
05135,Sharp,Sharp County,58.104150866158925
08001,Adams,Adams County,990.6344829340732
08105,Rio Grande,Rio Grande County,22.876289267369003
08121,Washington,Washington County,8.265065469985506
08017,Cheyenne,Cheyenne County,3.1401370248918914
13169,Jones,Jones County,74.25072027662479
13037,Calhoun,Calhoun County,13.97062563691622
13173,Lanier,Lanier County,26.79905849078366
36027,Dutchess,Dutchess County,505.7828454432691
17073,Henry,Henry County,103.57820818010363
50025,Windham,Windham County,76.39394061601148
31109,Lancaster,Lancaster County,1282.8281409060046
08079,Mineral,Mineral County,2.1111633790729933
12043,Glades,Glades County,29.305411334008884
18031,Decatur,Decatur County,71.22897249333849
18113,Noble,Noble County,115.68212926423352
13095,Dougherty,Dougherty County,223.93873698303176
17123,Marshall,Marshall County,26.851602507162045
21129,Lee,Lee County,22.783341379443243
22083,Richland,Richland Parish,80.36729075726868
17055,Franklin,Franklin County,81.72665026867162
31121,Merrick,Merrick County,29.21573357349223
31151,Saline,Saline County,50.34266087673739
31141,Platte,Platte County,214.48330077858205
31035,Clay,Clay County,23.13977832511736
31099,Kearney,Kearney County,25.48216931270284
18149,Starke,Starke County,62.60037867157524
18157,Tippecanoe,Tippecanoe County,623.1518478209014
18023,Clinton,Clinton County,88.32043140257382
18047,Franklin,Franklin County,62.31594021192369
18117,Orange,Orange County,53.04360687262434
22007,Assumption,Assumption Parish,82.17556726188661
26049,Genesee,Genesee County,751.7390716092839
26073,Isabella,Isabella County,125.86695019119925
36007,Broome,Broome County,258.127563992771
36117,Wayne,Wayne County,126.6677952334313
31135,Perkins,Perkins County,9.711021139545283
32019,Lyon,Lyon County,180.0800852431046
32510,Carson City,Carson City,167.84601651045213
18015,Carroll,Carroll County,55.3955690123093
19165,Shelby,Shelby County,32.4005954821646
19023,Butler,Butler County,40.988354390430956
19179,Wapello,Wapello County,122.70271117597682
19087,Henry,Henry County,69.23698626779608
26037,Clinton,Clinton County,149.34657393699055
26035,Clare,Clare County,59.027916728888755
26165,Wexford,Wexford County,63.882892458894965
26051,Gladwin,Gladwin County,48.64080311463853
26085,Lake,Lake County,24.172429341221623
36089,St. Lawrence,St. Lawrence County,122.93065374363967
36079,Putnam,Putnam County,159.07098005918957
33001,Belknap,Belknap County,118.71783723619018
35027,Lincoln,Lincoln County,53.86546679451416
19183,Washington,Washington County,81.01351353775082
19031,Cedar,Cedar County,61.594220335940946
19101,Jefferson,Jefferson County,54.66539178528632
19079,Hamilton,Hamilton County,44.34179862309061
19047,Crawford,Crawford County,43.924556937434716
27141,Sherburne,Sherburne County,210.56229952230947
27067,Kandiyohi,Kandiyohi County,93.32823154174787
27039,Dodge,Dodge County,43.4536444821217
37149,Polk,Polk County,51.28389414239551
17095,Knox,Knox County,106.70142337523993
17081,Jefferson,Jefferson County,80.02888450534886
17181,Union,Union County,36.64305256193515
19065,Fayette,Fayette County,65.60174911058081
20015,Butler,Butler County,265.53218140334735
20063,Gove,Gove County,7.701047036115818
20055,Finney,Finney County,105.86918745277866
20151,Pratt,Pratt County,25.45540514060288
27131,Rice,Rice County,141.08140488955942
27001,Aitkin,Aitkin County,33.16001485243655
27019,Carver,Carver County,228.71659817326537
37071,Gaston,Gaston County,592.1335636878557
37011,Avery,Avery County,41.20095169037151
17009,Brown,Brown County,13.817935216010788
17169,Schuyler,Schuyler County,15.01409532913462
20115,Marion,Marion County,36.37381006471525
20093,Kearny,Kearny County,10.694756542511943
20029,Cloud,Cloud County,24.695929547876773
20049,Elk,Elk County,7.735855227261809
20027,Clay,Clay County,22.382548758526625
27009,Benton,Benton County,85.72850891191466
27017,Carlton,Carlton County,160.2052272622975
27101,Murray,Murray County,18.56073711723785
28117,Prentiss,Prentiss County,83.53769393896573
37143,Perquimans,Perquimans County,31.976768580161
38087,Slope,Slope County,3.7070974895146263
50001,Addison,Addison County,59.22960077507738
51710,Norfolk,Norfolk city,672.8384826455666
20111,Lyon,Lyon County,100.45166234254742
20061,Geary,Geary County,109.13874483719113
20207,Woodson,Woodson County,9.758980040613801
20053,Ellsworth,Ellsworth County,17.754573034758298
20165,Rush,Rush County,8.040601660152063
28129,Smith,Smith County,54.076619774601085
28155,Webster,Webster County,33.17938953056219
28105,Oktibbeha,Oktibbeha County,170.09058324217673
28161,Yalobusha,Yalobusha County,41.161195223620176
28061,Jasper,Jasper County,51.50652315251722
39001,Adams,Adams County,59.22962096461926
39111,Monroe,Monroe County,28.293031995214722
51740,Portsmouth,Portsmouth city,282.2663372966067
53073,Whatcom,Whatcom County,495.3679897997753
53039,Klickitat,Klickitat County,50.246305020398516
53069,Wahkiakum,Wahkiakum County,10.131578340474128
20141,Osborne,Osborne County,9.59546046159236
20075,Hamilton,Hamilton County,6.81638456086034
21207,Russell,Russell County,56.602428035268915
21077,Gallatin,Gallatin County,26.85604794636129
28035,Forrest,Forrest County,251.55581978307492
28063,Jefferson,Jefferson County,22.322115509474813
29109,Lawrence,Lawrence County,104.11186251778867
39029,Columbiana,Columbiana County,224.8663247213283
39025,Clermont,Clermont County,532.4503630931761
17103,Lee,Lee County,87.63425807880533
53023,Garfield,Garfield County,5.039261033534733
21073,Franklin,Franklin County,164.50243502361374
21045,Casey,Casey County,49.53049935219957
29077,Greene,Greene County,897.8931645777872
29003,Andrew,Andrew County,49.03546509956218
39107,Mercer,Mercer County,99.87504049132117
39171,Williams,Williams County,83.5569112759847
39085,Lake,Lake County,530.1457824468492
54053,Mason,Mason County,77.52297229392431
17051,Fayette,Fayette County,46.545001380646674
17105,Livingston,Livingston County,89.92220790851756
21227,Warren,Warren County,451.98488950271576
21215,Spencer,Spencer County,62.91936804406261
21043,Carter,Carter County,72.9902919447918
21001,Adair,Adair County,59.70573990768049
29187,St. Francois,St. Francois County,166.23382289062252
29061,Daviess,Daviess County,21.821249854331448
29175,Randolph,Randolph County,60.35866128849372
29137,Monroe,Monroe County,21.777485515184917
39051,Fulton,Fulton County,97.49490586393274
40007,Beaver,Beaver County,14.858377393110656
41027,Hood River,Hood River County,61.11149806479988
17143,Peoria,Peoria County,398.23050238220287
17137,Morgan,Morgan County,70.69821825088256
17173,Shelby,Shelby County,46.61343717705794
13015,Bartow,Bartow County,295.1567663892672
13297,Walton,Walton County,273.2797881502549
29103,Knox,Knox County,9.327559217310613
29221,Washington,Washington County,58.50156297720168
29035,Carter,Carter County,13.729644156413231
29017,Bollinger,Bollinger County,27.279023825750908
42085,Mercer,Mercer County,214.8993828063044
42117,Tioga,Tioga County,77.45372114837026
42115,Susquehanna,Susquehanna County,71.75506050697372
54029,Hancock,Hancock County,91.75403658501006
54069,Ohio,Ohio County,128.91971488315
54009,Brooke,Brooke County,67.46067505293472
13177,Lee,Lee County,87.19253920041952
13065,Clinch,Clinch County,17.340822618082534
30103,Treasure,Treasure County,2.2009661608264617
30107,Wheatland,Wheatland County,5.2165319165621
30021,Dawson,Dawson County,18.562303144105705
42057,Fulton,Fulton County,27.878474914990253
46053,Gregory,Gregory County,8.609625966254189
17203,Woodford,Woodford County,85.8296677101888
17079,Jasper,Jasper County,20.10537781652903
55105,Rock,Rock County,366.7848842758712
05063,Independence,Independence County,121.17441578104771
13119,Franklin,Franklin County,63.70354598400664
13187,Lumpkin,Lumpkin County,91.23310490334882
30017,Custer,Custer County,25.35339543468416
31137,Phelps,Phelps County,34.065279988868014
31081,Hamilton,Hamilton County,35.948266338150766
31097,Johnson,Johnson County,19.410128509108542
46039,Deuel,Deuel County,9.780617656180949
46021,Campbell,Campbell County,2.871302856033233
47069,Hardeman,Hardeman County,71.69993118040674
06029,Kern,Kern County,1673.9659326335684
55123,Vernon,Vernon County,64.59027414612065
13321,Worth,Worth County,52.16596495357407
31131,Otoe,Otoe County,61.13158955259762
32009,Esmeralda,Esmeralda County,2.116241449008672
33011,Hillsborough,Hillsborough County,658.3936372398759
48489,Willacy,Willacy County,61.07955116130688
48271,Kinney,Kinney County,10.5390284176607
48443,Terrell,Terrell County,1.5098372296764127
05149,Yell,Yell County,62.74211700001471
05111,Poinsett,Poinsett County,70.76097349916925
13293,Upson,Upson County,72.4799234366587
13207,Monroe,Monroe County,78.44313415560816
33003,Carroll,Carroll County,88.13645500733836
34029,Ocean,Ocean County,1345.7732024640654
18095,Madison,Madison County,355.5783956956857
18069,Huntington,Huntington County,97.21410415578626
18085,Kosciusko,Kosciusko County,216.7605658434871
18107,Montgomery,Montgomery County,104.0932068888632
18049,Fulton,Fulton County,55.27506082456493
20173,Sedgwick,Sedgwick County,1645.3583702681597
20167,Russell,Russell County,18.74928118134236
20123,Mitchell,Mitchell County,15.956468628418122
20057,Ford,Ford County,94.82220794404607
20133,Neosho,Neosho County,48.0591430880107
20205,Wilson,Wilson County,26.143050929892702
20203,Wichita,Wichita County,5.809476426969786
20153,Rawlins,Rawlins County,6.88785406378202
21221,Trigg,Trigg County,45.69045398854694
48177,Gonzales,Gonzales County,64.87682089728649
48367,Parker,Parker County,630.1804366085155
48325,Medina,Medina County,177.50317401129175
48303,Lubbock,Lubbock County,901.0280335906107
18059,Hancock,Hancock County,232.74428905996183
21201,Robertson,Robertson County,7.114960571738021
20197,Wabaunsee,Wabaunsee County,22.33919504153708
17147,Piatt,Piatt County,36.727856040181486
17035,Cumberland,Cumberland County,22.535926772961847
21113,Jessamine,Jessamine County,167.97950212989534
21157,Marshall,Marshall County,102.7413285329683
48497,Wise,Wise County,297.2202124281716
48031,Blanco,Blanco County,41.87560791795965
48231,Hunt,Hunt County,389.14551402814726
48493,Wilson,Wilson County,175.0161272263398
21021,Boyle,Boyle County,97.54575604419114
21223,Trimble,Trimble County,26.20136697722891
17037,DeKalb,DeKalb County,260.6078553373551
17135,Montgomery,Montgomery County,61.117330449439905
17065,Hamilton,Hamilton County,17.479478836672204
08041,El Paso,El Paso County,1405.5459671039355
08089,Otero,Otero County,34.795314941009345
08073,Lincoln,Lincoln County,9.8440990819798
12051,Hendry,Hendry County,147.3864359962105
48375,Potter,Potter County,322.87872266856755
48279,Lamb,Lamb County,35.68493799901478
48149,Fayette,Fayette County,82.9196621659996
48019,Bandera,Bandera County,72.94958302584428
48335,Mitchell,Mitchell County,23.147777331765553
48009,Archer,Archer County,29.7625801117847
21103,Henry,Henry County,48.42588025639712
21039,Carlisle,Carlisle County,15.101588276491988
54035,Jackson,Jackson County,86.35463836832407
55101,Racine,Racine County,447.88417511287435
12003,Baker,Baker County,61.62434193663746
13299,Ware,Ware County,92.9997484043521
13129,Gordon,Gordon County,154.61774497753717
48193,Hamilton,Hamilton County,31.337872786730152
48145,Falls,Falls County,63.92630432920614
48095,Concho,Concho County,10.77267207467533
48249,Jim Wells,Jim Wells County,119.74014418737397
48129,Donley,Donley County,11.253520886578
21149,McLean,McLean County,29.276692201103863
22093,St. James,St. James Parish,139.9008035355477
55059,Kenosha,Kenosha County,373.05011988945313
55127,Walworth,Walworth County,236.11353272726853
13097,Douglas,Douglas County,382.54475868405615
45037,Edgefield,Edgefield County,84.32280196271866
21081,Grant,Grant County,77.99139731287131
21199,Pulaski,Pulaski County,198.75565616757657
22095,St. John the Baptist,St. John the Baptist Parish,161.2668902244989
23019,Penobscot,Penobscot County,231.58512593035553
26015,Barry,Barry County,119.92900535274354
55093,Pierce,Pierce County,89.24396263123361
55063,La Crosse,La Crosse County,249.58329844956955
45011,Barnwell,Barnwell County,60.82554693033489
45023,Chester,Chester County,95.98521700548702
21091,Hancock,Hancock County,90.33009808139737
21169,Metcalfe,Metcalfe County,31.533865504668583
26057,Gratiot,Gratiot County,77.66903569647108
26155,Shiawassee,Shiawassee County,127.18501082668179
51700,Newport News,Newport News city,531.633779739328
55061,Kewaunee,Kewaunee County,46.622352046901234
55117,Sheboygan,Sheboygan County,264.10619207334645
17063,Grundy,Grundy County,141.16692464579336
46003,Aurora,Aurora County,5.912148284619693
46035,Davison,Davison County,44.952036230161454
46029,Codington,Codington County,65.08021920762204
46061,Hanson,Hanson County,7.3760533253116245
46077,Kingsbury,Kingsbury County,11.22521528144187
46043,Douglas,Douglas County,6.081156571644918
13081,Crisp,Crisp County,50.29177378159373
13227,Pickens,Pickens County,92.89131551952205
13225,Peach,Peach County,73.87473447115299
51735,Poquoson,Poquoson city,37.777050717984096
51800,Suffolk,Suffolk city,290.13402547346016
51169,Scott,Scott County,57.082225803611394
55065,Lafayette,Lafayette County,37.80668091537731
55095,Polk,Polk County,95.33110309870254
46065,Hughes,Hughes County,37.76405340930883
46097,Miner,Miner County,4.845512872825777
13167,Johnson,Johnson County,23.91509118176506
13091,Dodge,Dodge County,50.60011665030218
51115,Mathews,Mathews County,24.743352981810666
51013,Arlington,Arlington County,675.8023433776913
55031,Douglas,Douglas County,91.78473203464216
55009,Brown,Brown County,648.9809778030033
47011,Bradley,Bradley County,312.81567595593725
13235,Pulaski,Pulaski County,25.865127669133134
13125,Glascock,Glascock County,7.640063882157759
51510,Alexandria,Alexandria city,449.07963585028523
53003,Asotin,Asotin County,47.65012717722564
17029,Coles,Coles County,101.42150560545805
56007,Carbon,Carbon County,69.86352915912994
56005,Campbell,Campbell County,232.45445098023444
56011,Crook,Crook County,36.58705118523693
47043,Dickson,Dickson County,159.021398513971
47017,Carroll,Carroll County,80.9021070259219
13011,Banks,Banks County,50.79237217106723
13243,Randolph,Randolph County,15.59504174054638
13043,Candler,Candler County,28.341165865621416
17199,Williamson,Williamson County,147.18985868792046
17167,Sangamon,Sangamon County,427.7801181116621
53051,Pend Oreille,Pend Oreille County,30.3386866297904
05119,Pulaski,Pulaski County,1243.5963412156366
47113,Madison,Madison County,278.47278559154137
47177,Warren,Warren County,119.5730081157885
13003,Atkinson,Atkinson County,21.328458917969325
13159,Jasper,Jasper County,42.14530631583073
18179,Wells,Wells County,69.0131977048453
18055,Greene,Greene County,84.73799049478932
18131,Pulaski,Pulaski County,33.41056731865771
18139,Rush,Rush County,45.46747595274869
18011,Boone,Boone County,206.2039791024952
05137,Stone,Stone County,41.11503589275749
05125,Saline,Saline County,402.11458205761386
47101,Lewis,Lewis County,36.6265310045074
47153,Sequatchie,Sequatchie County,48.101661046734584
16001,Ada,Ada County,1479.0272175095135
16045,Gem,Gem County,59.566644283973645
18133,Putnam,Putnam County,101.34942510592296
19169,Story,Story County,347.2759047367216
19003,Adams,Adams County,12.323082289617133
19013,Black Hawk,Black Hawk County,444.2735501136995
19055,Delaware,Delaware County,60.072616075270844
05115,Pope,Pope County,202.23086540569275
05053,Grant,Grant County,57.12272666028912
47095,Lake,Lake County,17.798164043988752
47061,Grundy,Grundy County,39.11908665088986
16053,Jerome,Jerome County,71.84069693477498
16051,Jefferson,Jefferson County,74.12044517000861
19077,Guthrie,Guthrie County,33.58237513408874
19075,Grundy,Grundy County,37.85644107459676
19147,Palo Alto,Palo Alto County,24.155879339585553
19083,Hardin,Hardin County,45.20169381401098
19035,Cherokee,Cherokee County,31.81940746150855
19151,Pocahontas,Pocahontas County,19.127288793751283
05023,Cleburne,Cleburne County,81.85434627730261
05059,Hot Spring,Hot Spring County,107.79981696350461
05097,Montgomery,Montgomery County,26.930654156081495
47169,Trousdale,Trousdale County,34.39206411477986
48291,Liberty,Liberty County,340.3715293218368
16047,Gooding,Gooding County,45.579042745141486
18063,Hendricks,Hendricks County,503.13073206694975
18017,Cass,Cass County,101.62875594903394
19009,Audubon,Audubon County,15.181408048375003
19011,Benton,Benton County,87.79543950849303
19175,Union,Union County,35.40650629048196
19067,Floyd,Floyd County,48.057639912096406
19039,Clarke,Clarke County,34.14797164474466
19093,Ida,Ida County,18.763927808174078
06031,Kings,Kings County,206.6589091218664
06103,Tehama,Tehama County,81.96138780980888
08087,Morgan,Morgan County,54.21796211870851
08119,Teller,Teller County,52.85577341353699
48121,Denton,Denton County,3653.7123521768335
48217,Hill,Hill County,138.56463613853825
18005,Bartholomew,Bartholomew County,226.82604717779583
18057,Hamilton,Hamilton County,1003.3059901704548
18143,Scott,Scott County,66.51836940071333
19029,Cass,Cass County,36.134312862769576
19121,Madison,Madison County,57.246573886471495
19197,Wright,Wright County,34.71625076454271
19037,Chickasaw,Chickasaw County,34.68960836135926
20085,Jackson,Jackson County,41.7509583175226
20045,Douglas,Douglas County,377.85016661043636
20077,Harper,Harper County,15.06613422100647
20017,Chase,Chase County,8.050018875613121
20041,Dickinson,Dickinson County,57.81605495490501
39143,Sandusky,Sandusky County,129.39303749268572
40067,Jefferson,Jefferson County,16.541242903942585
40009,Beckham,Beckham County,82.56072450852832
40001,Adair,Adair County,69.6474374921734
47139,Polk,Polk County,50.54682882979545
48181,Grayson,Grayson County,473.9506805317877
18019,Clark,Clark County,338.5316149411866
18153,Sullivan,Sullivan County,56.035101071097294
20043,Doniphan,Doniphan County,23.269352635477286
20157,Republic,Republic County,12.899861511435986
40025,Cimarron,Cimarron County,6.758718784810877
20119,Meade,Meade County,11.174817338992979
20099,Labette,Labette County,62.08664576156526
21083,Graves,Graves County,116.12204884150447
21105,Hickman,Hickman County,14.657183566399945
23005,Cumberland,Cumberland County,448.8856763668174
48197,Hardeman,Hardeman County,11.465489747529073
18171,Warren,Warren County,22.98074426923447
18141,St. Joseph,St. Joseph County,701.5715074725075
18003,Allen,Allen County,954.9858124673581
20005,Atchison,Atchison County,49.73870611910538
34017,Hudson,Hudson County,1289.8128515165781
01079,Lawrence,Lawrence County,111.66004896961155
21041,Carroll,Carroll County,34.09771238138608
23013,Knox,Knox County,58.32586743941792
21037,Campbell,Campbell County,295.59037866612425
21023,Bracken,Bracken County,25.90143125744275
27135,Roseau,Roseau County,31.411111663935436
27063,Jackson,Jackson County,22.96928505202443
34039,Union,Union County,1104.4180711805552
13109,Evans,Evans County,27.56755681807654
40053,Grant,Grant County,12.890103628358402
40071,Kay,Kay County,151.8508445791942
40115,Ottawa,Ottawa County,84.25403041230642
01037,Coosa,Coosa County,33.87245001795522
21015,Boone,Boone County,434.1079379634483
28045,Hancock,Hancock County,148.45552798698574
28147,Walthall,Walthall County,44.5720321223207
13255,Spalding,Spalding County,179.70139407738966
13247,Rockdale,Rockdale County,251.57501422031555
40085,Love,Love County,31.779977199774272
41057,Tillamook,Tillamook County,71.4039550539209
01127,Walker,Walker County,213.63428634423963
22023,Cameron,Cameron Parish,19.47121228102138
28095,Monroe,Monroe County,111.6557975061011
29149,Oregon,Oregon County,22.572511130886507
35023,Hidalgo,Hidalgo County,10.741212447759061
35031,McKinley,McKinley County,167.24836019811312
35015,Eddy,Eddy County,156.3152637294587
40045,Ellis,Ellis County,11.464292031242453
41037,Lake,Lake County,21.518247547707553
22019,Calcasieu,Calcasieu Parish,1169.3621925305886
27169,Winona,Winona County,102.45471866399902
29133,Mississippi,Mississippi County,29.570993226955956
29173,Ralls,Ralls County,26.216849251998717
36085,Richmond,Richmond County,808.2392359262868
36087,Rockland,Rockland County,578.2380904688093
41059,Umatilla,Umatilla County,207.37480495077497
41063,Wallowa,Wallowa County,20.640174767360797
27055,Houston,Houston County,38.28621556712914
27115,Pine,Pine County,62.187952118182594
29510,St. Louis,St. Louis city,719.0556565668829
29005,Atchison,Atchison County,13.878626501152663
36003,Allegany,Allegany County,63.89237526673108
36101,Steuben,Steuben County,121.6189484806205
41029,Jackson,Jackson County,583.9771210090837
42039,Crawford,Crawford County,154.68925985282698
42083,McKean,McKean County,74.25854522031022
48147,Fannin,Fannin County,126.28824179633801
48501,Yoakum,Yoakum County,44.81726018317753
48359,Oldham,Oldham County,5.006579833721183
29147,Nodaway,Nodaway County,56.39020490498498
29097,Jasper,Jasper County,329.15377486656143
30075,Powder River,Powder River County,3.9913507363494167
36083,Rensselaer,Rensselaer County,249.04912170410205
36033,Franklin,Franklin County,48.8981200954071
42007,Beaver,Beaver County,436.21869766667896
45045,Greenville,Greenville County,1705.5954540005375
46083,Lincoln,Lincoln County,159.48666475726276
49009,Daggett,Daggett County,1.6250933519368522
49027,Millard,Millard County,28.5720988288562
50003,Bennington,Bennington County,61.45250274371321
30101,Toole,Toole County,11.716450727511319
31029,Chase,Chase County,12.995931418498909
31129,Nuckolls,Nuckolls County,15.570125246603991
31145,Red Willow,Red Willow County,39.70327041333759
13117,Forsyth,Forsyth County,699.1014855089047
13155,Irwin,Irwin County,23.51805833830974
46007,Bennett,Bennett County,7.0221716221086705
46135,Yankton,Yankton County,50.391393988773075
46101,Moody,Moody County,13.820821584477496
46011,Brookings,Brookings County,76.4543381088294
50021,Rutland,Rutland County,93.90031737003824
50011,Franklin,Franklin County,81.44392499388529
31127,Nemaha,Nemaha County,25.698294698441998
31147,Richardson,Richardson County,28.80520812890703
31095,Jefferson,Jefferson County,26.53343181385365
24047,Worcester,Worcester County,119.2644437885843
01063,Greene,Greene County,24.217535914025564
24510,Baltimore,Baltimore city,1180.8100314707856
25001,Barnstable,Barnstable County,471.01908526771376
26139,Ottawa,Ottawa County,569.4288158731855
46031,Corson,Corson County,8.10392885016908
51520,Bristol,Bristol city,51.7036313281305
51025,Brunswick,Brunswick County,45.3355929939217
32005,Douglas,Douglas County,143.9527772904161
32013,Humboldt,Humboldt County,42.98846188573935
33019,Sullivan,Sullivan County,67.63455150287139
26153,Schoolcraft,Schoolcraft County,15.31033415273634
26061,Houghton,Houghton County,70.10598016428459
46019,Butte,Butte County,26.00769843644858
46013,Brown,Brown County,84.96892145885357
16017,Bonner,Bonner County,127.08989791682812
16071,Oneida,Oneida County,13.66702355302737
18025,Crawford,Crawford County,28.164815837881488
19053,Decatur,Decatur County,26.296395312157635
19185,Wayne,Wayne County,22.198916069156308
26059,Hillsdale,Hillsdale County,85.49632950188689
26017,Bay,Bay County,191.9775715454821
47181,Wayne,Wayne County,45.030050282371526
47047,Fayette,Fayette County,123.82633778285123
16009,Benewah,Benewah County,26.861950984085183
17163,St. Clair,St. Clair County,557.949320221142
19133,Monona,Monona County,23.293062247295975
19155,Pottawattamie,Pottawattamie County,255.49353007258355
26151,Sanilac,Sanilac County,75.51030574719307
26011,Arenac,Arenac County,28.514574192562062
47099,Lawrence,Lawrence County,129.2707186535842
47115,Marion,Marion County,82.3828867514399
17149,Pike,Pike County,31.60353735800434
17101,Lawrence,Lawrence County,32.44456155088886
19139,Muscatine,Muscatine County,142.20636611888557
19089,Howard,Howard County,31.150213280864307
19191,Winneshiek,Winneshiek County,60.032393439213344
27047,Freeborn,Freeborn County,73.59065538835709
27045,Fillmore,Fillmore County,44.59343355869343
27157,Wabasha,Wabasha County,44.69184322878858
47125,Montgomery,Montgomery County,672.4459764593898
47131,Obion,Obion County,85.50553259465845
17075,Iroquois,Iroquois County,58.01920984683495
17131,Mercer,Mercer County,32.33808095142344
17201,Winnebago,Winnebago County,729.9888635222612
19043,Clayton,Clayton County,51.382527492178404
19007,Appanoose,Appanoose County,41.71211590743477
19059,Dickinson,Dickinson County,51.370705838324746
38011,Bowman,Bowman County,15.769928458147582
38029,Emmons,Emmons County,17.733072536426956
38009,Bottineau,Bottineau County,34.921881123638826
47137,Pickett,Pickett County,14.374276189841694
47171,Unicoi,Unicoi County,46.92908490697076
17151,Pope,Pope County,8.161146434712991
17071,Henderson,Henderson County,14.0082973163379
17083,Jersey,Jersey County,46.451714842761916
20039,Decatur,Decatur County,7.631968160312656
20201,Washington,Washington County,15.697990749850886
20013,Brown,Brown County,28.90472224231944
38013,Burke,Burke County,11.737688244371812
38019,Cavalier,Cavalier County,23.086794894984575
39053,Gallia,Gallia County,62.35390891136604
17089,Kane,Kane County,1341.5392989296624
17091,Kankakee,Kankakee County,280.17171913086946
51079,Greene,Greene County,58.77805977230827
51760,Richmond,Richmond city,675.3456574861146
51680,Lynchburg,Lynchburg city,208.84947957896685
51011,Appomattox,Appomattox County,48.10989948785671
46109,Roberts,Roberts County,24.427188359472662
46102,Oglala Lakota,Oglala Lakota County,28.55012857371081
48079,Cochran,Cochran County,7.043162621503278
17021,Christian,Christian County,73.09782580423632
54091,Taylor,Taylor County,53.49473680543537
51183,Sussex,Sussex County,31.041816123492335
51620,Franklin,Franklin city,24.091951212234637
13147,Hart,Hart County,70.62593935985618
51820,Waynesboro,Waynesboro city,67.16301686560078
48077,Clay,Clay County,35.63853607651682
48357,Ochiltree,Ochiltree County,27.244332004200803
50019,Orleans,Orleans County,51.463526510237095
55025,Dane,Dane County,1295.4475808977506
55027,Dodge,Dodge County,197.54298825082466
55047,Green Lake,Green Lake County,43.15830917223481
13115,Floyd,Floyd County,328.3025269175383
16057,Latah,Latah County,116.15273779210887
50007,Chittenden,Chittenden County,263.4995855011468
51650,Hampton,Hampton city,398.3097132490593
55113,Sawyer,Sawyer County,38.472090627573586
55097,Portage,Portage County,161.15289554774765
55033,Dunn,Dunn County,94.92201055354069
55139,Winnebago,Winnebago County,383.88035078512553
16055,Kootenai,Kootenai County,444.96716810327536
17195,Whiteside,Whiteside County,124.59245765252304
17177,Stephenson,Stephenson County,122.0940578944815
51089,Henry,Henry County,130.44665049199318
17133,Monroe,Monroe County,76.87557188527025
55115,Shawano,Shawano County,91.85573409621112
55055,Jefferson,Jefferson County,191.45184537057324
55053,Jackson,Jackson County,43.203198436826575
18091,LaPorte,LaPorte County,297.1921712245857
18135,Randolph,Randolph County,58.83088986457366
18111,Newton,Newton County,37.699660700940065
19189,Winnebago,Winnebago County,35.706020027350526
51077,Grayson,Grayson County,40.08512274337224
51683,Manassas,Manassas city,124.31727491195149
51530,Buena Vista,Buena Vista city,18.944627130047788
55131,Washington,Washington County,308.60282082002624
55073,Marathon,Marathon County,296.8416413001356
55005,Barron,Barron County,97.05160685469218
56031,Platte,Platte County,40.379236998787114
48431,Sterling,Sterling County,3.140952471749967
19005,Allamakee,Allamakee County,42.6055613833429
20129,Morton,Morton County,6.987372623912648
20191,Sumner,Sumner County,69.29285941435224
54097,Upshur,Upshur County,76.7853242620667
54089,Summers,Summers County,36.28289579583144
01061,Geneva,Geneva County,89.02898206943424
01057,Fayette,Fayette County,52.673868270154635
05113,Polk,Polk County,67.82136448965908
20037,Crawford,Crawford County,120.68608149691347
51075,Goochland,Goochland County,79.50545886703588
51049,Cumberland,Cumberland County,28.47338519005496
51750,Radford,Radford city,44.511773587584024
39135,Preble,Preble County,97.3014639863767
39081,Jefferson,Jefferson County,137.6752091162341
05033,Crawford,Crawford County,205.9961722509552
05077,Lee,Lee County,25.760686264017586
51021,Bland,Bland County,16.204302973086424
51720,Norton,Norton city,9.158629367152587
32029,Storey,Storey County,15.156801197985212
12109,St. Johns,St. Johns County,724.4025310733962
39013,Belmont,Belmont County,139.5907486261521
39007,Ashtabula,Ashtabula County,221.93724816826764
08081,Moffat,Moffat County,24.605704100701164
08095,Phillips,Phillips County,7.675316838840423
08103,Rio Blanco,Rio Blanco County,11.223285909101666
09160,Northwest Hills,Northwest Hills Planning Region,197.62062265564535
53001,Adams,Adams County,43.89637918876617
55049,Iowa,Iowa County,53.604480479781074
13285,Troup,Troup County,181.47998528470768
13053,Chattahoochee,Chattahoochee County,22.39300476811222
40139,Texas,Texas County,61.07220703155944
40003,Alfalfa,Alfalfa County,17.963259845430507
40105,Nowata,Nowata County,34.47585452228598
41011,Coos,Coos County,165.25019465155785
12085,Martin,Martin County,362.19666607307863
12111,St. Lucie,St. Lucie County,838.4950713674419
13145,Harris,Harris County,93.97669078740236
55119,Taylor,Taylor County,41.542310167189164
55078,Menominee,Menominee County,9.41670388212872
55137,Waushara,Waushara County,55.872703738586125
55129,Washburn,Washburn County,35.08443897141988
17127,Massac,Massac County,30.055007113748598
05031,Craighead,Craighead County,367.34951263963535
41025,Harney,Harney County,19.24043047954159
42073,Lawrence,Lawrence County,167.03713489928725
42015,Bradford,Bradford County,115.44317072748733
13295,Walker,Walker County,180.0702721393302
13101,Echols,Echols County,9.502730748118308
05005,Baxter,Baxter County,135.8943536482434
06035,Lassen,Lassen County,41.7733328198965
45033,Dillon,Dillon County,81.92998299555887
46027,Clay,Clay County,33.06501569377377
46091,Marshall,Marshall County,9.886161385152677
17179,Tazewell,Tazewell County,285.3517673145294
54061,Monongalia,Monongalia County,351.62344709398184
08007,Archuleta,Archuleta County,24.88427852544064
37157,Rockingham,Rockingham County,230.68626899141165
38033,Golden Valley,Golden Valley County,9.587291414229894
38001,Adams,Adams County,11.897646311431425
38095,Towner,Towner County,11.429928797516897
46121,Todd,Todd County,19.546405835699275
47161,Stewart,Stewart County,39.86487863748145
48165,Gaines,Gaines County,64.27623451581596
48421,Sherman,Sherman County,7.5208876948144745
17099,LaSalle,LaSalle County,272.158078760412
17113,McLean,McLean County,375.7287108483088
54051,Marshall,Marshall County,207.5696782482622
38081,Sargent,Sargent County,20.774905391113126
39155,Trumbull,Trumbull County,464.2161869625621
40065,Jackson,Jackson County,94.05531560971595
50013,Grand Isle,Grand Isle County,12.20297535278918
51590,Danville,Danville city,127.91557771096592
17057,Fulton,Fulton County,71.91847648623687
17109,McDonough,McDonough County,59.228213108075835
55071,Manitowoc,Manitowoc County,181.5547163202537
40129,Roger Mills,Roger Mills County,10.148433232450941
40041,Delaware,Delaware County,115.88768318036347
51810,Virginia Beach,Virginia Beach city,1314.0334162907945
51071,Giles,Giles County,71.77175213534801
17107,Logan,Logan County,60.950465641809146
56037,Sweetwater,Sweetwater County,302.4339564735245
05101,Newton,Newton County,24.014121452268554
05037,Cross,Cross County,52.14254379872025
44003,Kent,Kent County,295.8763551978588
46099,Minnehaha,Minnehaha County,443.4040321715934
53063,Spokane,Spokane County,1168.7712160333847
08097,Pitkin,Pitkin County,30.958640982876034
08014,Broomfield,Broomfield County,143.4484483185421
12027,DeSoto,DeSoto County,79.46943311969599
51065,Fluvanna,Fluvanna County,82.11128499357184
51840,Winchester,Winchester city,75.70533893476055
51775,Salem,Salem city,67.49721304008142
51730,Petersburg,Petersburg city,96.1759364307038
48169,Garza,Garza County,12.681236863839393
48275,Knox,Knox County,11.382468722019373
48353,Nolan,Nolan County,47.1799137210887
48417,Shackelford,Shackelford County,11.840200713725999
48507,Zavala,Zavala County,30.358083005345406
29105,Laclede,Laclede County,94.8738008469554
29117,Livingston,Livingston County,37.69325899256235
31111,Lincoln,Lincoln County,116.57621283703816
31117,McPherson,McPherson County,1.328923249940143
31071,Garfield,Garfield County,6.644946828778966
31085,Hayes,Hayes County,2.9276745705998763
31077,Greeley,Greeley County,8.349957441780958
37067,Forsyth,Forsyth County,994.3994031065637
37107,Lenoir,Lenoir County,142.27135195049377
48247,Jim Hogg,Jim Hogg County,14.539203817750217
38003,Barnes,Barnes County,58.99756898574021
38057,Mercer,Mercer County,45.81869078443182
29051,Cole,Cole County,193.17870890686336
31107,Knox,Knox County,28.54589821674068
31007,Banner,Banner County,1.6777878253059497
39165,Warren,Warren County,631.3848424235713
39157,Tuscarawas,Tuscarawas County,197.4102341286376
37077,Granville,Granville County,155.85450587674654
37097,Iredell,Iredell County,498.7896005858836
38073,Ransom,Ransom County,30.827306262648882
38093,Stutsman,Stutsman County,117.66507917672921
31177,Washington,Washington County,79.00274512137317
31031,Cherry,Cherry County,19.000633484401888
31043,Dakota,Dakota County,80.08008891708693
31157,Scotts Bluff,Scotts Bluff County,90.27293225968437
32017,Lincoln,Lincoln County,12.733470910643703
39109,Miami,Miami County,266.0221462513331
39103,Medina,Medina County,421.26311251804594
39169,Wayne,Wayne County,257.32055630740507
40059,Harper,Harper County,9.994744494281715
41067,Washington,Washington County,1535.1235299437399
48173,Glasscock,Glasscock County,2.551489370806009
48413,Schleicher,Schleicher County,5.574736646028825
26143,Roscommon,Roscommon County,45.15502862122425
26113,Missaukee,Missaukee County,28.684383491221656
26111,Midland,Midland County,185.54776287741723
34037,Sussex,Sussex County,298.85807269053186
37045,Cleveland,Cleveland County,254.38596214410015
37145,Person,Person County,98.92483430965859
39089,Licking,Licking County,394.0839658675976
39067,Harrison,Harrison County,30.45168826511
39003,Allen,Allen County,216.99130030388957
39129,Pickaway,Pickaway County,131.37139216658414
42077,Lehigh,Lehigh County,712.4475781971213
42013,Blair,Blair County,226.97193540373368
26125,Oakland,Oakland County,2381.3298245792603
26133,Osceola,Osceola County,43.889676380629716
26067,Ionia,Ionia County,124.13668761754101
38079,Rolette,Rolette County,64.50825772314413
38023,Divide,Divide County,11.74314495186659
39015,Brown,Brown County,107.04460543081265
39041,Delaware,Delaware County,495.9771442935933
39057,Greene,Greene County,403.11328182881095
39027,Clinton,Clinton County,101.09950664591555
42069,Lackawanna,Lackawanna County,407.0793592989183
42093,Montour,Montour County,33.69415691292033
20181,Sherman,Sherman County,16.494916093665474
26025,Calhoun,Calhoun County,263.2458498790485
26077,Kalamazoo,Kalamazoo County,452.98356174569875
27007,Beltrami,Beltrami County,96.20894736769868
27151,Swift,Swift County,21.377937298824225
38015,Burleigh,Burleigh County,550.1136360796571
38051,McIntosh,McIntosh County,13.68472417017787
39117,Morrow,Morrow County,79.14978591527445
40109,Oklahoma,Oklahoma County,2887.340986963286
20103,Leavenworth,Leavenworth County,260.59776185089544
01103,Morgan,Morgan County,523.1583397189506
27051,Grant,Grant County,12.65638266679865
27059,Isanti,Isanti County,88.95494500129702
27111,Otter Tail,Otter Tail County,124.85425181280637
27093,Meeker,Meeker County,48.41070615796021
39049,Franklin,Franklin County,2854.1509076319094
39137,Putnam,Putnam County,76.38299059982484
39131,Pike,Pike County,58.07344662382878
40121,Pittsburg,Pittsburg County,159.12384073995653
40021,Cherokee,Cherokee County,145.91580807399865
20147,Phillips,Phillips County,13.321563221468299
20117,Marshall,Marshall County,30.866247721195187
27153,Todd,Todd County,53.115476279740925
27109,Olmsted,Olmsted County,363.8027630730037
29229,Wright,Wright County,50.18931427318148
29049,Clinton,Clinton County,53.89151217510745
29179,Reynolds,Reynolds County,15.10145838257859
40123,Pontotoc,Pontotoc County,137.0593098879037
40015,Caddo,Caddo County,119.4650457000967
21111,Jefferson,Jefferson County,2485.057974888925
21117,Kenton,Kenton County,542.8847126295487
27079,Le Sueur,Le Sueur County,60.24694505375216
27143,Sibley,Sibley County,31.08980540408817
29177,Ray,Ray County,60.93847178407643
29139,Montgomery,Montgomery County,28.66296614250451
29101,Johnson,Johnson County,148.55368641512055
40037,Creek,Creek County,265.08402926905563
40005,Atoka,Atoka County,54.36858810453681
40019,Carter,Carter County,165.01171970121422
40111,Okmulgee,Okmulgee County,130.7242686868357
01007,Bibb,Bibb County,72.14788584838331
01133,Winston,Winston County,78.20046233848196
01091,Marengo,Marengo County,123.60682683620078
24013,Carroll,Carroll County,344.75181207561445
25027,Worcester,Worcester County,1449.3471701826068
26159,Van Buren,Van Buren County,127.69664367334526
28081,Lee,Lee County,275.04195868754346
28091,Marion,Marion County,77.91160972294395
28067,Jones,Jones County,213.09634768805012
28107,Panola,Panola County,107.05908713238257
29057,Dade,Dade County,20.687084489440394
29007,Audrain,Audrain County,60.929730623969434
29205,Shelby,Shelby County,14.841138094134374
29123,Madison,Madison County,32.84254014965062
29223,Wayne,Wayne County,28.00377169846918
40103,Noble,Noble County,38.564034778431385
40093,Major,Major County,26.805323798924505
40099,Murray,Murray County,49.08194723271703
26023,Branch,Branch County,84.59980196698571
26019,Benzie,Benzie County,34.72942019797453
26069,Iosco,Iosco County,47.79868797421346
28085,Lincoln,Lincoln County,111.56871951549334
28073,Lamar,Lamar County,212.91918850594493
28133,Sunflower,Sunflower County,78.66606198480315
29203,Shannon,Shannon County,18.727430407465885
30111,Yellowstone,Yellowstone County,476.20757040855597
40033,Cotton,Cotton County,20.322338049955707
40061,Haskell,Haskell County,43.05774095978706
27099,Mower,Mower County,93.28097904562844
27011,Big Stone,Big Stone County,10.616787390992965
28125,Sharkey,Sharkey County,10.729936131029575
28127,Simpson,Simpson County,82.67462610063298
30065,Musselshell,Musselshell County,12.40906361099303
30109,Wibaux,Wibaux County,1.9848462812572902
32021,Mineral,Mineral County,13.122325671072979
35001,Bernalillo,Bernalillo County,1792.7276604400945
35011,De Baca,De Baca County,3.882429844028561
28047,Harrison,Harrison County,677.4385731000008
28005,Amite,Amite County,40.016488951209354
28153,Wayne,Wayne County,63.36550020585489
28019,Choctaw,Choctaw County,26.831826418057524
28037,Franklin,Franklin County,24.46843229054967
31023,Butler,Butler County,31.87991543062948
31089,Holt,Holt County,37.89724746621142
35047,San Miguel,San Miguel County,72.70165603904154
36049,Lewis,Lewis County,36.419363425424635
36097,Schuyler,Schuyler County,23.11195648715419
29181,Ripley,Ripley County,27.958206541454555
29186,Ste. Genevieve,Ste. Genevieve County,48.65086902499755
29021,Buchanan,Buchanan County,223.44809978705337
29107,Lafayette,Lafayette County,89.80242117920743
29053,Cooper,Cooper County,42.690446187393874
31011,Boone,Boone County,20.150461555671445
31143,Polk,Polk County,19.754394793252168
31093,Howard,Howard County,24.54587519857475
31163,Sherman,Sherman County,11.237030295448143
31175,Valley,Valley County,15.218770226951797
36095,Schoharie,Schoharie County,42.492068145096106
36035,Fulton,Fulton County,74.82480876525564
30041,Hill,Hill County,37.150389966664626
01105,Perry,Perry County,25.525306787095747
31065,Furnas,Furnas County,17.241778934525414
29167,Polk,Polk County,87.89624946933934
29151,Osage,Osage County,33.6411133489935
29161,Phelps,Phelps County,117.1248681654594
31139,Pierce,Pierce County,27.506696333847568
31045,Dawes,Dawes County,24.618958808737
31101,Keith,Keith County,27.772533975884144
31149,Rock,Rock County,4.850121372463637
36041,Hamilton,Hamilton County,5.752511945332539
37081,Guilford,Guilford County,1369.1352229250267
48329,Midland,Midland County,388.7044240807879
48093,Comanche,Comanche County,50.89576120675217
48305,Lynn,Lynn County,16.173156321377547
48385,Real,Real County,9.197136918654996
29055,Crawford,Crawford County,58.50995165869331
29083,Henry,Henry County,60.85370601534483
29225,Webster,Webster County,109.38051064963845
31063,Frontier,Frontier County,9.807960713167482
31039,Cuming,Cuming County,33.58159984271353
31047,Dawson,Dawson County,91.13060336490953
31059,Fillmore,Fillmore County,20.865299096534255
37035,Catawba,Catawba County,411.5732714701316
37151,Randolph,Randolph County,371.1923867343092
37001,Alamance,Alamance County,445.31962612332876
48297,Live Oak,Live Oak County,34.905546048326094
48307,McCulloch,McCulloch County,24.192696028575256
48151,Fisher,Fisher County,12.316700848474255
48045,Briscoe,Briscoe County,4.243191739556884
25003,Berkshire,Berkshire County,222.37670743591298
01013,Butler,Butler County,60.650254173677695
26121,Muskegon,Muskegon County,331.5728468047722
13059,Clarke,Clarke County,333.3914454759525
13199,Meriwether,Meriwether County,53.70786461336066
16067,Minidoka,Minidoka County,55.057465262040814
18119,Owen,Owen County,58.107753435780914
18037,Dubois,Dubois County,117.4984318007308
29059,Dallas,Dallas County,47.456872609892095
31123,Morrill,Morrill County,11.786178232339704
39083,Knox,Knox County,135.72861507473976
39031,Coshocton,Coshocton County,79.31901266553415
26157,Tuscola,Tuscola County,102.00032583157295
26031,Cheboygan,Cheboygan County,48.86276123766376
13249,Schley,Schley County,11.61376330046167
31027,Cedar,Cedar County,31.16947858668441
32023,Nye,Nye County,161.37005079019693
35059,Union,Union County,10.910176516276232
18021,Clay,Clay County,72.27854306696452
54049,Marion,Marion County,182.08234367782308
40073,Kingfisher,Kingfisher County,54.64767700082398
42019,Butler,Butler County,383.8493270469755
42131,Wyoming,Wyoming County,182.14220504973062
45001,Abbeville,Abbeville County,74.7844117989112
28093,Marshall,Marshall County,113.34481494623591
39105,Meigs,Meigs County,46.80375163399933
39093,Lorain,Lorain County,727.9511143395798
55021,Columbia,Columbia County,129.45306535636433
46047,Fall River,Fall River County,17.18179497357615
47023,Chester,Chester County,49.351947176687474
28011,Bolivar,Bolivar County,93.14245550052678
28057,Itawamba,Itawamba County,80.0857889620944
41009,Columbia,Columbia County,130.797711717819
50017,Orange,Orange County,46.64932702955181
12086,Miami-Dade,Miami-Dade County,5951.109854622031
48505,Zapata,Zapata County,44.59842629906561
48383,Reagan,Reagan County,6.753831615256676
49031,Piute,Piute County,2.69259180325548
21233,Webster,Webster County,41.053129184596855
21211,Shelby,Shelby County,153.98197211804097
17005,Bond,Bond County,36.19192806007235
17019,Champaign,Champaign County,503.2806100453003
55079,Milwaukee,Milwaukee County,2064.2851167775934
56021,Laramie,Laramie County,490.0488752953767
12059,Holmes,Holmes County,45.373786316909666
05027,Columbia,Columbia County,69.9032838664128
19123,Mahaska,Mahaska County,73.61378065070096
19187,Webster,Webster County,104.05734343194347
19099,Jasper,Jasper County,129.62705892332025
19135,Monroe,Monroe County,41.36285860550428
19017,Bremer,Bremer County,77.2727337579909
19157,Poweshiek,Poweshiek County,65.90614467766542
21087,Green,Green County,36.07439239414358
22003,Allen,Allen Parish,90.33360002187493
08039,Elbert,Elbert County,55.14865918618996
08003,Alamosa,Alamosa County,33.44496936436983
13233,Polk,Polk County,113.82849257407219
37185,Warren,Warren County,48.631575585955666
42001,Adams,Adams County,214.35624757670325
20095,Kingman,Kingman County,22.16520954139884
20127,Morris,Morris County,16.65970180356014
20177,Shawnee,Shawnee County,554.3463016408692
20159,Rice,Rice County,31.381987824005744
22061,Lincoln,Lincoln Parish,204.53665114124598
23001,Androscoggin,Androscoggin County,163.17075082139527
13231,Pike,Pike County,52.42486720956306
13273,Terrell,Terrell County,22.693113431022358
46105,Perkins,Perkins County,6.072584038904036
48117,Deaf Smith,Deaf Smith County,51.50772014411965
16021,Boundary,Boundary County,33.09625438728795
17045,Edgar,Edgar County,35.972497738019484
29217,Vernon,Vernon County,53.45598129155596
31015,Boyd,Boyd County,6.316928761721306
26081,Kent,Kent County,1243.329165175894
17011,Bureau,Bureau County,73.27934700783253
17121,Marion,Marion County,81.65732723305804
18109,Morgan,Morgan County,197.61622618164634
19127,Marshall,Marshall County,135.32542682871468
19177,Van Buren,Van Buren County,24.68851568224815
20081,Haskell,Haskell County,10.13282528610966
17023,Clark,Clark County,33.211763176691385
18001,Adams,Adams County,89.88716763658525
19109,Kossuth,Kossuth County,40.23365000518579
20137,Norton,Norton County,14.943476257217029
22051,Jefferson,Jefferson Parish,1720.2096548169584
32007,Elko,Elko County,136.05458589608364
36015,Chemung,Chemung County,107.41099416729982
17041,Douglas,Douglas County,43.066553237719866
54077,Preston,Preston County,111.22902714747573
17061,Greene,Greene County,25.955530928704004
21137,Lincoln,Lincoln County,75.18685658374805
21143,Lyon,Lyon County,29.505862892596916
26087,Lapeer,Lapeer County,166.59216602039248
23029,Washington,Washington County,88.7066928545396
29145,Newton,Newton County,161.46490867891538
29111,Lewis,Lewis County,24.53666601209718
13013,Barrow,Barrow County,237.74490141213104
37041,Chowan,Chowan County,32.58438444136823
39017,Butler,Butler County,999.0641858942884
56023,Lincoln,Lincoln County,233.3405796880045
56015,Goshen,Goshen County,58.75325602191746
05141,Van Buren,Van Buren County,51.90057972179387
26079,Kalkaska,Kalkaska County,34.73588720464558
27149,Stevens,Stevens County,20.155154451484194
28097,Montgomery,Montgomery County,30.869786096662324
29089,Howard,Howard County,25.243525182760198
51035,Carroll,Carroll County,76.674244084251
17115,Macon,Macon County,553.170391402465
17139,Moultrie,Moultrie County,31.49429330767924
42009,Bedford,Bedford County,89.11358424307456
47103,Lincoln,Lincoln County,101.42109246281909
26131,Ontonagon,Ontonagon County,11.041389788882437
29155,Pemiscot,Pemiscot County,38.57923932834408
29093,Iron,Iron County,23.589407091436883
31001,Adams,Adams County,116.38755964895249
35037,Quay,Quay County,20.376928082982364
37135,Orange,Orange County,383.07189963420296
17159,Richland,Richland County,34.07019623252618
17053,Ford,Ford County,29.3414930391881
05051,Garland,Garland County,309.42434005314857
48485,Wichita,Wichita County,435.42858431150773
19159,Ringgold,Ringgold County,14.402163668997943
29213,Taney,Taney County,152.4950849575372
29163,Pike,Pike County,44.79855693118107
29153,Ozark,Ozark County,23.23358544134609
29081,Harrison,Harrison County,21.445432593525148
37037,Chatham,Chatham County,203.4676369539353
40035,Craig,Craig County,40.84291844730775
05043,Drew,Drew County,52.957621972014365
08047,Gilpin,Gilpin County,11.597376407027369
19085,Harrison,Harrison County,40.32537872277344
19097,Jackson,Jackson County,65.34353971643291
20189,Stevens,Stevens County,14.11341060212447
33005,Cheshire,Cheshire County,119.53451010434831
35025,Lea,Lea County,172.43747503124175
41069,Wheeler,Wheeler County,3.6583773789167133
42025,Carbon,Carbon County,206.716879928997
13085,Dawson,Dawson County,81.34244297059244
13161,Jeff Davis,Jeff Davis County,38.232577373906395
21219,Todd,Todd County,39.79017126882344
01015,Calhoun,Calhoun County,384.28047576797957
36005,Bronx,Bronx County,2135.5572749626017
46079,Lake,Lake County,23.63682733237837
47087,Jackson,Jackson County,34.64935632522692
48255,Karnes,Karnes County,47.95344443349626
18045,Fountain,Fountain County,45.133252889843256
19171,Tama,Tama County,50.58988930222715
20009,Barton,Barton County,69.54311717628289
20109,Logan,Logan County,7.616895419367086
20101,Lane,Lane County,4.284973592678926
21047,Christian,Christian County,229.04741352532895
21019,Boyd,Boyd County,130.17622263883243
36107,Tioga,Tioga County,62.26437959550462
48049,Brown,Brown County,141.86117088453534
48483,Wheeler,Wheeler County,15.224250296354288
49039,Sanpete,Sanpete County,58.438942120469726
51570,Colonial Heights,Colonial Heights city,53.257133745233375
21141,Logan,Logan County,90.46606105748954
26145,Saginaw,Saginaw County,351.74760995482796
27117,Pipestone,Pipestone County,21.204503731602202
29215,Texas,Texas County,66.26962875868925
01123,Tallapoosa,Tallapoosa County,134.1874216886401
25019,Nantucket,Nantucket County,28.88344783032113
36019,Clinton,Clinton County,81.87140163750959
13165,Jenkins,Jenkins County,22.090189736002873
13259,Stewart,Stewart County,12.022459566326104
16065,Madison,Madison County,117.35617828889734
13093,Dooly,Dooly County,28.104340960844517
13175,Laurens,Laurens County,166.5742252570821
29115,Linn,Linn County,29.600221885229345
29043,Christian,Christian County,252.58626008791634
29141,Morgan,Morgan County,55.735072493835716
29075,Gentry,Gentry County,16.6242119197489
40119,Payne,Payne County,294.32494323332196
40081,Lincoln,Lincoln County,122.71080166190882
47015,Cannon,Cannon County,42.21647134852032
47071,Hardin,Hardin County,164.08901701228285
13069,Coffee,Coffee County,111.21455033555011
30037,Golden Valley,Golden Valley County,2.116277319395611
56009,Converse,Converse County,66.95929006436087
04003,Cochise,Cochise County,358.8098023694419
05049,Fulton,Fulton County,39.69815083059817
40051,Grady,Grady County,186.2843954360296
48299,Llano,Llano County,73.88316224781516
48209,Hays,Hays County,913.2893487730014
31053,Dodge,Dodge County,139.04863547865702
31173,Thurston,Thurston County,24.682535581292733
13211,Morgan,Morgan County,54.92656552337674
17141,Ogle,Ogle County,133.33238106385912
12035,Flagler,Flagler County,300.11230384228094
13087,Decatur,Decatur County,74.63177869394177
17015,Carroll,Carroll County,41.00697920068347
48191,Hall,Hall County,8.475146747198052
48235,Irion,Irion County,3.463447121474141
48033,Borden,Borden County,1.2686987877840388
49041,Sevier,Sevier County,43.48518804456949
49021,Iron,Iron County,122.84139380749156
50023,Washington,Washington County,95.28195661871729
12133,Washington,Washington County,57.5560310679866
31017,Brown,Brown County,10.76442813935412
31105,Kimball,Kimball County,9.161409435018859
33013,Merrimack,Merrimack County,257.45936842968064
17025,Clay,Clay County,28.66509446724716
17087,Johnson,Johnson County,29.243737070644304
17155,Putnam,Putnam County,12.257212327788654
19145,Page,Page County,41.502515037168635
19061,Dubuque,Dubuque County,351.3686717100495
20035,Cowley,Cowley County,106.18139284061277
13223,Paulding,Paulding County,471.22634462339744
13023,Bleckley,Bleckley County,31.944788637996485
46045,Edmunds,Edmunds County,8.69317810554115
46067,Hutchinson,Hutchinson County,15.843587175622082
46059,Hand,Hand County,6.610556530457492
35006,Cibola,Cibola County,69.01154015164067
35057,Torrance,Torrance County,41.38506736073778
35028,Los Alamos,Los Alamos County,51.03657669090354
18079,Jennings,Jennings County,74.53898638484452
18041,Fayette,Fayette County,63.37760958169428
18137,Ripley,Ripley County,78.85285075727218
18121,Parke,Parke County,44.47934931813794
21075,Fulton,Fulton County,20.17935599975517
27105,Nobles,Nobles County,49.932959260708884
28113,Pike,Pike County,126.69346179488495
46081,Lawrence,Lawrence County,69.21593156806775
46015,Brule,Brule County,11.28326033092462
46107,Potter,Potter County,5.170474060388996
36109,Tompkins,Tompkins County,173.3880844141709
36023,Cortland,Cortland County,60.389548992159
36099,Seneca,Seneca County,51.0485770490747
18101,Martin,Martin County,26.712799350426923
18073,Jasper,Jasper County,94.07052821061562
19153,Polk,Polk County,1702.6695488071173
48309,McLennan,McLennan County,976.1352991574724
48251,Johnson,Johnson County,735.3160003669849
48451,Tom Green,Tom Green County,378.25925771006723
48133,Eastland,Eastland County,66.2154084769102
48285,Lavaca,Lavaca County,66.95987836597463
48113,Dallas,Dallas County,9469.104939380779
48013,Atascosa,Atascosa County,157.37720855725243
38063,Nelson,Nelson County,16.910394527850542
38061,Mountrail,Mountrail County,51.609992965712436
38089,Stark,Stark County,181.518254997526
19049,Dallas,Dallas County,380.95067491683585
19021,Buena Vista,Buena Vista County,56.392051121141435
19015,Boone,Boone County,91.2261970629746
19141,O'Brien,O'Brien County,39.30492036069835
19091,Humboldt,Humboldt County,26.047770002958316
48101,Cottle,Cottle County,3.969812304983639
48183,Gregg,Gregg County,437.19347827533295
48233,Hutchinson,Hutchinson County,77.56422512446456
48127,Dimmit,Dimmit County,26.894416286942402
48447,Throckmorton,Throckmorton County,5.594465049408782
48337,Montague,Montague County,70.28083198405388
48159,Franklin,Franklin County,37.277701475070735
48445,Terry,Terry County,32.429223218927135
38083,Sheridan,Sheridan County,6.963452157191248
39091,Logan,Logan County,109.77283404261219
39063,Hancock,Hancock County,166.73143629716265
39121,Noble,Noble County,30.772898426301918
20051,Ellis,Ellis County,83.34388264761613
20143,Ottawa,Ottawa County,18.08995263993388
20169,Saline,Saline County,165.0093037950853
20155,Reno,Reno County,172.24795700258034
20105,Lincoln,Lincoln County,8.170404650251275
30011,Carter,Carter County,3.2268414966315606
30079,Prairie,Prairie County,2.3619706977748653
31037,Colfax,Colfax County,35.48261784163002
31041,Custer,Custer County,40.03019288124264
48461,Upton,Upton County,9.468645123939789
48163,Frio,Frio County,54.201559361341175
48179,Gray,Gray County,59.27058032162006
48425,Somervell,Somervell County,36.04917208610511
48211,Hemphill,Hemphill County,8.953846041947973
48107,Crosby,Crosby County,14.691861630333278
48433,Stonewall,Stonewall County,4.035208736956424
27121,Pope,Pope County,23.52884515948326
39023,Clark,Clark County,309.74818117686607
39059,Guernsey,Guernsey County,82.1054919999772
39005,Ashland,Ashland County,118.99843335434615
39159,Union,Union County,159.98666938335217
20031,Coffey,Coffey County,26.2302429377333
20171,Scott,Scott County,13.715562474454675
20087,Jefferson,Jefferson County,57.00259401314172
20179,Sheridan,Sheridan County,6.860449669453521
20071,Greeley,Greeley County,3.294285345294179
31181,Webster,Webster County,12.738477133122595
31019,Buffalo,Buffalo County,191.70600098844287
31013,Box Butte,Box Butte County,30.779924349137275
27159,Wadena,Wadena County,29.350411191667664
28099,Neshoba,Neshoba County,94.9137039412278
28065,Jefferson Davis,Jefferson Davis County,35.2814529267242
28115,Pontotoc,Pontotoc County,104.76733010343223
40049,Garvin,Garvin County,86.04883206101395
40131,Rogers,Rogers County,367.398755475997
20187,Stanton,Stanton County,5.311836302655829
21173,Montgomery,Montgomery County,87.09175660924994
21057,Cumberland,Cumberland County,19.03801807549736
31003,Antelope,Antelope County,22.96520721407418
32027,Pershing,Pershing County,18.204136967712333
35049,Santa Fe,Santa Fe County,412.57580392699697
28135,Tallahatchie,Tallahatchie County,38.78408911402242
29039,Cedar,Cedar County,39.52421377623584
29001,Adair,Adair County,62.8878605716686
29169,Pulaski,Pulaski County,139.0655686918361
41071,Yamhill,Yamhill County,274.1950258831747
41049,Morrow,Morrow County,33.027584316846664
22121,West Baton Rouge,West Baton Rouge Parish,124.51003897243675
22049,Jackson,Jackson Parish,146.66253960881667
26075,Jackson,Jackson County,298.5747512160915
36039,Greene,Greene County,76.16102622965936
36057,Montgomery,Montgomery County,70.6944012171293
29079,Grundy,Grundy County,25.418545423124314
29211,Sullivan,Sullivan County,14.727655359540329
29131,Miller,Miller County,64.12356581939952
29015,Benton,Benton County,55.338971911668224
42011,Berks,Berks County,863.5693472106556
42087,Mifflin,Mifflin County,86.66173803403649
26095,Luce,Luce County,12.040519453740364
26039,Crawford,Crawford County,25.40576017514699
27037,Dakota,Dakota County,922.3078325666554
37197,Yadkin,Yadkin County,94.27270553084267
37063,Durham,Durham County,837.5634532538215
40083,Logan,Logan County,187.92444302002428
40097,Mayes,Mayes County,111.03500478967693
42075,Lebanon,Lebanon County,289.78859599546456
51197,Wythe,Wythe County,73.69886930815575
51045,Craig,Craig County,13.90455628741302
51660,Harrisonburg,Harrisonburg city,147.7868265072911
27123,Ramsey,Ramsey County,1107.8426142537658
27035,Crow Wing,Crow Wing County,140.6623065132461
27005,Becker,Becker County,72.66061993798922
37191,Wayne,Wayne County,307.04924031530624
37061,Duplin,Duplin County,129.40596068432689
42119,Union,Union County,84.91317534209846
42081,Lycoming,Lycoming County,213.39508215835954
51640,Galax,Galax city,17.620342278958855
53013,Columbia,Columbia County,8.75616746117189
55087,Outagamie,Outagamie County,504.19605529173646
27003,Anoka,Anoka County,767.8085895912475
27095,Mille Lacs,Mille Lacs County,56.48526876716824
27029,Clearwater,Clearwater County,17.80106470838622
37003,Alexander,Alexander County,90.91419180645059
38031,Foster,Foster County,18.200681823179966
38045,LaMoure,LaMoure County,22.57122095559978
38069,Pierce,Pierce County,21.462393615608413
42079,Luzerne,Luzerne County,617.0792270018582
13307,Webster,Webster County,5.988386882495242
46037,Day,Day County,12.275420442910129
55077,Marquette,Marquette County,35.42830364796556
55103,Richland,Richland County,36.66644270179947
56017,Hot Springs,Hot Springs County,22.61670202108252
28025,Clay,Clay County,60.5034596336816
28139,Tippah,Tippah County,70.73166612996526
28119,Quitman,Quitman County,17.86450038692995
39073,Hocking,Hocking County,59.23247227571101
39175,Wyandot,Wyandot County,46.61374353905748
39151,Stark,Stark County,822.8086863310846
46125,Turner,Turner County,22.750142542165836
46033,Custer,Custer County,20.593966638864405
46017,Buffalo,Buffalo County,4.002926473508788
17193,White,White County,29.47684152201241
18043,Floyd,Floyd County,218.1132368132897
18007,Benton,Benton County,23.552286625311904
28123,Scott,Scott County,89.5757564046121
28101,Newton,Newton County,68.10792192335254
29121,Macon,Macon County,37.98504898517183
29067,Douglas,Douglas County,31.66070032831698
39141,Ross,Ross County,214.45184586173477
39077,Huron,Huron County,131.88803538423574
39047,Fayette,Fayette County,68.92664690187617
46063,Harding,Harding County,3.909577838928267
47075,Haywood,Haywood County,48.580273174838624
18039,Elkhart,Elkhart County,521.4984551342292
18033,DeKalb,DeKalb County,107.5532495254493
13063,Clayton,Clayton County,765.1858984245325
13171,Lamar,Lamar County,52.65243299385711
27041,Douglas,Douglas County,82.79518359738117
28031,Covington,Covington County,58.082251124920106
29071,Franklin,Franklin County,265.99232456914274
17001,Adams,Adams County,143.24471160600396
51690,Martinsville,Martinsville city,36.19306722544037
56019,Johnson,Johnson County,42.46846018653734
21191,Pendleton,Pendleton County,45.11761017154214
26107,Mecosta,Mecosta County,77.21776730269727
29185,St. Clair,St. Clair County,26.36125777620852
30097,Sweet Grass,Sweet Grass County,8.590297256700032
35041,Roosevelt,Roosevelt County,43.833230546642056
29073,Gasconade,Gasconade County,36.83448833921116
30095,Stillwater,Stillwater County,20.941431183610995
31113,Logan,Logan County,2.4821229568735688
35003,Catron,Catron County,10.1203300401952
50005,Caledonia,Caledonia County,51.411440742510656
18087,LaGrange,LaGrange County,110.3852913616974
39071,Highland,Highland County,93.95674269004289
40055,Greer,Greer County,23.696345409314937
19033,Cerro Gordo,Cerro Gordo County,147.20045224880394
05083,Logan,Logan County,71.3471831570995
18169,Wabash,Wabash County,86.47627919248609
27085,McLeod,McLeod County,79.8260515725918
12067,Lafayette,Lafayette County,19.90160018592859
48463,Uvalde,Uvalde County,83.53962933139638
38039,Griggs,Griggs County,12.364802882595518
01083,Limestone,Limestone County,384.0764394584126
16011,Bingham,Bingham County,128.5745662340782
48415,Scurry,Scurry County,164.06655702512754
28159,Winston,Winston County,57.89728527196247
30025,Fallon,Fallon County,6.344097836342969
40153,Woodward,Woodward County,61.68742809314323
26149,St. Joseph,St. Joseph County,102.43439511917603
18151,Steuben,Steuben County,94.18481361124621
01113,Russell,Russell County,335.5842799711562
21093,Hardin,Hardin County,343.4833174791174
26053,Gogebic,Gogebic County,26.654643820440082
40141,Tillman,Tillman County,25.711674350190208
47013,Campbell,Campbell County,112.7676287656239
51171,Shenandoah,Shenandoah County,130.24361231472218
55037,Florence,Florence County,10.44872094322592
12093,Okeechobee,Okeechobee County,94.62569319535372
22073,Ouachita,Ouachita Parish,742.9280972600923
30043,Jefferson,Jefferson County,29.78235312122204
37027,Caldwell,Caldwell County,201.1668082034616
48213,Henderson,Henderson County,300.7887551515582
53025,Grant,Grant County,185.45727159022996
13151,Henry,Henry County,668.8987636392611
48189,Hale,Hale County,89.24114205249987
39161,Van Wert,Van Wert County,63.72271985123771
19119,Lyon,Lyon County,36.59784643570565
01027,Clay,Clay County,46.551560718082236
26127,Oceana,Oceana County,50.62942441410624
13139,Hall,Hall County,557.2791832178351
18099,Marshall,Marshall County,125.90818538835254
30057,Madison,Madison County,22.07264879368922
51073,Gloucester,Gloucester County,115.36459549587903
27025,Chisago,Chisago County,120.62682555695122
39145,Scioto,Scioto County,161.9911592492717
55083,Oconto,Oconto County,88.76365822290815
51685,Manassas Park,Manassas Park city,47.14186762684337
55133,Waukesha,Waukesha County,920.6910763032797
55141,Wood,Wood County,221.6063681944652
01067,Henry,Henry County,59.08219032418675
17119,Madison,Madison County,669.9546465441674
19129,Mills,Mills County,40.123079671947714
55099,Price,Price County,29.78213649815606
35019,Guadalupe,Guadalupe County,10.368028558113329
38041,Hettinger,Hettinger County,13.283461253513524
39119,Muskingum,Muskingum County,185.64665737894302
39163,Vinton,Vinton County,26.843505202645492
40039,Custer,Custer County,99.70570740074186
06075,San Francisco,San Francisco County,1001.769708066552
48487,Wilbarger,Wilbarger County,39.6444275467578
28075,Lauderdale,Lauderdale County,230.82551852176476
29199,Scotland,Scotland County,11.738229882617127
31087,Hitchcock,Hitchcock County,9.608703929633004
39037,Darke,Darke County,123.51532480598306
18173,Warrick,Warrick County,593.1887225963114
18105,Monroe,Monroe County,376.47013380758136
26093,Livingston,Livingston County,368.2228087540446
47109,McNairy,McNairy County,73.36367351830329
53059,Skamania,Skamania County,26.90866005202217
31075,Grant,Grant County,1.9910443573140226
40127,Pushmataha,Pushmataha County,40.422801950619785
46129,Walworth,Walworth County,11.290223796962005
48263,Kent,Kent County,2.3960956660990536
48363,Palo Pinto,Palo Pinto County,108.15722930733529
17145,Perry,Perry County,45.07201695270727
55089,Ozaukee,Ozaukee County,208.9143497570338
51670,Hopewell,Hopewell city,124.70384960731131
13067,Cobb,Cobb County,1996.4016863675413
48221,Hood,Hood County,245.74871588153312
28017,Chickasaw,Chickasaw County,56.031857181977806
55135,Waupaca,Waupaca County,114.87274134127728
55091,Pepin,Pepin County,15.428834342575714
01029,Cleburne,Cleburne County,51.58806961310009
13017,Ben Hill,Ben Hill County,44.055536942302595
13201,Miller,Miller County,14.948830819917314
19143,Osceola,Osceola County,28.48944411236797
20185,Stafford,Stafford County,11.509251007964956
28069,Kemper,Kemper County,28.28888062424679
29125,Maries,Maries County,21.155490356146775
29219,Warren,Warren County,94.38936293114647
31079,Hall,Hall County,234.85003698636595
05055,Greene,Greene County,157.5382250906059
17013,Calhoun,Calhoun County,9.52244450921036
55109,St. Croix,St. Croix County,200.50368029071353
05065,Izard,Izard County,45.96594733486655
12099,Palm Beach,Palm Beach County,3505.0857704382647
19113,Linn,Linn County,954.3394669394111
19105,Jones,Jones County,73.43686793166295
31073,Gosper,Gosper County,6.979467418537602
36121,Wyoming,Wyoming County,50.01428904215959
19173,Taylor,Taylor County,16.775344924196894
51770,Roanoke,Roanoke city,254.85022070021475
55041,Forest,Forest County,20.813956234850195
08025,Crowley,Crowley County,10.760865095987064
13287,Turner,Turner County,22.985404859559008
26117,Montcalm,Montcalm County,127.73983395084376
31009,Blaine,Blaine County,1.64909784382616
31125,Nance,Nance County,12.37787211533717
35005,Chaves,Chaves County,155.89314983103307
37183,Wake,Wake County,2963.295956862617
38065,Oliver,Oliver County,10.335155534945844
13193,Macon,Macon County,90.92344467388868
18081,Johnson,Johnson County,452.8858926238726
48027,Bell,Bell County,1426.5892039974976
05009,Boone,Boone County,123.25768663819217
08063,Kit Carson,Kit Carson County,12.31398503135565
38021,Dickey,Dickey County,26.97131184531024
39045,Fairfield,Fairfield County,355.6830219755897
39097,Madison,Madison County,100.10758849378554
12115,Sarasota,Sarasota County,1052.2759519768151
48259,Kendall,Kendall County,162.01354693910628
48365,Panola,Panola County,75.12476831130022
48171,Gillespie,Gillespie County,89.3460754514191
13149,Heard,Heard County,30.805879016902033
39087,Lawrence,Lawrence County,120.68961559043737
42105,Potter,Potter County,30.455815763467694
46051,Grant,Grant County,18.216989152626265
48111,Dallam,Dallam County,20.375878675221003
40091,McIntosh,McIntosh County,71.0643796984068
40149,Washita,Washita County,40.191676599809966
05035,Crittenden,Crittenden County,147.48118563411447
41041,Lincoln,Lincoln County,142.47901595485996
18093,Lawrence,Lawrence County,122.56592907611768
18103,Miami,Miami County,95.5469167717623
19081,Hancock,Hancock County,31.14107396208951
19095,Iowa,Iowa County,55.24933824697163
20193,Thomas,Thomas County,22.16905674567794
17157,Randolph,Randolph County,65.93134580044499
17085,Jo Daviess,Jo Daviess County,58.05128510028381
27161,Waseca,Waseca County,39.32225800117288
27083,Lyon,Lyon County,52.45465967010157
28077,Lawrence,Lawrence County,137.85430455751754
31167,Stanton,Stanton County,22.040267223810137
35061,Valencia,Valencia County,207.51350765637278
47067,Hancock,Hancock County,19.495036733500502
17059,Gallatin,Gallatin County,10.29668656925328
20079,Harvey,Harvey County,104.70401037899664
21009,Barren,Barren County,135.17162839741232
18155,Switzerland,Switzerland County,27.027999511922253
19071,Fremont,Fremont County,17.707243006073206
20175,Seward,Seward County,58.99441148500561
39065,Hardin,Hardin County,65.31173692950934
40017,Canadian,Canadian County,551.3950889992899
48441,Taylor,Taylor County,485.5340540875922
18029,Dearborn,Dearborn County,138.21407026293025
20089,Jewell,Jewell County,7.940589960604176
21213,Simpson,Simpson County,64.25405072188677
23011,Kennebec,Kennebec County,181.13799361770958
51550,Chesapeake,Chesapeake city,737.104375409788
17165,Saline,Saline County,50.33838480756759
21185,Oldham,Oldham County,225.6552685462464
01021,Chilton,Chilton County,153.16512416591868
23009,Hancock,Hancock County,89.07244694997208
36093,Schenectady,Schenectady County,230.21263541058025
37109,Lincoln,Lincoln County,238.64810423904152
38049,McHenry,McHenry County,28.22264941139425
27133,Rock,Rock County,21.867742499417115
28023,Clarke,Clarke County,49.83261305613995
35009,Curry,Curry County,114.12265134798666
36073,Orleans,Orleans County,49.281695942919704
54055,Mercer,Mercer County,181.7232760768542
55013,Burnett,Burnett County,35.441690987201696
26101,Manistee,Manistee County,69.63885074716191
28059,Jackson,Jackson County,470.81500939216807
39113,Montgomery,Montgomery County,1281.9702037620846
39115,Morgan,Morgan County,29.351110554915312
40107,Okfuskee,Okfuskee County,40.034439568650065
13071,Colquitt,Colquitt County,119.92500331336386
13005,Bacon,Bacon County,28.494747512479535
19115,Louisa,Louisa County,35.39013497072042
56001,Albany,Albany County,185.5289543128307
05087,Madison,Madison County,65.56470232431907
29009,Barry,Barry County,94.5049909356946
35029,Luna,Luna County,74.90627170490245
13035,Butts,Butts County,68.94269217492395
42053,Forest,Forest County,12.315129317380704
54005,Boone,Boone County,64.39787375695443
55081,Monroe,Monroe County,95.87436242108197
55067,Langlade,Langlade County,43.28505711585743
19019,Buchanan,Buchanan County,69.78437492526474
20059,Franklin,Franklin County,84.81508150051278
20195,Trego,Trego County,7.75439693597711
51043,Clarke,Clarke County,42.38807399462375
45039,Fairfield,Fairfield County,62.20378989760085
47077,Henderson,Henderson County,78.71009550976704
48473,Waller,Waller County,206.85394403221224
48087,Collingsworth,Collingsworth County,9.118398614278194
13277,Tift,Tift County,107.09410634819706
18097,Marion,Marion County,2625.0993673640032
18065,Henry,Henry County,132.00311560150064
18181,White,White County,68.21448828437444
01039,Covington,Covington County,125.23238950126733
05105,Perry,Perry County,31.57988366238086
12019,Clay,Clay County,527.1390828434312
46025,Clark,Clark County,8.86787835627796
47007,Bledsoe,Bledsoe County,42.207113380974285
48439,Tarrant,Tarrant County,7951.721638697804
19181,Warren,Warren County,186.05950408314567
19103,Johnson,Johnson County,543.1733037286509
19137,Montgomery,Montgomery County,27.93037196238318
20065,Graham,Graham County,6.636162469648174
01077,Lauderdale,Lauderdale County,324.3465372317993
13131,Grady,Grady County,67.36277520261073
20011,Bourbon,Bourbon County,44.82178013525174
21145,McCracken,McCracken County,229.61950772005034
21171,Monroe,Monroe County,35.91286512571757
48123,DeWitt,DeWitt County,64.93746580975906
26045,Eaton,Eaton County,204.30453222891148
27057,Hubbard,Hubbard County,45.57792883367532
20003,Anderson,Anderson County,25.91459730907364
20083,Hodgeman,Hodgeman County,4.6695087376116415
22089,St. Charles,St. Charles Parish,735.9928021585671
26161,Washtenaw,Washtenaw County,740.6508936513427
16019,Bonneville,Bonneville County,295.1204761632394
17183,Vermilion,Vermilion County,157.93834522233962
20007,Barber,Barber County,11.431978199689926
27081,Lincoln,Lincoln County,10.55554614908452
28027,Coahoma,Coahoma County,64.55215084606509
30091,Sheridan,Sheridan County,7.332892469927088
28071,Lafayette,Lafayette County,194.25886635656434
28015,Carroll,Carroll County,30.655264813294618
17093,Kendall,Kendall County,361.1604193661853
55045,Green,Green County,82.70020820586099
55125,Vilas,Vilas County,50.9004189208285
05123,St. Francis,St. Francis County,69.89882378981699
20183,Smith,Smith County,10.028019128069106
35053,Socorro,Socorro County,43.2225853290369
51830,Williamsburg,Williamsburg city,45.860152283434545
31165,Sioux,Sioux County,3.2145706871846653
36021,Columbia,Columbia County,87.2701287732169
39099,Mahoning,Mahoning County,517.1022171331048
29047,Clay,Clay County,682.8587143226052
29135,Moniteau,Moniteau County,38.11441906266952
31119,Madison,Madison County,134.82819970793878
05079,Lincoln,Lincoln County,40.056817673374205
08045,Garfield,Garfield County,117.69957191614193
13057,Cherokee,Cherokee County,735.1738483010371
26043,Dickinson,Dickinson County,106.18997070002452
20073,Greenwood,Greenwood County,18.331347855394466
26065,Ingham,Ingham County,582.525507612016
40151,Woods,Woods County,29.53580109275518
44001,Bristol,Bristol County,79.417816771946
51678,Lexington,Lexington city,21.75347941561293
54105,Wirt,Wirt County,16.31995047003553
55069,Lincoln,Lincoln County,79.7368930697323
47083,Houston,Houston County,23.5305914473702
48115,Dawson,Dawson County,26.179893257540588
26123,Newaygo,Newaygo County,95.8405081626901
27033,Cottonwood,Cottonwood County,25.99369499597698
27087,Mahnomen,Mahnomen County,10.873423903298342
17117,Macoupin,Macoupin County,97.16436080009771
05047,Franklin,Franklin County,58.12295203214275
01017,Chambers,Chambers County,112.42318234836135
48097,Cooke,Cooke County,144.05928751845906
17191,Wayne,Wayne County,34.77560679558708
