fips,NAME,NAMELSAD,queue_mw_active,n_active_projects
01003,Baldwin,Baldwin County,660.0,6
01069,Houston,Houston County,280.0,3
01005,Barbour,Barbour County,0.0,0
01119,Sumter,Sumter County,0.0,0
05091,Miller,Miller County,0.0,0
05133,Sevier,Sevier County,0.0,0
05093,Mississippi,Mississippi County,7040.0,25
06037,Los Angeles,Los Angeles County,23808.4447731,60
06087,Santa Cruz,Santa Cruz County,353.699,2
06097,Sonoma,Sonoma County,488.34321,3
06013,Contra Costa,Contra Costa County,2918.518,10
06003,Alpine,Alpine County,0.0,0
08067,La Plata,La Plata County,155.0,1
08113,San Miguel,San Miguel County,0.0,0
10001,Kent,Kent County,115.0,6
12123,Taylor,Taylor County,74.5,1
12017,Citrus,Citrus County,140.0,5
12071,Lee,Lee County,0.0,0
12101,Pasco,Pasco County,1075.0,4
12033,Escambia,Escambia County,0.0,0
12037,Franklin,Franklin County,0.0,0
12065,Jefferson,Jefferson County,74.9,1
13185,Lowndes,Lowndes County,49.5,1
13127,Glynn,Glynn County,2800.0,7
13051,Chatham,Chatham County,0.0,0
13179,Liberty,Liberty County,386.0,4
13073,Columbia,Columbia County,0.0,0
13137,Habersham,Habersham County,0.0,0
16041,Franklin,Franklin County,500.40999999999997,3
16033,Clark,Clark County,200.0,1
16079,Shoshone,Shoshone County,0.0,0
17031,Cook,Cook County,394.0,6
16073,Owyhee,Owyhee County,1817.9,8
16035,Clearwater,Clearwater County,300.0,1
18123,Perry,Perry County,0.0,0
18075,Jay,Jay County,1003.84,15
19045,Clinton,Clinton County,1010.0,5
04009,Graham,Graham County,485.0,1
19195,Worth,Worth County,1175.0,7
20199,Wallace,Wallace County,0.0,0
01117,Shelby,Shelby County,806.2,2
01055,Etowah,Etowah County,0.0,0
01051,Elmore,Elmore County,0.0,0
01099,Monroe,Monroe County,80.0,1
21095,Harlan,Harlan County,0.0,0
22075,Plaquemines,Plaquemines Parish,0.0,0
22117,Washington,Washington Parish,1425.0,11
22017,Caddo,Caddo Parish,620.5,6
01035,Conecuh,Conecuh County,160.0,2
01085,Lowndes,Lowndes County,138.0,2
23015,Lincoln,Lincoln County,3.94000005722045,1
23017,Oxford,Oxford County,153.26599919795984,5
24005,Baltimore,Baltimore County,895.0,6
24025,Harford,Harford County,80.0,3
24041,Talbot,Talbot County,54.387,3
24015,Cecil,Cecil County,60.48,1
25009,Essex,Essex County,783.9945116043076,5
25005,Bristol,Bristol County,2128.4830024242374,24
25021,Norfolk,Norfolk County,1441.7950091361995,11
26041,Delta,Delta County,150.0,1
26055,Grand Traverse,Grand Traverse County,135.0,1
26007,Alpena,Alpena County,0.0,0
26103,Marquette,Marquette County,486.4,5
26147,St. Clair,St. Clair County,1510.0,8
26071,Iron,Iron County,0.0,0
27027,Clay,Clay County,430.0,1
27091,Martin,Martin County,229.8,2
28033,DeSoto,DeSoto County,1904.0,6
28157,Wilkinson,Wilkinson County,50.0,1
29113,Lincoln,Lincoln County,320.0,2
30001,Beaverhead,Beaverhead County,0.0,0
30105,Valley,Valley County,0.0,0
31033,Cheyenne,Cheyenne County,40.0,1
31049,Deuel,Deuel County,0.0,0
34015,Gloucester,Gloucester County,564.87,12
36013,Chautauqua,Chautauqua County,2950.9,24
36045,Jefferson,Jefferson County,1239.0,11
36059,Nassau,Nassau County,5581.0,10
37133,Onslow,Onslow County,74.9,1
37009,Ashe,Ashe County,0.0,0
37169,Stokes,Stokes County,1040.0,3
37053,Currituck,Currituck County,417.2,5
37173,Swain,Swain County,0.0,0
37131,Northampton,Northampton County,116.0,3
38035,Grand Forks,Grand Forks County,464.29999999999995,2
38067,Pembina,Pembina County,0.0,0
39123,Ottawa,Ottawa County,0.0,0
45051,Horry,Horry County,146.8,3
40079,Le Flore,Le Flore County,200.0,1
40023,Choctaw,Choctaw County,552.0,5
40113,Osage,Osage County,200.0,1
41015,Curry,Curry County,1600.0,5
41045,Malheur,Malheur County,604.2,2
41001,Baker,Baker County,103.0,2
42111,Somerset,Somerset County,805.01,18
42133,York,York County,176.1,6
45003,Aiken,Aiken County,581.25,7
45091,York,York County,40.0,1
46127,Union,Union County,0.0,0
46009,Bon Homme,Bon Homme County,200.0,1
46089,McPherson,McPherson County,800.0,4
47065,Hamilton,Hamilton County,112.0,6
47059,Greene,Greene County,0.0,0
47091,Johnson,Johnson County,0.0,0
48355,Nueces,Nueces County,4060.21,18
48215,Hidalgo,Hidalgo County,5070.63,37
48061,Cameron,Cameron County,5453.38,25
48479,Webb,Webb County,4062.7,20
48057,Calhoun,Calhoun County,296.0,2
48323,Maverick,Maverick County,1716.56,10
48465,Val Verde,Val Verde County,922.39,7
48039,Brazoria,Brazoria County,14425.58,67
48229,Hudspeth,Hudspeth County,250.0,1
48203,Harrison,Harrison County,1455.0,5
48387,Red River,Red River County,256.2,2
48315,Marion,Marion County,150.0,1
49045,Tooele,Tooele County,2229.6,15
49023,Juab,Juab County,2951.6,14
51001,Accomack,Accomack County,29.0,2
51095,James City,James City County,0.0,0
51131,Northampton,Northampton County,20.0,1
51057,Essex,Essex County,40.0,2
51107,Loudoun,Loudoun County,310.0,5
51083,Halifax,Halifax County,1517.1,15
53067,Thurston,Thurston County,894.0,6
53029,Island,Island County,0.0,0
54047,McDowell,McDowell County,0.0,0
54011,Cabell,Cabell County,0.0,0
54073,Pleasants,Pleasants County,0.0,0
54037,Jefferson,Jefferson County,482.0,7
54065,Morgan,Morgan County,0.0,0
17125,Mason,Mason County,1751.22,11
54003,Berkeley,Berkeley County,5.75,1
17007,Boone,Boone County,61.6,1
55011,Buffalo,Buffalo County,150.0,1
55121,Trempealeau,Trempealeau County,562.4300000000001,4
55075,Marinette,Marinette County,65.0,1
56029,Park,Park County,0.0,0
56039,Teton,Teton County,0.0,0
06057,Nevada,Nevada County,0.0,0
05085,Lonoke,Lonoke County,2248.0,10
05099,Nevada,Nevada County,920.0,4
05013,Calhoun,Calhoun County,3454.5,9
06007,Butte,Butte County,613.55,3
06089,Shasta,Shasta County,331.0,2
06047,Merced,Merced County,8940.256134,38
06009,Calaveras,Calaveras County,1037.750403,5
06033,Lake,Lake County,47.4465,1
06115,Yuba,Yuba County,514.2,1
08035,Douglas,Douglas County,0.0,0
08019,Clear Creek,Clear Creek County,0.0,0
08049,Grand,Grand County,0.0,0
08029,Delta,Delta County,80.0,1
08091,Ouray,Ouray County,0.0,0
08055,Huerfano,Huerfano County,0.0,0
08111,San Juan,San Juan County,0.0,0
09140,Naugatuck Valley,Naugatuck Valley Planning Region,0.0,0
12107,Putnam,Putnam County,398.4,5
12001,Alachua,Alachua County,74.9,1
12129,Wakulla,Wakulla County,0.0,0
12041,Gilchrist,Gilchrist County,210.2,3
13089,DeKalb,DeKalb County,0.0,0
13157,Jackson,Jackson County,0.0,0
13267,Tattnall,Tattnall County,160.0,2
13031,Bulloch,Bulloch County,0.0,0
13075,Cook,Cook County,0.0,0
13289,Twiggs,Twiggs County,150.0,1
13303,Washington,Washington County,895.0,5
13301,Warren,Warren County,570.0,4
16085,Valley,Valley County,0.0,0
16023,Butte,Butte County,0.0,0
16077,Power,Power County,1400.0,4
17017,Cass,Cass County,149.94,1
18035,Delaware,Delaware County,777.92,11
18013,Brown,Brown County,0.0,0
18027,Daviess,Daviess County,1763.0,8
19041,Clay,Clay County,299.3,1
20139,Osage,Osage County,625.0,3
20097,Kiowa,Kiowa County,0.0,0
20069,Gray,Gray County,150.0,1
20067,Grant,Grant County,419.18,2
21183,Ohio,Ohio County,241.53,3
21193,Perry,Perry County,132.5,2
21115,Johnson,Johnson County,0.0,0
21061,Edmonson,Edmonson County,0.0,0
21167,Mercer,Mercer County,1005.67,7
21237,Wolfe,Wolfe County,0.0,0
22033,East Baton Rouge,East Baton Rouge Parish,198.8,2
22099,St. Martin,St. Martin Parish,150.0,2
22025,Catahoula,Catahoula Parish,200.0,1
22069,Natchitoches,Natchitoches Parish,36.0,1
23023,Sagadahoc,Sagadahoc County,18.9500007629394,2
26135,Oscoda,Oscoda County,0.0,0
27097,Morrison,Morrison County,174.0,1
27013,Blue Earth,Blue Earth County,0.0,0
27147,Steele,Steele County,0.0,0
27065,Kanabec,Kanabec County,0.0,0
27015,Brown,Brown County,0.0,0
28145,Union,Union County,0.0,0
28053,Humphreys,Humphreys County,165.0,2
29041,Chariton,Chariton County,150.0,1
29065,Dent,Dent County,0.0,0
30077,Powell,Powell County,0.0,0
30031,Gallatin,Gallatin County,2.0,1
30059,Meagher,Meagher County,1526.55,4
30089,Sanders,Sanders County,0.0,0
30007,Broadwater,Broadwater County,320.4,3
30023,Deer Lodge,Deer Lodge County,0.0,0
31185,York,York County,0.0,0
34027,Morris,Morris County,15.4,1
35033,Mora,Mora County,0.0,0
36111,Ulster,Ulster County,1282.2,14
36051,Livingston,Livingston County,355.0,4
36123,Yates,Yates County,0.0,0
37153,Richmond,Richmond County,449.75,7
37051,Cumberland,Cumberland County,171.45,3
37085,Harnett,Harnett County,70.0,1
37199,Yancey,Yancey County,0.0,0
37065,Edgecombe,Edgecombe County,161.2,5
37193,Wilkes,Wilkes County,120.0,1
37117,Martin,Martin County,50.989999999999995,3
37099,Jackson,Jackson County,12.21,3
39075,Holmes,Holmes County,0.0,0
39069,Henry,Henry County,182.4,3
40027,Cleveland,Cleveland County,400.0,3
40029,Coal,Coal County,350.0,2
40075,Kiowa,Kiowa County,100.0,1
41017,Deschutes,Deschutes County,5261.0599999999995,13
41047,Marion,Marion County,1349.4,4
42027,Centre,Centre County,648.18,18
42041,Cumberland,Cumberland County,33.3,2
42035,Clinton,Clinton County,120.0,1
42003,Allegheny,Allegheny County,467.83,11
42129,Westmoreland,Westmoreland County,334.0,7
45077,Pickens,Pickens County,0.0,0
45085,Sumter,Sumter County,200.0,1
45063,Lexington,Lexington County,197.7,2
45055,Kershaw,Kershaw County,347.9,5
45089,Williamsburg,Williamsburg County,1108.6,10
46093,Meade,Meade County,100.0,2
46103,Pennington,Pennington County,115.0,1
46085,Lyman,Lyman County,0.0,0
46057,Hamlin,Hamlin County,0.0,0
47093,Knox,Knox County,0.0,0
47033,Crockett,Crockett County,0.0,0
47085,Humphreys,Humphreys County,950.0,3
47001,Anderson,Anderson County,0.0,0
47021,Cheatham,Cheatham County,990.0,1
48481,Wharton,Wharton County,10252.61,42
48001,Anderson,Anderson County,679.5899999999999,4
48157,Fort Bend,Fort Bend County,3878.87,16
48257,Kaufman,Kaufman County,1210.88,9
48471,Walker,Walker County,575.0,3
48495,Winkler,Winkler County,412.40999999999997,2
48125,Dickens,Dickens County,1458.01,7
48053,Burnet,Burnet County,517.09,5
48267,Kimble,Kimble County,316.29999999999995,2
48287,Lee,Lee County,153.67,1
48289,Leon,Leon County,1728.65,8
48063,Camp,Camp County,300.0,1
48449,Titus,Titus County,400.0,2
48455,Trinity,Trinity County,250.0,1
48477,Washington,Washington County,269.04,2
48341,Moore,Moore County,0.0,0
48155,Foard,Foard County,301.19,1
49057,Weber,Weber County,199.9,1
49051,Wasatch,Wasatch County,0.0,0
49013,Duchesne,Duchesne County,250.0,2
49017,Garfield,Garfield County,0.0,0
51087,Henrico,Henrico County,20.0,1
51187,Warren,Warren County,19.0,1
51015,Augusta,Augusta County,460.0,4
51037,Charlotte,Charlotte County,1043.17,9
51121,Montgomery,Montgomery County,110.43,2
51019,Bedford,Bedford County,75.0,1
51155,Pulaski,Pulaski County,277.0,3
51109,Louisa,Louisa County,245.19,6
51137,Orange,Orange County,75.0,1
51091,Highland,Highland County,0.0,0
53041,Lewis,Lewis County,610.3,2
53065,Stevens,Stevens County,76.0,2
53017,Douglas,Douglas County,4925.4,14
54109,Wyoming,Wyoming County,0.0,0
54041,Lewis,Lewis County,0.0,0
54001,Barbour,Barbour County,287.6,2
55111,Sauk,Sauk County,0.0,0
55035,Eau Claire,Eau Claire County,0.0,0
31005,Arthur,Arthur County,0.0,0
38007,Billings,Billings County,383.0,1
09110,Capitol,Capitol Planning Region,0.0,0
10003,New Castle,New Castle County,375.3,8
10005,Sussex,Sussex County,1964.5,9
11001,District of Columbia,District of Columbia,0.0,0
12075,Levy,Levy County,368.4,5
12057,Hillsborough,Hillsborough County,243.5,4
12009,Brevard,Brevard County,747.7,8
12113,Santa Rosa,Santa Rosa County,0.0,0
12131,Walton,Walton County,149.0,2
12029,Dixie,Dixie County,0.0,0
12073,Leon,Leon County,149.0,2
12079,Madison,Madison County,298.8,4
13049,Charlton,Charlton County,240.0,2
13215,Muscogee,Muscogee County,0.0,0
13105,Elbert,Elbert County,150.0,1
13103,Effingham,Effingham County,1444.0,2
16059,Lemhi,Lemhi County,0.0,0
16069,Nez Perce,Nez Perce County,0.0,0
01089,Madison,Madison County,110.0,1
04005,Coconino,Coconino County,9549.7,21
04027,Yuma,Yuma County,7628.703,24
04012,La Paz,La Paz County,10525.5005,13
04001,Apache,Apache County,3968.0,10
05139,Union,Union County,1700.0,10
05017,Chicot,Chicot County,1440.0,6
05107,Phillips,Phillips County,1664.09,10
05041,Desha,Desha County,410.0,3
05131,Sebastian,Sebastian County,400.0,3
05007,Benton,Benton County,412.2,4
05015,Carroll,Carroll County,180.0,1
05121,Randolph,Randolph County,0.0,0
05021,Clay,Clay County,1000.0,7
06073,San Diego,San Diego County,6916.1093,39
06065,Riverside,Riverside County,14338.1659,40
06041,Marin,Marin County,313.79321,1
06081,San Mateo,San Mateo County,350.9,2
06017,El Dorado,El Dorado County,0.0,0
08077,Mesa,Mesa County,4.5,1
08123,Weld,Weld County,2634.31,19
08069,Larimer,Larimer County,1080.0,10
08107,Routt,Routt County,250.0,1
36025,Delaware,Delaware County,380.0,3
37031,Carteret,Carteret County,0.0,0
37165,Scotland,Scotland County,160.0,2
37019,Brunswick,Brunswick County,26.0,2
37129,New Hanover,New Hanover County,41.0,4
37119,Mecklenburg,Mecklenburg County,270.0,3
37137,Pamlico,Pamlico County,290.0,1
37013,Beaufort,Beaufort County,32.6,1
37089,Henderson,Henderson County,0.0,0
37113,Macon,Macon County,2.0,1
37139,Pasquotank,Pasquotank County,6.36,1
37007,Anson,Anson County,0.0,0
38017,Cass,Cass County,1269.0,5
38099,Walsh,Walsh County,0.0,0
38053,McKenzie,McKenzie County,395.0,3
39167,Washington,Washington County,0.0,0
39009,Athens,Athens County,0.0,0
40089,McCurtain,McCurtain County,656.6,4
41007,Clatsop,Clatsop County,0.0,0
41039,Lane,Lane County,1902.0,15
41051,Multnomah,Multnomah County,1173.4,9
41035,Klamath,Klamath County,8922.8,24
41055,Sherman,Sherman County,14530.0,36
41021,Gilliam,Gilliam County,2740.3,9
42055,Franklin,Franklin County,277.1,6
42017,Bucks,Bucks County,0.0,0
42123,Warren,Warren County,30.0,2
42103,Pike,Pike County,0.0,0
42029,Chester,Chester County,5.0,1
44007,Providence,Providence County,238.80900311470018,14
45013,Beaufort,Beaufort County,0.0,0
45007,Anderson,Anderson County,1991.775,17
45069,Marlboro,Marlboro County,313.0,4
45043,Georgetown,Georgetown County,262.5,2
47019,Carter,Carter County,0.0,0
47073,Hawkins,Hawkins County,358.6,2
47025,Claiborne,Claiborne County,0.0,0
47055,Giles,Giles County,0.0,0
47123,Monroe,Monroe County,0.0,0
47009,Blount,Blount County,0.0,0
48071,Chambers,Chambers County,1596.8600000000001,6
48167,Galveston,Galveston County,2480.61,12
48003,Andrews,Andrews County,1008.55,5
48037,Bowie,Bowie County,1200.0,5
48205,Hartley,Hartley County,0.0,0
48043,Brewster,Brewster County,0.0,0
49037,San Juan,San Juan County,2070.8,8
49047,Uintah,Uintah County,20.0,1
49033,Rich,Rich County,40.0,2
51051,Dickenson,Dickenson County,40.0,2
51191,Washington,Washington County,212.1,2
04013,Maricopa,Maricopa County,24874.336,78
04007,Gila,Gila County,0.0,0
04021,Pinal,Pinal County,10261.625,39
16029,Caribou,Caribou County,245.0,2
17153,Pulaski,Pulaski County,775.0,4
17185,Wabash,Wabash County,1005.0,2
17161,Rock Island,Rock Island County,992.0,5
17097,Lake,Lake County,755.4,4
18129,Posey,Posey County,1290.0,7
18061,Harrison,Harrison County,200.0,1
18089,Lake,Lake County,1000.0,6
18161,Union,Union County,0.0,0
18177,Wayne,Wayne County,390.0,3
19163,Scott,Scott County,150.0,2
19063,Emmet,Emmet County,0.0,0
19149,Plymouth,Plymouth County,200.0,1
20131,Nemaha,Nemaha County,0.0,0
01043,Cullman,Cullman County,0.0,0
01121,Talladega,Talladega County,180.0,2
21101,Henderson,Henderson County,1860.0,10
01087,Macon,Macon County,0.0,0
21195,Pike,Pike County,125.38,4
01033,Colbert,Colbert County,1150.0,3
01131,Wilcox,Wilcox County,0.0,0
01009,Blount,Blount County,0.0,0
21013,Bell,Bell County,216.0,1
21135,Lewis,Lewis County,0.0,0
22087,St. Bernard,St. Bernard Parish,0.0,0
22105,Tangipahoa,Tangipahoa Parish,700.0,7
22071,Orleans,Orleans Parish,40.0,1
22029,Concordia,Concordia Parish,472.2,4
01025,Clarke,Clarke County,0.0,0
22035,East Carroll,East Carroll Parish,368.1,3
22115,Vernon,Vernon Parish,0.0,0
22123,West Carroll,West Carroll Parish,430.0,3
22037,East Feliciana,East Feliciana Parish,697.0,4
23027,Waldo,Waldo County,0.0,0
01041,Crenshaw,Crenshaw County,0.0,0
01065,Hale,Hale County,330.0,3
23025,Somerset,Somerset County,437.21199548244385,6
24037,St. Mary's,St. Mary's County,0.0,0
24039,Somerset,Somerset County,116.55199999999999,4
24021,Frederick,Frederick County,52.0,3
24035,Queen Anne's,Queen Anne's County,194.3,7
24029,Kent,Kent County,55.8,1
25007,Dukes,Dukes County,0.0,0
25017,Middlesex,Middlesex County,1550.1779780387856,17
26109,Menominee,Menominee County,0.0,0
26141,Presque Isle,Presque Isle County,551.5,3
27031,Cook,Cook County,18.0,1
27167,Wilkin,Wilkin County,300.0,1
27137,St. Louis,St. Louis County,444.0,2
27077,Lake of the Woods,Lake of the Woods County,0.0,0
27119,Polk,Polk County,150.0,1
27089,Marshall,Marshall County,70.0,1
27107,Norman,Norman County,0.0,0
28001,Adams,Adams County,0.0,0
28151,Washington,Washington County,950.0,6
28087,Lowndes,Lowndes County,1221.0,6
28149,Warren,Warren County,770.0,1
28021,Claiborne,Claiborne County,0.0,0
28103,Noxubee,Noxubee County,0.0,0
28143,Tunica,Tunica County,1346.6,8
29143,New Madrid,New Madrid County,512.0,7
29031,Cape Girardeau,Cape Girardeau County,450.0,2
29189,St. Louis,St. Louis County,922.8,2
29171,Putnam,Putnam County,0.0,0
29023,Butler,Butler County,0.0,0
29037,Cass,Cass County,229.0,2
30003,Big Horn,Big Horn County,308.0,2
30081,Ravalli,Ravalli County,0.0,0
30071,Phillips,Phillips County,0.0,0
30005,Blaine,Blaine County,0.0,0
30085,Roosevelt,Roosevelt County,0.0,0
30083,Richland,Richland County,74.5,1
31169,Thayer,Thayer County,0.0,0
32033,White Pine,White Pine County,3674.9,10
33015,Rockingham,Rockingham County,103.04700362682321,2
33017,Strafford,Strafford County,20.0,1
34009,Cape May,Cape May County,114.6,2
34023,Middlesex,Middlesex County,2620.0,2
34007,Camden,Camden County,629.4,3
35045,San Juan,San Juan County,5166.9,15
35055,Taos,Taos County,0.0,0
36103,Suffolk,Suffolk County,8567.26,43
36047,Kings,Kings County,7262.9,13
36105,Sullivan,Sullivan County,700.0,4
13123,Gilmer,Gilmer County,0.0,0
13305,Wayne,Wayne County,70.0,1
13189,McDuffie,McDuffie County,500.0,2
13029,Bryan,Bryan County,0.0,0
13025,Brantley,Brantley County,0.0,0
13279,Toombs,Toombs County,900.0,4
13107,Emanuel,Emanuel County,917.0,7
13317,Wilkes,Wilkes County,0.0,0
13133,Greene,Greene County,0.0,0
13263,Talbot,Talbot County,618.0,4
13205,Mitchell,Mitchell County,2407.6,8
13283,Treutlen,Treutlen County,221.0,2
13197,Marion,Marion County,0.0,0
13079,Crawford,Crawford County,160.0,1
13007,Baker,Baker County,0.0,0
16037,Custer,Custer County,0.0,0
16015,Boise,Boise County,0.0,0
18145,Shelby,Shelby County,499.0,2
18053,Grant,Grant County,498.6,7
18175,Washington,Washington County,0.0,0
18159,Tipton,Tipton County,167.0,2
19069,Franklin,Franklin County,659.0,5
19073,Greene,Greene County,231.0,2
19027,Carroll,Carroll County,250.0,2
19117,Lucas,Lucas County,0.0,0
20113,McPherson,McPherson County,416.9,2
20145,Pawnee,Pawnee County,0.0,0
20161,Riley,Riley County,0.0,0
21179,Nelson,Nelson County,20.0,1
21085,Grayson,Grayson County,75.0,1
21033,Caldwell,Caldwell County,425.0,3
21175,Morgan,Morgan County,0.0,0
21155,Marion,Marion County,329.2,6
21209,Scott,Scott County,0.0,0
21079,Garrard,Garrard County,222.0,1
21177,Muhlenberg,Muhlenberg County,1477.0,6
21031,Butler,Butler County,0.0,0
21107,Hopkins,Hopkins County,183.0,2
21121,Knox,Knox County,0.0,0
21187,Owen,Owen County,0.0,0
21071,Floyd,Floyd County,0.0,0
21181,Nicholas,Nicholas County,0.0,0
21011,Bath,Bath County,274.79,4
21205,Rowan,Rowan County,0.0,0
21099,Hart,Hart County,62.0,2
21153,Magoffin,Magoffin County,0.0,0
21197,Powell,Powell County,0.0,0
21063,Elliott,Elliott County,0.0,0
22059,LaSalle,LaSalle Parish,0.0,0
22039,Evangeline,Evangeline Parish,1190.0,9
22015,Bossier,Bossier Parish,150.0,1
22041,Franklin,Franklin Parish,494.0,4
22045,Iberia,Iberia Parish,100.0,1
22081,Red River,Red River Parish,280.0,2
22043,Grant,Grant Parish,375.0,2
22067,Morehouse,Morehouse Parish,2620.0,14
22021,Caldwell,Caldwell Parish,0.0,0
23021,Piscataquis,Piscataquis County,0.0,0
51093,Isle of Wight,Isle of Wight County,542.7,8
51005,Alleghany,Alleghany County,0.0,0
51153,Prince William,Prince William County,970.0,14
51193,Westmoreland,Westmoreland County,181.0,4
51133,Northumberland,Northumberland County,5.0,1
51103,Lancaster,Lancaster County,351.22,8
51143,Pittsylvania,Pittsylvania County,1300.44,15
51059,Fairfax,Fairfax County,7.1,1
53055,San Juan,San Juan County,0.0,0
53035,Kitsap,Kitsap County,400.0,2
53011,Clark,Clark County,308.0,4
53045,Mason,Mason County,500.0,2
53053,Pierce,Pierce County,600.0,3
53075,Whitman,Whitman County,460.9,4
53019,Ferry,Ferry County,0.0,0
54099,Wayne,Wayne County,0.0,0
54059,Mingo,Mingo County,185.0,1
54063,Monroe,Monroe County,0.0,0
54103,Wetzel,Wetzel County,0.0,0
54107,Wood,Wood County,0.0,0
54095,Tyler,Tyler County,0.0,0
17189,Washington,Washington County,1520.0,7
54023,Grant,Grant County,2146.7,11
55023,Crawford,Crawford County,0.0,0
17039,De Witt,De Witt County,442.4,3
06107,Tulare,Tulare County,2909.895598,13
56033,Sheridan,Sheridan County,0.0,0
56041,Uinta,Uinta County,259.5,3
05129,Searcy,Searcy County,0.0,0
05103,Ouachita,Ouachita County,1265.1,6
05145,White,White County,450.0,4
05011,Bradley,Bradley County,105.8,1
05019,Clark,Clark County,500.0,2
06067,Sacramento,Sacramento County,3717.75,17
06069,San Benito,San Benito County,318.491,2
06005,Amador,Amador County,0.0,0
06101,Sutter,Sutter County,123.6,4
06113,Yolo,Yolo County,510.39570000000003,3
06011,Colusa,Colusa County,971.136962,5
06063,Plumas,Plumas County,0.0,0
08005,Arapahoe,Arapahoe County,250.0,2
08013,Boulder,Boulder County,0.0,0
08037,Eagle,Eagle County,0.0,0
08053,Hinsdale,Hinsdale County,0.0,0
12023,Columbia,Columbia County,74.5,1
12055,Highlands,Highlands County,224.3,3
12097,Osceola,Osceola County,1975.3,9
12013,Calhoun,Calhoun County,169.0,3
12077,Liberty,Liberty County,14.0,1
12125,Union,Union County,74.5,1
13153,Houston,Houston County,408.0,2
13121,Fulton,Fulton County,900.0,3
13019,Berrien,Berrien County,0.0,0
13181,Lincoln,Lincoln County,105.0,1
13261,Sumter,Sumter County,2180.0,5
13009,Baldwin,Baldwin County,516.0,3
45015,Berkeley,Berkeley County,596.0,3
45075,Orangeburg,Orangeburg County,853.8,7
45079,Richland,Richland County,379.5,3
45027,Clarendon,Clarendon County,0.0,0
45067,Marion,Marion County,527.0,9
45031,Darlington,Darlington County,1337.89,20
45087,Union,Union County,149.89,2
45061,Lee,Lee County,275.0,3
45017,Calhoun,Calhoun County,115.0,1
46111,Sanborn,Sanborn County,0.0,0
46055,Haakon,Haakon County,300.0,1
46075,Jones,Jones County,0.0,0
46071,Jackson,Jackson County,0.0,0
46041,Dewey,Dewey County,0.0,0
47127,Moore,Moore County,200.0,1
47107,McMinn,McMinn County,0.0,0
47149,Rutherford,Rutherford County,0.0,0
47035,Cumberland,Cumberland County,110.0,1
47031,Coffee,Coffee County,0.0,0
47045,Dyer,Dyer County,0.0,0
47005,Benton,Benton County,0.0,0
47105,Loudon,Loudon County,37.0,3
47041,DeKalb,DeKalb County,0.0,0
47081,Hickman,Hickman County,0.0,0
47003,Bedford,Bedford County,130.0,1
47029,Cocke,Cocke County,0.0,0
47135,Perry,Perry County,0.0,0
47121,Meigs,Meigs County,0.0,0
48453,Travis,Travis County,362.43,6
48339,Montgomery,Montgomery County,367.15999999999997,2
48187,Guadalupe,Guadalupe County,2007.05,10
48423,Smith,Smith County,686.1700000000001,3
48475,Ward,Ward County,3219.45,9
48103,Crane,Crane County,1262.77,6
48437,Swisher,Swisher County,1436.22,4
48223,Hopkins,Hopkins County,2947.49,16
48015,Austin,Austin County,4044.2200000000003,12
48059,Callahan,Callahan County,1786.37,5
48073,Cherokee,Cherokee County,151.63,2
48499,Wood,Wood County,0.0,0
48333,Mills,Mills County,1126.6599999999999,6
48083,Coleman,Coleman County,541.11,2
48317,Martin,Martin County,594.52,4
48051,Burleson,Burleson County,0.0,0
48469,Victoria,Victoria County,4496.13,20
48399,Runnels,Runnels County,637.36,4
48379,Rains,Rains County,301.94,2
48065,Carson,Carson County,2211.7,4
48047,Brooks,Brooks County,863.87,5
48243,Jeff Davis,Jeff Davis County,0.0,0
49035,Salt Lake,Salt Lake County,3371.0,17
26137,Otsego,Otsego County,1093.0,7
26129,Ogemaw,Ogemaw County,925.8,5
27145,Stearns,Stearns County,0.0,0
27127,Redwood,Redwood County,1417.47,6
27113,Pennington,Pennington County,0.0,0
28029,Copiah,Copiah County,200.0,1
28083,Leflore,Leflore County,550.0,3
28137,Tate,Tate County,0.0,0
28121,Rankin,Rankin County,140.0,1
28051,Holmes,Holmes County,1712.0,8
28079,Leake,Leake County,0.0,0
28111,Perry,Perry County,1120.0,7
29029,Camden,Camden County,0.0,0
29159,Pettis,Pettis County,95.0,1
29025,Caldwell,Caldwell County,0.0,0
30093,Silver Bow,Silver Bow County,0.0,0
30019,Daniels,Daniels County,0.0,0
31069,Garden,Garden County,0.0,0
31159,Seward,Seward County,0.0,0
31103,Keya Paha,Keya Paha County,0.0,0
31115,Loup,Loup County,0.0,0
32001,Churchill,Churchill County,1480.5,7
32015,Lander,Lander County,338.0,6
34035,Somerset,Somerset County,8.0,1
35043,Sandoval,Sandoval County,640.0,6
35051,Sierra,Sierra County,300.0,1
36077,Otsego,Otsego County,350.0,1
36053,Madison,Madison County,521.3,5
36017,Chenango,Chenango County,140.8,2
37023,Burke,Burke County,2.667,1
37101,Johnston,Johnston County,47.1,4
37093,Hoke,Hoke County,45.0,1
37125,Moore,Moore County,87.0,1
37127,Nash,Nash County,130.0,2
37087,Haywood,Haywood County,0.0,0
37021,Buncombe,Buncombe County,107.05,7
37163,Sampson,Sampson County,170.0,2
37177,Tyrrell,Tyrrell County,0.0,0
38055,McLean,McLean County,0.0,0
38005,Benson,Benson County,0.0,0
38091,Steele,Steele County,1157.3,3
39033,Crawford,Crawford County,671.99,5
40117,Pawnee,Pawnee County,398.4,2
40125,Pottawatomie,Pottawatomie County,300.0,2
40087,McClain,McClain County,495.6,1
40137,Stephens,Stephens County,0.0,0
40011,Blaine,Blaine County,74.9,1
41005,Clackamas,Clackamas County,200.0,1
41061,Union,Union County,0.0,0
13265,Taliaferro,Taliaferro County,150.0,1
42091,Montgomery,Montgomery County,0.0,0
42043,Dauphin,Dauphin County,100.24,4
42097,Northumberland,Northumberland County,155.95,7
01101,Montgomery,Montgomery County,799.8,6
21003,Allen,Allen County,0.0,0
01001,Autauga,Autauga County,1688.0,3
21133,Letcher,Letcher County,0.0,0
21035,Calloway,Calloway County,0.0,0
22109,Terrebonne,Terrebonne Parish,0.0,0
22085,Sabine,Sabine Parish,2054.0,10
23031,York,York County,355.769000053405,7
24009,Calvert,Calvert County,180.0,1
24043,Washington,Washington County,61.8,3
25023,Plymouth,Plymouth County,462.2961990833278,22
25011,Franklin,Franklin County,523.2730860710135,9
26089,Leelanau,Leelanau County,0.0,0
26083,Keweenaw,Keweenaw County,0.0,0
26047,Emmet,Emmet County,0.0,0
26099,Macomb,Macomb County,491.6,4
27069,Kittson,Kittson County,150.0,1
28009,Benton,Benton County,54.0,1
29087,Holt,Holt County,0.0,0
29157,Perry,Perry County,0.0,0
30009,Carbon,Carbon County,0.0,0
31061,Franklin,Franklin County,0.0,0
34011,Cumberland,Cumberland County,229.42000000000002,8
34025,Monmouth,Monmouth County,9604.39,13
34021,Mercer,Mercer County,170.0,1
35039,Rio Arriba,Rio Arriba County,150.0,1
36061,New York,New York County,0.0,0
36081,Queens,Queens County,1974.2,9
36009,Cattaraugus,Cattaraugus County,434.1,2
36115,Washington,Washington County,359.9,7
36031,Essex,Essex County,90.0,3
37039,Cherokee,Cherokee County,0.0,0
37091,Hertford,Hertford County,277.0,4
37121,Mitchell,Mitchell County,0.0,0
38105,Williams,Williams County,3268.7,10
39039,Defiance,Defiance County,109.9,2
39035,Cuyahoga,Cuyahoga County,0.0,0
40095,Marshall,Marshall County,420.0,2
42049,Erie,Erie County,603.53,15
44005,Newport,Newport County,17.25799989700311,2
45029,Colleton,Colleton County,1811.9,9
45073,Oconee,Oconee County,1984.0,3
47111,Macon,Macon County,0.0,0
47183,Weakley,Weakley County,0.0,0
48007,Aransas,Aransas County,200.0,1
48409,San Patricio,San Patricio County,4329.34,18
48141,El Paso,El Paso County,700.0,6
48321,Matagorda,Matagorda County,6005.9,31
48377,Presidio,Presidio County,0.0,0
49019,Grand,Grand County,0.0,0
49005,Cache,Cache County,300.0,2
50009,Essex,Essex County,0.0,0
51185,Tazewell,Tazewell County,180.0,2
51195,Wise,Wise County,151.78,6
51027,Buchanan,Buchanan County,150.25,3
53009,Clallam,Clallam County,0.0,0
53047,Okanogan,Okanogan County,0.0,0
17043,DuPage,DuPage County,0.0,0
17049,Effingham,Effingham County,150.0,1
55029,Door,Door County,0.0,0
06099,Stanislaus,Stanislaus County,2473.929002,14
56045,Weston,Weston County,0.0,0
05069,Jefferson,Jefferson County,2202.49,11
05057,Hempstead,Hempstead County,933.0,5
05025,Cleveland,Cleveland County,910.0,4
05147,Woodruff,Woodruff County,560.0,4
06105,Trinity,Trinity County,0.0,0
08059,Jefferson,Jefferson County,0.0,0
08117,Summit,Summit County,0.0,0
08109,Saguache,Saguache County,170.0,1
08065,Lake,Lake County,0.0,0
08027,Custer,Custer County,0.0,0
12069,Lake,Lake County,0.0,0
12083,Marion,Marion County,78.80000000000001,4
49015,Emery,Emery County,4584.6,26
51179,Stafford,Stafford County,0.0,0
51031,Campbell,Campbell County,370.4,7
51139,Page,Page County,0.0,0
51127,New Kent,New Kent County,0.0,0
51111,Lunenburg,Lunenburg County,754.8,9
51161,Roanoke,Roanoke County,100.0,1
51007,Amelia,Amelia County,106.0,4
51167,Russell,Russell County,0.0,0
51047,Culpeper,Culpeper County,210.0,3
51159,Richmond,Richmond County,389.0,7
51053,Dinwiddie,Dinwiddie County,77.0,3
51097,King and Queen,King and Queen County,365.058,10
51610,Falls Church,Falls Church city,0.0,0
51113,Madison,Madison County,0.0,0
51580,Covington,Covington city,0.0,0
53037,Kittitas,Kittitas County,1003.4,5
53007,Chelan,Chelan County,100.0,1
54085,Ritchie,Ritchie County,0.0,0
54019,Fayette,Fayette County,197.2,4
54083,Randolph,Randolph County,155.9,2
54093,Tucker,Tucker County,159.5,2
54007,Braxton,Braxton County,0.0,0
54021,Gilmer,Gilmer County,0.0,0
55057,Juneau,Juneau County,425.0,2
55107,Rusk,Rusk County,0.0,0
56013,Fremont,Fremont County,74.9,1
56003,Big Horn,Big Horn County,0.0,0
56025,Natrona,Natrona County,639.0,7
01097,Mobile,Mobile County,985.0,2
01129,Washington,Washington County,80.0,1
01107,Pickens,Pickens County,0.0,0
01073,Jefferson,Jefferson County,0.0,0
04015,Mohave,Mohave County,8298.2,24
05073,Lafayette,Lafayette County,0.0,0
06071,San Bernardino,San Bernardino County,19733.618712,58
06001,Alameda,Alameda County,4837.0,18
06051,Mono,Mono County,0.0,0
09180,Southeastern Connecticut,Southeastern Connecticut Planning Region,0.0,0
12127,Volusia,Volusia County,76.0,1
12031,Duval,Duval County,994.6,6
13245,Richmond,Richmond County,0.0,0
13213,Murray,Murray County,0.0,0
16087,Washington,Washington County,0.0,0
04025,Yavapai,Yavapai County,1540.0,5
17003,Alexander,Alexander County,0.0,0
18147,Spencer,Spencer County,1320.0,5
18083,Knox,Knox County,1260.0,8
19051,Davis,Davis County,0.0,0
18051,Gibson,Gibson County,1880.0,5
51067,Franklin,Franklin County,265.0,2
51149,Prince George,Prince George County,454.8,7
51061,Fauquier,Fauquier County,631.2,14
51017,Bath,Bath County,0.0,0
51033,Caroline,Caroline County,939.68,16
54033,Harrison,Harrison County,625.0,3
54067,Nicholas,Nicholas County,349.1,5
54017,Doddridge,Doddridge County,2100.0,1
54013,Calhoun,Calhoun County,0.0,0
56035,Sublette,Sublette County,0.0,0
48269,King,King County,1321.5,4
12053,Hernando,Hernando County,74.9,1
12047,Hamilton,Hamilton County,74.9,1
13251,Screven,Screven County,0.0,0
13313,Whitfield,Whitfield County,0.0,0
16007,Bear Lake,Bear Lake County,325.0,1
16049,Idaho,Idaho County,0.0,0
05003,Ashley,Ashley County,735.0,5
06053,Monterey,Monterey County,3505.3024,9
06027,Inyo,Inyo County,2120.188934,5
06085,Santa Clara,Santa Clara County,2115.8884933,14
06023,Humboldt,Humboldt County,161.925,1
08023,Costilla,Costilla County,0.0,0
08057,Jackson,Jackson County,704.0,3
08033,Dolores,Dolores County,110.0,1
37055,Dare,Dare County,0.0,0
37015,Bertie,Bertie County,190.0,3
39095,Lucas,Lucas County,100.0,1
39125,Paulding,Paulding County,600.556,11
42125,Washington,Washington County,220.0,2
42045,Delaware,Delaware County,19.8,1
42127,Wayne,Wayne County,4.95,1
42095,Northampton,Northampton County,19.9,1
45053,Jasper,Jasper County,76.0,1
45065,McCormick,McCormick County,120.0,1
46023,Charles Mix,Charles Mix County,0.0,0
47157,Shelby,Shelby County,1781.0,7
48245,Jefferson,Jefferson County,1574.1,6
48067,Cass,Cass County,278.0,2
49025,Kane,Kane County,1075.0,3
49003,Box Elder,Box Elder County,889.0,9
51141,Patrick,Patrick County,0.0,0
18167,Vigo,Vigo County,1589.12,12
13001,Appling,Appling County,95.0,1
13113,Fayette,Fayette County,0.0,0
13021,Bibb,Bibb County,0.0,0
13219,Oconee,Oconee County,0.0,0
13311,White,White County,0.0,0
13027,Brooks,Brooks County,141.0,1
13183,Long,Long County,0.0,0
13141,Hancock,Hancock County,0.0,0
16005,Bannock,Bannock County,600.9,3
16061,Lewis,Lewis County,0.0,0
17129,Menard,Menard County,0.0,0
17175,Stark,Stark County,1282.0,6
19025,Calhoun,Calhoun County,0.0,0
19125,Marion,Marion County,0.0,0
20001,Allen,Allen County,0.0,0
20135,Ness,Ness County,0.0,0
21151,Madison,Madison County,425.0,4
21029,Bullitt,Bullitt County,50.0,1
21217,Taylor,Taylor County,0.0,0
21025,Breathitt,Breathitt County,0.0,0
21097,Harrison,Harrison County,217.4,5
21017,Bourbon,Bourbon County,0.0,0
21109,Jackson,Jackson County,0.0,0
21165,Menifee,Menifee County,0.0,0
22009,Avoyelles,Avoyelles Parish,490.25,3
22005,Ascension,Ascension Parish,200.0,1
22127,Winn,Winn Parish,182.0,2
23007,Franklin,Franklin County,4.98999977111816,1
25015,Hampshire,Hampshire County,75.2000017166136,5
26119,Montmorency,Montmorency County,0.0,0
27053,Hennepin,Hennepin County,51.0,1
27165,Watonwan,Watonwan County,600.0,2
28163,Yazoo,Yazoo County,270.0,2
28089,Madison,Madison County,1433.08,11
29019,Boone,Boone County,100.0,1
29063,DeKalb,DeKalb County,0.0,0
29195,Saline,Saline County,0.0,0
30055,McCone,McCone County,0.0,0
30047,Lake,Lake County,0.0,0
30013,Cascade,Cascade County,70.0,1
30015,Chouteau,Chouteau County,0.0,0
30069,Petroleum,Petroleum County,0.0,0
31183,Wheeler,Wheeler County,0.0,0
35021,Harding,Harding County,120.0,1
36067,Onondaga,Onondaga County,935.98,8
37057,Davidson,Davidson County,108.75,2
37141,Pender,Pender County,0.0,0
37167,Stanly,Stanly County,0.0,0
37123,Montgomery,Montgomery County,12.52,2
37017,Bladen,Bladen County,159.9,2
37111,McDowell,McDowell County,1.9,1
38059,Morton,Morton County,1150.0,6
39021,Champaign,Champaign County,757.52,12
41023,Grant,Grant County,0.0,0
41013,Crook,Crook County,10475.21,34
42089,Monroe,Monroe County,98.2,2
42031,Clarion,Clarion County,159.28,7
42005,Armstrong,Armstrong County,675.9300000000001,12
42067,Juniata,Juniata County,84.6,2
45041,Florence,Florence County,224.49,5
45071,Newberry,Newberry County,374.95,5
45009,Bamberg,Bamberg County,0.0,0
45005,Allendale,Allendale County,194.0,3
47185,White,White County,0.0,0
47145,Roane,Roane County,1789.0,2
47089,Jefferson,Jefferson County,0.0,0
47057,Grainger,Grainger County,32.0,1
48395,Robertson,Robertson County,4214.84,22
48225,Houston,Houston County,2079.78,9
48373,Polk,Polk County,435.0,3
48491,Williamson,Williamson County,100.51,1
48411,San Saba,San Saba County,0.0,0
48503,Young,Young County,1600.24,9
48419,Shelby,Shelby County,0.0,0
48457,Tyler,Tyler County,390.0,3
48241,Jasper,Jasper County,309.2,3
48089,Colorado,Colorado County,2753.18,15
48025,Bee,Bee County,1819.95,14
48313,Madison,Madison County,821.34,4
48109,Culberson,Culberson County,726.06,4
48327,Menard,Menard County,406.91,3
49055,Wayne,Wayne County,0.0,0
51157,Rappahannock,Rappahannock County,0.0,0
51177,Spotsylvania,Spotsylvania County,823.75,5
05095,Monroe,Monroe County,900.0,5
08043,Fremont,Fremont County,0.0,0
08015,Chaffee,Chaffee County,0.0,0
08051,Gunnison,Gunnison County,0.0,0
12117,Seminole,Seminole County,0.0,0
12121,Suwannee,Suwannee County,307.6,5
13229,Pierce,Pierce County,117.5,1
13033,Burke,Burke County,265.0,3
46117,Stanley,Stanley County,200.0,1
47053,Gibson,Gibson County,70.0,1
47159,Smith,Smith County,0.0,0
47143,Rhea,Rhea County,150.0,1
47063,Hamblen,Hamblen County,0.0,0
47117,Marshall,Marshall County,135.0,1
48401,Rusk,Rusk County,958.21,4
48041,Brazos,Brazos County,1021.05,6
48119,Delta,Delta County,443.88,4
48219,Hockley,Hockley County,0.0,0
48407,San Jacinto,San Jacinto County,250.0,2
48467,Van Zandt,Van Zandt County,1212.7,9
48161,Freestone,Freestone County,3645.9,20
48405,San Augustine,San Augustine County,0.0,0
48345,Motley,Motley County,552.0,2
49049,Utah,Utah County,7039.0,33
27129,Renville,Renville County,575.0,3
27021,Cass,Cass County,0.0,0
27103,Nicollet,Nicollet County,0.0,0
28049,Hinds,Hinds County,2451.0,8
28007,Attala,Attala County,200.0,1
28013,Calhoun,Calhoun County,0.0,0
29085,Hickory,Hickory County,0.0,0
30087,Rosebud,Rosebud County,4200.0,8
30033,Garfield,Garfield County,0.0,0
31155,Saunders,Saunders County,81.0,1
32011,Eureka,Eureka County,178.5,2
36043,Herkimer,Herkimer County,178.0,6
38071,Ramsey,Ramsey County,0.0,0
39079,Jackson,Jackson County,660.0,6
40145,Wagoner,Wagoner County,401.7,2
40043,Dewey,Dewey County,245.0,2
41043,Linn,Linn County,324.0,4
42071,Lancaster,Lancaster County,9.86,1
42033,Clearfield,Clearfield County,1785.96,18
42113,Sullivan,Sullivan County,0.0,0
51036,Charles City,Charles City County,486.35,5
51029,Buckingham,Buckingham County,501.0,7
53043,Lincoln,Lincoln County,2131.25,10
54081,Raleigh,Raleigh County,0.0,0
54039,Kanawha,Kanawha County,459.6,4
54087,Roane,Roane County,0.0,0
55001,Adams,Adams County,200.0,1
01023,Choctaw,Choctaw County,0.0,0
06091,Sierra,Sierra County,0.0,0
09170,South Central Connecticut,South Central Connecticut Planning Region,0.0,0
16031,Cassia,Cassia County,10.0,1
01047,Dallas,Dallas County,240.0,3
21127,Lawrence,Lawrence County,150.0,1
22111,Union,Union Parish,475.0,4
24001,Allegany,Allegany County,229.88,5
26029,Charlevoix,Charlevoix County,0.0,0
29201,Scott,Scott County,956.0,5
35017,Grant,Grant County,301.9,2
38085,Sioux,Sioux County,235.0,1
40147,Washington,Washington County,0.0,0
45083,Spartanburg,Spartanburg County,69.0,3
48427,Starr,Starr County,4744.76,24
48361,Orange,Orange County,1992.0,4
19111,Lee,Lee County,335.0,2
01109,Pike,Pike County,580.0,2
21139,Livingston,Livingston County,110.0,2
21027,Breckinridge,Breckinridge County,450.0,3
21159,Martin,Martin County,546.8,5
21235,Whitley,Whitley County,0.0,0
21055,Crittenden,Crittenden County,30.0,1
22125,West Feliciana,West Feliciana Parish,0.0,0
24019,Dorchester,Dorchester County,321.95,12
24023,Garrett,Garrett County,690.0,4
24033,Prince George's,Prince George's County,832.192,4
24011,Caroline,Caroline County,311.816,3
26115,Monroe,Monroe County,950.0,5
27043,Faribault,Faribault County,845.0,5
28055,Issaquena,Issaquena County,0.0,0
29013,Bates,Bates County,0.0,0
29095,Jackson,Jackson County,815.0,6
29197,Schuyler,Schuyler County,0.0,0
30061,Mineral,Mineral County,0.0,0
34033,Salem,Salem County,915.3,8
34041,Warren,Warren County,684.2,22
34003,Bergen,Bergen County,20.0,1
34031,Passaic,Passaic County,0.0,0
35007,Colfax,Colfax County,0.0,0
36119,Westchester,Westchester County,403.5,2
36075,Oswego,Oswego County,616.8,6
13237,Putnam,Putnam County,150.0,1
13319,Wilkinson,Wilkinson County,220.0,1
13209,Montgomery,Montgomery County,0.0,0
16039,Elmore,Elmore County,289.0,3
19107,Keokuk,Keokuk County,0.0,0
20149,Pottawatomie,Pottawatomie County,201.6,1
20163,Rooks,Rooks County,0.0,0
21119,Knott,Knott County,210.0,1
21005,Anderson,Anderson County,0.0,0
21125,Laurel,Laurel County,0.0,0
21007,Ballard,Ballard County,229.0,2
22013,Bienville,Bienville Parish,120.0,1
22101,St. Mary,St. Mary Parish,111.98,2
22055,Lafayette,Lafayette Parish,842.71,3
22063,Livingston,Livingston Parish,0.0,0
22077,Pointe Coupee,Pointe Coupee Parish,389.58000000000004,3
22091,St. Helena,St. Helena Parish,1110.0,4
53057,Skagit,Skagit County,938.0,7
53031,Jefferson,Jefferson County,0.0,0
53049,Pacific,Pacific County,0.0,0
53033,King,King County,680.0,4
53061,Snohomish,Snohomish County,26.0,2
54071,Pendleton,Pendleton County,191.5,1
55051,Iron,Iron County,0.0,0
06039,Madera,Madera County,1504.1677000000002,6
06077,San Joaquin,San Joaquin County,8039.9408406,29
06019,Fresno,Fresno County,17635.627496643065,51
05001,Arkansas,Arkansas County,2257.0,14
05067,Jackson,Jackson County,4404.0,14
05029,Conway,Conway County,385.0,3
05075,Lawrence,Lawrence County,571.0,5
22113,Vermilion,Vermilion Parish,335.0,3
24045,Wicomico,Wicomico County,150.957,9
26033,Chippewa,Chippewa County,100.0,1
27075,Lake,Lake County,0.0,0
30053,Lincoln,Lincoln County,646.0,1
37047,Columbus,Columbus County,0.0,0
38077,Richland,Richland County,300.0,2
45019,Charleston,Charleston County,0.0,0
47147,Robertson,Robertson County,0.0,0
48201,Harris,Harris County,10967.51,49
48403,Sabine,Sabine County,0.0,0
51099,King George,King George County,666.7,8
54057,Mineral,Mineral County,209.0,3
05109,Pike,Pike County,100.0,1
12049,Hardee,Hardee County,640.0,1
17187,Warren,Warren County,235.0,2
22097,St. Landry,St. Landry Parish,1367.5,6
30063,Missoula,Missoula County,0.0,0
30051,Liberty,Liberty County,0.0,0
38037,Grant,Grant County,0.0,0
39101,Marion,Marion County,539.15,10
45035,Dorchester,Dorchester County,0.0,0
47173,Union,Union County,0.0,0
48349,Navarro,Navarro County,4024.2400000000002,26
48069,Castro,Castro County,3340.64,12
51041,Chesterfield,Chesterfield County,1676.0,10
31091,Hooker,Hooker County,0.0,0
16003,Adams,Adams County,0.0,0
01049,DeKalb,DeKalb County,200.0,1
06111,Ventura,Ventura County,2398.525,5
06093,Siskiyou,Siskiyou County,150.0,1
09130,Lower Connecticut River Valley,Lower Connecticut River Valley Planning Region,0.0,0
37075,Graham,Graham County,0.0,0
38097,Traill,Traill County,0.0,0
40013,Bryan,Bryan County,517.4780000000001,5
41019,Douglas,Douglas County,1740.0,5
44009,Washington,Washington County,672.7999963760369,16
47165,Sumner,Sumner County,0.0,0
48273,Kleberg,Kleberg County,698.5,5
51119,Middlesex,Middlesex County,0.0,0
01115,St. Clair,St. Clair County,0.0,0
20033,Comanche,Comanche County,0.0,0
22107,Tensas,Tensas Parish,400.0,1
24031,Montgomery,Montgomery County,500.0,1
26013,Baraga,Baraga County,1.8,1
27163,Washington,Washington County,180.0,2
28109,Pearl River,Pearl River County,0.0,0
32031,Washoe,Washoe County,2328.5,11
34019,Hunterdon,Hunterdon County,342.54999999999995,8
36071,Orange,Orange County,2287.0,18
51165,Rockingham,Rockingham County,514.5,8
08093,Park,Park County,0.0,0
12105,Polk,Polk County,612.0,10
13217,Newton,Newton County,0.0,0
17171,Scott,Scott County,733.0,5
21051,Clay,Clay County,0.0,0
21131,Leslie,Leslie County,0.0,0
22053,Jefferson Davis,Jefferson Davis Parish,1270.0,7
27139,Scott,Scott County,390.5,3
28131,Stone,Stone County,248.0,2
30049,Lewis and Clark,Lewis and Clark County,18.78,3
30073,Pondera,Pondera County,0.0,0
31171,Thomas,Thomas County,0.0,0
36091,Saratoga,Saratoga County,130.0,1
37079,Greene,Greene County,0.0,0
42099,Perry,Perry County,225.2,3
48459,Upshur,Upshur County,0.0,0
48381,Randall,Randall County,575.0,3
48343,Morris,Morris County,1419.0,3
48301,Loving,Loving County,44.4,1
51081,Greensville,Greensville County,411.3,10
51145,Powhatan,Powhatan County,144.70000000000002,4
12091,Okaloosa,Okaloosa County,149.4,2
16043,Fremont,Fremont County,150.0,1
05081,Little River,Little River County,354.1,3
06045,Mendocino,Mendocino County,0.0,0
37155,Robeson,Robeson County,448.9,4
37175,Transylvania,Transylvania County,0.0,0
40135,Sequoyah,Sequoyah County,0.0,0
41033,Josephine,Josephine County,0.0,0
42059,Greene,Greene County,709.25,7
45021,Cherokee,Cherokee County,799.25,3
47151,Scott,Scott County,0.0,0
48261,Kenedy,Kenedy County,0.0,0
49043,Summit,Summit County,100.0,1
51117,Mecklenburg,Mecklenburg County,760.0,11
20023,Cheyenne,Cheyenne County,0.0,0
21059,Daviess,Daviess County,485.0,5
22119,Webster,Webster Parish,1424.0,7
24017,Charles,Charles County,1457.0,4
25025,Suffolk,Suffolk County,555.623992919921,2
27073,Lac qui Parle,Lac qui Parle County,0.0,0
29099,Jefferson,Jefferson County,250.0,1
30029,Flathead,Flathead County,1.6,1
32003,Clark,Clark County,14602.031788,50
34001,Atlantic,Atlantic County,5462.54,11
36063,Niagara,Niagara County,1095.5,7
13163,Jefferson,Jefferson County,941.5,6
13309,Wheeler,Wheeler County,80.0,1
21067,Fayette,Fayette County,80.0,2
21203,Rockcastle,Rockcastle County,0.0,0
21123,Larue,Larue County,63.25,1
22047,Iberville,Iberville Parish,1150.2,4
51175,Southampton,Southampton County,144.2,3
51069,Frederick,Frederick County,560.0,4
53027,Grays Harbor,Grays Harbor County,0.0,0
17027,Clinton,Clinton County,275.0,2
55003,Ashland,Ashland County,0.0,0
05039,Dallas,Dallas County,0.0,0
06021,Glenn,Glenn County,0.0,0
45059,Laurens,Laurens County,165.5,4
46095,Mellette,Mellette County,0.0,0
46073,Jerauld,Jerauld County,0.0,0
47119,Maury,Maury County,100.0,1
47129,Morgan,Morgan County,0.0,0
47097,Lauderdale,Lauderdale County,0.0,0
48035,Bosque,Bosque County,1930.52,12
48091,Comal,Comal County,0.0,0
48239,Jackson,Jackson County,1814.1100000000001,9
48105,Crockett,Crockett County,1404.62,7
48175,Goliad,Goliad County,2218.28,11
29027,Callaway,Callaway County,1765.0,8
30099,Teton,Teton County,0.0,0
34013,Essex,Essex County,60.0,1
36065,Oneida,Oneida County,1498.4,10
37147,Pitt,Pitt County,150.0,2
39055,Geauga,Geauga County,0.0,0
40101,Muskogee,Muskogee County,675.0,4
41003,Benton,Benton County,1.25,3
51023,Botetourt,Botetourt County,270.2,4
51125,Nelson,Nelson County,117.0,3
51101,King William,King William County,74.0,1
53005,Benton,Benton County,10429.1,29
54025,Greenbrier,Greenbrier County,28.0,1
01071,Jackson,Jackson County,199.0,2
06015,Del Norte,Del Norte County,0.0,0
06025,Imperial,Imperial County,7715.78,41
08083,Montezuma,Montezuma County,365.0,3
12089,Nassau,Nassau County,149.0,2
21089,Greenup,Greenup County,0.0,0
40133,Seminole,Seminole County,0.0,0
54043,Lincoln,Lincoln County,0.0,0
22057,Lafourche,Lafourche Parish,515.1,3
29069,Dunklin,Dunklin County,200.0,1
36029,Erie,Erie County,817.5,5
13269,Taylor,Taylor County,625.0,3
18183,Whitley,Whitley County,147.0,4
08115,Sedgwick,Sedgwick County,0.0,0
13191,McIntosh,McIntosh County,0.0,0
13241,Rabun,Rabun County,0.0,0
24003,Anne Arundel,Anne Arundel County,375.0,3
26003,Alger,Alger County,0.0,0
34005,Burlington,Burlington County,21.05,2
38075,Renville,Renville County,0.0,0
47155,Sevier,Sevier County,0.0,0
48391,Refugio,Refugio County,2236.56,5
51181,Surry,Surry County,799.0,9
53015,Cowlitz,Cowlitz County,1359.8,4
08101,Pueblo,Pueblo County,2928.0,21
16013,Blaine,Blaine County,1000.0,4
16025,Camas,Camas County,0.0,0
20047,Edwards,Edwards County,1095.0,6
21049,Clark,Clark County,8.5,1
22103,St. Tammany,St. Tammany Parish,550.0,2
29207,Stoddard,Stoddard County,705.0,4
30045,Judith Basin,Judith Basin County,0.0,0
37161,Rutherford,Rutherford County,298.9,2
37083,Halifax,Halifax County,298.72,6
42023,Cameron,Cameron County,0.0,0
45049,Hampton,Hampton County,250.0,3
47189,Wilson,Wilson County,0.0,0
48029,Bexar,Bexar County,4638.59,25
48055,Caldwell,Caldwell County,1439.31,11
48429,Stephens,Stephens County,148.4,1
51085,Hanover,Hanover County,474.0,6
54031,Hardy,Hardy County,892.34,5
12039,Gadsden,Gadsden County,74.5,1
13291,Union,Union County,0.0,0
06061,Placer,Placer County,0.0,0
37043,Clay,Clay County,0.0,0
37029,Camden,Camden County,0.0,0
39043,Erie,Erie County,273.3,3
42101,Philadelphia,Philadelphia County,0.0,0
46123,Tripp,Tripp County,0.0,0
48369,Parmer,Parmer County,565.0,2
50027,Windsor,Windsor County,133.9999961853025,2
17197,Will,Will County,1556.6,11
05061,Howard,Howard County,0.0,0
22031,De Soto,De Soto Parish,414.0,5
23003,Aroostook,Aroostook County,3354.399993896483,9
25013,Hampden,Hampden County,1751.0800266265844,24
27173,Yellow Medicine,Yellow Medicine County,368.0,3
29183,St. Charles,St. Charles County,100.0,1
30035,Glacier,Glacier County,0.0,0
33007,Coos,Coos County,0.0,0
13271,Telfair,Telfair County,0.0,0
16063,Lincoln,Lincoln County,199.9,1
18067,Howard,Howard County,900.0,4
18125,Pike,Pike County,1728.0,12
21065,Estill,Estill County,0.0,0
21189,Owsley,Owsley County,0.0,0
21229,Washington,Washington County,203.0,2
22001,Acadia,Acadia Parish,1599.0,11
51199,York,York County,133.0,2
53071,Walla Walla,Walla Walla County,2041.0,12
17047,Edwards,Edwards County,238.0,2
54027,Hampshire,Hampshire County,150.0,1
55007,Bayfield,Bayfield County,0.0,0
05045,Faulkner,Faulkner County,200.0,1
08031,Denver,Denver County,0.0,0
13077,Coweta,Coweta County,2434.0,5
45047,Greenwood,Greenwood County,326.93,7
47037,Davidson,Davidson County,0.0,0
47167,Tipton,Tipton County,0.0,0
48371,Pecos,Pecos County,6220.08,34
13221,Oglethorpe,Oglethorpe County,798.0,7
13315,Wilcox,Wilcox County,360.0,3
18071,Jackson,Jackson County,150.0,1
19161,Sac,Sac County,0.0,0
21239,Woodford,Woodford County,0.0,0
21231,Wayne,Wayne County,0.0,0
22079,Rapides,Rapides Parish,2116.3,11
55043,Grant,Grant County,300.0,3
05117,Prairie,Prairie County,580.0,2
06043,Mariposa,Mariposa County,0.0,0
12095,Orange,Orange County,60.0,1
13135,Gwinnett,Gwinnett County,0.0,0
46005,Beadle,Beadle County,2.5,2
46137,Ziebach,Ziebach County,0.0,0
48135,Ector,Ector County,4330.33,21
48185,Grimes,Grimes County,4134.55,17
48023,Baylor,Baylor County,907.5,3
49011,Davis,Davis County,0.0,0
27171,Wright,Wright County,0.0,0
28043,Grenada,Grenada County,250.55,1
29033,Carroll,Carroll County,96.0,1
37103,Jones,Jones County,0.0,0
42051,Fayette,Fayette County,457.1,9
22011,Beauregard,Beauregard Parish,2753.0,13
26163,Wayne,Wayne County,1077.5,9
33009,Grafton,Grafton County,0.0,0
37095,Hyde,Hyde County,0.0,0
47163,Sullivan,Sullivan County,0.0,0
48075,Childress,Childress County,619.8199999999999,4
51105,Lee,Lee County,0.0,0
06055,Napa,Napa County,276.5,2
08011,Bent,Bent County,199.0,1
51009,Amherst,Amherst County,158.0,5
51147,Prince Edward,Prince Edward County,466.0,7
54045,Logan,Logan County,0.0,0
06083,Santa Barbara,Santa Barbara County,0.0,0
12045,Gulf,Gulf County,0.0,0
13039,Camden,Camden County,102.0,1
53077,Yakima,Yakima County,1629.8899999999999,12
09190,Western Connecticut,Western Connecticut Planning Region,0.0,0
45057,Lancaster,Lancaster County,0.0,0
16083,Twin Falls,Twin Falls County,331.5,2
19001,Adair,Adair County,622.0,3
21147,McCreary,McCreary County,0.0,0
27023,Chippewa,Chippewa County,237.0,1
30027,Fergus,Fergus County,0.0,0
37159,Rowan,Rowan County,968.0,3
42063,Indiana,Indiana County,345.44,7
49029,Morgan,Morgan County,0.0,0
47187,Williamson,Williamson County,0.0,0
48311,McMullen,McMullen County,261.42,1
30039,Granite,Granite County,0.0,0
01081,Lee,Lee County,237.0,2
01059,Franklin,Franklin County,0.0,0
05143,Washington,Washington County,0.0,0
05089,Marion,Marion County,0.0,0
08009,Baca,Baca County,238.0,1
08099,Prowers,Prowers County,349.0,2
08125,Yuma,Yuma County,459.0,3
09150,Northeastern Connecticut,Northeastern Connecticut Planning Region,0.0,0
12015,Charlotte,Charlotte County,1045.4,14
48153,Floyd,Floyd County,500.0,2
27061,Itasca,Itasca County,486.0,3
31179,Wayne,Wayne County,385.0,2
37115,Madison,Madison County,0.0,0
41031,Jefferson,Jefferson County,8010.99,30
01095,Marshall,Marshall County,0.0,0
22065,Madison,Madison Parish,748.8,3
26063,Huron,Huron County,1550.0,7
37049,Craven,Craven County,0.0,0
41065,Wasco,Wasco County,5007.0,14
48351,Newton,Newton County,805.0,4
06109,Tuolumne,Tuolumne County,10.0,1
12007,Bradford,Bradford County,224.70000000000002,3
51003,Albemarle,Albemarle County,160.0,2
53021,Franklin,Franklin County,422.3,4
12103,Pinellas,Pinellas County,1482.0,6
16027,Canyon,Canyon County,280.0,3
08071,Las Animas,Las Animas County,140.0,2
39061,Hamilton,Hamilton County,0.0,0
45025,Chesterfield,Chesterfield County,497.8,7
18009,Blackford,Blackford County,1478.6,13
27125,Red Lake,Red Lake County,130.0,1
42061,Huntingdon,Huntingdon County,40.0,2
47049,Fentress,Fentress County,0.0,0
48005,Angelina,Angelina County,1310.94,5
48347,Nacogdoches,Nacogdoches County,1344.15,7
47141,Putnam,Putnam County,0.0,0
49007,Carbon,Carbon County,165.0,2
36113,Warren,Warren County,0.0,0
38043,Kidder,Kidder County,0.0,0
51630,Fredericksburg,Fredericksburg city,0.0,0
29227,Worth,Worth County,0.0,0
13195,Madison,Madison County,0.0,0
21069,Fleming,Fleming County,456.8,6
24027,Howard,Howard County,0.0,0
54075,Pocahontas,Pocahontas County,0.0,0
28003,Alcorn,Alcorn County,0.0,0
12119,Sumter,Sumter County,149.8,2
04011,Greenlee,Greenlee County,470.0,2
04017,Navajo,Navajo County,10727.60499999999,24
01053,Escambia,Escambia County,159.0,2
01111,Randolph,Randolph County,0.0,0
01075,Lamar,Lamar County,0.0,0
13281,Towns,Towns County,0.0,0
17069,Hardin,Hardin County,0.0,0
17067,Hancock,Hancock County,127.0,1
17111,McHenry,McHenry County,2180.15,15
17033,Crawford,Crawford County,0.0,0
17077,Jackson,Jackson County,433.4,3
18163,Vanderburgh,Vanderburgh County,350.0,2
18165,Vermillion,Vermillion County,4583.0,15
12081,Manatee,Manatee County,757.5,10
12063,Jackson,Jackson County,149.5,3
13143,Haralson,Haralson County,0.0,0
13055,Chattooga,Chattooga County,0.0,0
13047,Catoosa,Catoosa County,0.0,0
13083,Dade,Dade County,0.0,0
13253,Seminole,Seminole County,0.0,0
20121,Miami,Miami County,0.0,0
01125,Tuscaloosa,Tuscaloosa County,0.0,0
20025,Clark,Clark County,0.0,0
20019,Chautauqua,Chautauqua County,0.0,0
01045,Dale,Dale County,239.0,3
21053,Clinton,Clinton County,0.0,0
21163,Meade,Meade County,300.0,2
21161,Mason,Mason County,350.0,2
01031,Coffee,Coffee County,80.0,1
21225,Union,Union County,0.0,0
18077,Jefferson,Jefferson County,600.0,4
18127,Porter,Porter County,272.0,3
18115,Ohio,Ohio County,0.0,0
19057,Des Moines,Des Moines County,293.0,3
19193,Woodbury,Woodbury County,433.15,3
19167,Sioux,Sioux County,0.0,0
19131,Mitchell,Mitchell County,180.0,1
20125,Montgomery,Montgomery County,0.0,0
20021,Cherokee,Cherokee County,481.0,3
20107,Linn,Linn County,1414.1,3
20091,Johnson,Johnson County,778.4,3
20209,Wyandotte,Wyandotte County,400.0,2
26005,Allegan,Allegan County,892.15,5
26009,Antrim,Antrim County,0.0,0
26091,Lenawee,Lenawee County,1703.0,11
26001,Alcona,Alcona County,451.9,3
27049,Goodhue,Goodhue County,750.0,4
27155,Traverse,Traverse County,300.0,1
27071,Koochiching,Koochiching County,0.0,0
28039,George,George County,0.0,0
28041,Greene,Greene County,0.0,0
28141,Tishomingo,Tishomingo County,0.0,0
05071,Johnson,Johnson County,0.0,0
22027,Claiborne,Claiborne Parish,100.0,1
01011,Bullock,Bullock County,200.0,1
26097,Mackinac,Mackinac County,160.0,1
26105,Mason,Mason County,1200.0,8
26021,Berrien,Berrien County,280.0,2
26027,Cass,Cass County,675.1,9
29165,Platte,Platte County,0.0,0
29127,Marion,Marion County,295.0,2
29045,Clark,Clark County,223.0,1
29129,Mercer,Mercer County,0.0,0
31055,Douglas,Douglas County,281.20000000000005,5
31021,Burt,Burt County,925.0,3
31161,Sheridan,Sheridan County,0.0,0
31057,Dundy,Dundy County,0.0,0
31133,Pawnee,Pawnee County,0.0,0
31153,Sarpy,Sarpy County,782.7,3
31051,Dixon,Dixon County,0.0,0
29209,Stone,Stone County,0.0,0
29091,Howell,Howell County,0.0,0
30067,Park,Park County,0.0,0
31083,Harlan,Harlan County,215.0,1
31025,Cass,Cass County,1467.95,6
31067,Gage,Gage County,1470.0,6
29119,McDonald,McDonald County,0.0,0
29011,Barton,Barton County,202.0,1
40143,Tulsa,Tulsa County,550.0,3
40047,Garfield,Garfield County,572.0,4
40031,Comanche,Comanche County,1200.0,6
45081,Saluda,Saluda County,272.9,2
46115,Spink,Spink County,0.0,0
46069,Hyde,Hyde County,499.0,2
47179,Washington,Washington County,0.0,0
47079,Henry,Henry County,0.0,0
36055,Monroe,Monroe County,350.0,3
36011,Cayuga,Cayuga County,535.0,5
40077,Latimer,Latimer County,0.0,0
48085,Collin,Collin County,1296.37,8
48099,Coryell,Coryell County,251.87,3
46087,McCook,McCook County,100.0,2
55019,Clark,Clark County,208.0,1
55085,Oneida,Oneida County,0.0,0
56043,Washakie,Washakie County,0.0,0
47051,Franklin,Franklin County,0.0,0
37179,Union,Union County,0.0,0
37187,Washington,Washington County,654.0,5
48143,Erath,Erath County,1020.55,5
48139,Ellis,Ellis County,3042.31,20
48331,Milam,Milam County,5421.11,23
56027,Niobrara,Niobrara County,0.0,0
37171,Surry,Surry County,0.0,0
37033,Caswell,Caswell County,0.0,0
48281,Lampasas,Lampasas County,765.73,5
48227,Howard,Howard County,2454.0,12
48131,Duval,Duval County,1095.1,7
48389,Reeves,Reeves County,1887.18,12
48397,Rockwall,Rockwall County,250.72,2
48277,Lamar,Lamar County,5799.03,25
37005,Alleghany,Alleghany County,0.0,0
37073,Gates,Gates County,0.0,0
48021,Bastrop,Bastrop County,2621.75,10
48253,Jones,Jones County,3110.45,14
48237,Jack,Jack County,7614.17,19
48199,Hardin,Hardin County,833.0,5
48265,Kerr,Kerr County,120.96,1
48283,La Salle,La Salle County,2332.95,10
48207,Haskell,Haskell County,3989.65,19
48393,Roberts,Roberts County,0.0,0
48137,Edwards,Edwards County,29.05,1
47039,Decatur,Decatur County,0.0,0
47027,Clay,Clay County,0.0,0
48293,Limestone,Limestone County,1512.31,10
48081,Coke,Coke County,685.39,5
48011,Armstrong,Armstrong County,1190.3,3
48319,Mason,Mason County,9.8,1
48435,Sutton,Sutton County,1057.11,3
48195,Hansford,Hansford County,890.0,3
12021,Collier,Collier County,1117.5,15
12011,Broward,Broward County,0.0,0
47175,Van Buren,Van Buren County,0.0,0
47133,Overton,Overton County,0.0,0
49001,Beaver,Beaver County,361.81,6
50015,Lamoille,Lamoille County,0.0,0
12061,Indian River,Indian River County,596.0,8
12005,Bay,Bay County,150.0,1
36001,Albany,Albany County,3925.0,6
36037,Genesee,Genesee County,1682.9,8
51173,Smyth,Smyth County,250.0,1
51063,Floyd,Floyd County,0.0,0
51163,Rockbridge,Rockbridge County,240.0,2
51790,Staunton,Staunton city,0.0,0
13061,Clay,Clay County,0.0,0
13099,Early,Early County,80.0,1
36069,Ontario,Ontario County,20.0,1
37025,Cabarrus,Cabarrus County,0.0,0
37059,Davie,Davie County,0.0,0
51135,Nottoway,Nottoway County,100.3,4
51540,Charlottesville,Charlottesville city,0.0,0
51600,Fairfax,Fairfax city,0.0,0
13111,Fannin,Fannin County,0.0,0
13045,Carroll,Carroll County,100.0,1
37105,Lee,Lee County,0.0,0
37189,Watauga,Watauga County,0.0,0
51595,Emporia,Emporia city,115.0,1
54079,Putnam,Putnam County,0.0,0
54101,Webster,Webster County,210.0,1
13275,Thomas,Thomas County,0.0,0
13257,Stephens,Stephens County,0.0,0
37069,Franklin,Franklin County,0.0,0
37195,Wilson,Wilson County,80.0,1
54015,Clay,Clay County,0.0,0
55039,Fond du Lac,Fond du Lac County,150.0,2
55015,Calumet,Calumet County,150.0,1
55017,Chippewa,Chippewa County,0.0,0
16081,Teton,Teton County,0.0,0
16075,Payette,Payette County,0.0,0
37181,Vance,Vance County,3.55,1
13239,Quitman,Quitman County,0.0,0
38101,Ward,Ward County,200.0,2
38027,Eddy,Eddy County,0.0,0
40069,Johnston,Johnston County,1503.0,8
40063,Hughes,Hughes County,432.0,2
40057,Harmon,Harmon County,0.0,0
01093,Marion,Marion County,7.0,1
01019,Cherokee,Cherokee County,0.0,0
04019,Pima,Pima County,4625.0,18
38047,Logan,Logan County,0.0,0
38103,Wells,Wells County,0.0,0
38025,Dunn,Dunn County,0.0,0
41053,Polk,Polk County,50.0,1
42107,Schuylkill,Schuylkill County,93.0,2
04023,Santa Cruz,Santa Cruz County,0.0,0
05127,Scott,Scott County,0.0,0
06059,Orange,Orange County,2365.05,9
06079,San Luis Obispo,San Luis Obispo County,5296.492,8
06095,Solano,Solano County,3060.5326999999997,12
06049,Modoc,Modoc County,24.9,1
39173,Wood,Wood County,564.0,7
39147,Seneca,Seneca County,207.9,3
39139,Richland,Richland County,84.0,1
42065,Jefferson,Jefferson County,722.0,6
42037,Columbia,Columbia County,59.6,3
08085,Montrose,Montrose County,100.0,1
12087,Monroe,Monroe County,0.0,0
08021,Conejos,Conejos County,0.0,0
39133,Portage,Portage County,0.0,0
39153,Summit,Summit County,0.0,0
39011,Auglaize,Auglaize County,0.0,0
42021,Cambria,Cambria County,851.6764000000001,12
42109,Snyder,Snyder County,74.03,4
08061,Kiowa,Kiowa County,450.0,2
08075,Logan,Logan County,0.0,0
09120,Greater Bridgeport,Greater Bridgeport Planning Region,0.0,0
39127,Perry,Perry County,80.0,1
39149,Shelby,Shelby County,0.0,0
39019,Carroll,Carroll County,80.0,1
42047,Elk,Elk County,764.0,5
42121,Venango,Venango County,345.5,12
46049,Faulk,Faulk County,0.0,0
46119,Sully,Sully County,0.0,0
35013,Doña Ana,Doña Ana County,433.0,6
35035,Otero,Otero County,446.0,4
48017,Bailey,Bailey County,250.0,1
48295,Lipscomb,Lipscomb County,0.0,0
49053,Washington,Washington County,480.0,3
05135,Sharp,Sharp County,100.0,1
08001,Adams,Adams County,1514.0,6
08105,Rio Grande,Rio Grande County,0.0,0
08121,Washington,Washington County,0.0,0
08017,Cheyenne,Cheyenne County,199.0,1
13169,Jones,Jones County,0.0,0
13037,Calhoun,Calhoun County,0.0,0
13173,Lanier,Lanier County,0.0,0
36027,Dutchess,Dutchess County,3004.0,8
17073,Henry,Henry County,540.74,3
50025,Windham,Windham County,100.955001831054,1
31109,Lancaster,Lancaster County,3763.26,19
08079,Mineral,Mineral County,0.0,0
12043,Glades,Glades County,0.0,0
18031,Decatur,Decatur County,1086.0,5
18113,Noble,Noble County,300.0,1
13095,Dougherty,Dougherty County,0.0,0
17123,Marshall,Marshall County,213.0,2
21129,Lee,Lee County,0.0,0
22083,Richland,Richland Parish,2875.0,6
17055,Franklin,Franklin County,1300.0,5
31121,Merrick,Merrick County,0.0,0
31151,Saline,Saline County,118.0,1
31141,Platte,Platte County,0.0,0
31035,Clay,Clay County,0.0,0
31099,Kearney,Kearney County,0.0,0
18149,Starke,Starke County,1242.0,7
18157,Tippecanoe,Tippecanoe County,590.0,4
18023,Clinton,Clinton County,1135.0,7
18047,Franklin,Franklin County,0.0,0
18117,Orange,Orange County,0.0,0
22007,Assumption,Assumption Parish,385.0,2
26049,Genesee,Genesee County,675.0,6
26073,Isabella,Isabella County,180.0,2
36007,Broome,Broome County,1437.0,4
36117,Wayne,Wayne County,250.0,2
31135,Perkins,Perkins County,120.0,1
32019,Lyon,Lyon County,1244.6,7
32510,Carson City,Carson City,150.0,2
18015,Carroll,Carroll County,359.0,2
19165,Shelby,Shelby County,0.0,0
19023,Butler,Butler County,0.0,0
19179,Wapello,Wapello County,200.0,1
19087,Henry,Henry County,400.0,2
26037,Clinton,Clinton County,495.0,4
26035,Clare,Clare County,225.0,1
26165,Wexford,Wexford County,500.0,2
26051,Gladwin,Gladwin County,495.0,4
26085,Lake,Lake County,0.0,0
36089,St. Lawrence,St. Lawrence County,1210.4,12
36079,Putnam,Putnam County,0.0,0
33001,Belknap,Belknap County,0.0,0
35027,Lincoln,Lincoln County,0.0,0
19183,Washington,Washington County,776.0,3
19031,Cedar,Cedar County,9.0,1
19101,Jefferson,Jefferson County,0.0,0
19079,Hamilton,Hamilton County,0.0,0
19047,Crawford,Crawford County,252.0,2
27141,Sherburne,Sherburne County,1045.0,4
27067,Kandiyohi,Kandiyohi County,200.0,1
27039,Dodge,Dodge County,0.0,0
37149,Polk,Polk County,0.0,0
17095,Knox,Knox County,1200.0,6
17081,Jefferson,Jefferson County,700.0,3
17181,Union,Union County,0.0,0
19065,Fayette,Fayette County,0.0,0
20015,Butler,Butler County,650.0,2
20063,Gove,Gove County,0.0,0
20055,Finney,Finney County,1479.0,4
20151,Pratt,Pratt County,25.0,1
27131,Rice,Rice County,0.0,0
27001,Aitkin,Aitkin County,220.0,1
27019,Carver,Carver County,130.0,1
37071,Gaston,Gaston County,364.0,3
37011,Avery,Avery County,0.0,0
17009,Brown,Brown County,0.0,0
17169,Schuyler,Schuyler County,0.0,0
20115,Marion,Marion County,0.0,0
20093,Kearny,Kearny County,300.0,2
20029,Cloud,Cloud County,799.1,4
20049,Elk,Elk County,0.0,0
20027,Clay,Clay County,0.0,0
27009,Benton,Benton County,899.0,6
27017,Carlton,Carlton County,0.0,0
27101,Murray,Murray County,470.0,4
28117,Prentiss,Prentiss County,0.0,0
37143,Perquimans,Perquimans County,0.0,0
38087,Slope,Slope County,0.0,0
50001,Addison,Addison County,50.0,1
51710,Norfolk,Norfolk city,0.0,0
20111,Lyon,Lyon County,135.0,1
20061,Geary,Geary County,0.0,0
20207,Woodson,Woodson County,0.0,0
20053,Ellsworth,Ellsworth County,0.0,0
20165,Rush,Rush County,160.0,1
28129,Smith,Smith County,0.0,0
28155,Webster,Webster County,0.0,0
28105,Oktibbeha,Oktibbeha County,138.0,2
28161,Yalobusha,Yalobusha County,199.0,1
28061,Jasper,Jasper County,1036.0,5
39001,Adams,Adams County,190.4,3
39111,Monroe,Monroe County,20.0,1
51740,Portsmouth,Portsmouth city,0.0,0
53073,Whatcom,Whatcom County,588.0,4
53039,Klickitat,Klickitat County,4144.0,15
53069,Wahkiakum,Wahkiakum County,0.0,0
20141,Osborne,Osborne County,250.0,1
20075,Hamilton,Hamilton County,0.0,0
21207,Russell,Russell County,60.0,1
21077,Gallatin,Gallatin County,0.0,0
28035,Forrest,Forrest County,49.59,1
28063,Jefferson,Jefferson County,800.0,3
29109,Lawrence,Lawrence County,366.0,2
39029,Columbiana,Columbiana County,124.5,2
39025,Clermont,Clermont County,1067.4,3
17103,Lee,Lee County,3109.24,27
53023,Garfield,Garfield County,1550.0,6
21073,Franklin,Franklin County,0.0,0
21045,Casey,Casey County,0.0,0
29077,Greene,Greene County,145.0,1
29003,Andrew,Andrew County,0.0,0
39107,Mercer,Mercer County,0.0,0
39171,Williams,Williams County,66.7,2
39085,Lake,Lake County,0.0,0
54053,Mason,Mason County,299.8,5
17051,Fayette,Fayette County,1179.0,9
17105,Livingston,Livingston County,2048.1,11
21227,Warren,Warren County,0.0,0
21215,Spencer,Spencer County,0.0,0
21043,Carter,Carter County,0.0,0
21001,Adair,Adair County,124.8,2
29187,St. Francois,St. Francois County,100.0,1
29061,Daviess,Daviess County,400.0,2
29175,Randolph,Randolph County,4637.9,16
29137,Monroe,Monroe County,0.0,0
39051,Fulton,Fulton County,898.6,7
40007,Beaver,Beaver County,350.0,2
41027,Hood River,Hood River County,234.0,1
17143,Peoria,Peoria County,1824.0,6
17137,Morgan,Morgan County,730.0,5
17173,Shelby,Shelby County,945.0,6
13015,Bartow,Bartow County,3948.0,8
13297,Walton,Walton County,0.0,0
29103,Knox,Knox County,391.0,2
29221,Washington,Washington County,0.0,0
29035,Carter,Carter County,0.0,0
29017,Bollinger,Bollinger County,1200.0,5
42085,Mercer,Mercer County,358.3,17
42117,Tioga,Tioga County,105.0,2
42115,Susquehanna,Susquehanna County,15.6,2
54029,Hancock,Hancock County,10.75,1
54069,Ohio,Ohio County,0.0,0
54009,Brooke,Brooke County,0.0,0
13177,Lee,Lee County,525.0,4
13065,Clinch,Clinch County,102.0,1
30103,Treasure,Treasure County,0.0,0
30107,Wheatland,Wheatland County,3230.15,9
30021,Dawson,Dawson County,350.0,1
42057,Fulton,Fulton County,39.11,3
46053,Gregory,Gregory County,0.0,0
17203,Woodford,Woodford County,1366.6,12
17079,Jasper,Jasper County,888.8,7
55105,Rock,Rock County,1011.56,8
05063,Independence,Independence County,900.0,3
13119,Franklin,Franklin County,0.0,0
13187,Lumpkin,Lumpkin County,0.0,0
30017,Custer,Custer County,0.0,0
31137,Phelps,Phelps County,320.0,1
31081,Hamilton,Hamilton County,0.0,0
31097,Johnson,Johnson County,0.0,0
46039,Deuel,Deuel County,827.2,4
46021,Campbell,Campbell County,598.6,3
47069,Hardeman,Hardeman County,200.0,1
06029,Kern,Kern County,26932.9617786,91
55123,Vernon,Vernon County,0.0,0
13321,Worth,Worth County,0.0,0
31131,Otoe,Otoe County,250.0,1
32009,Esmeralda,Esmeralda County,3742.06,11
33011,Hillsborough,Hillsborough County,0.0,0
48489,Willacy,Willacy County,1336.9,7
48271,Kinney,Kinney County,1404.91,10
48443,Terrell,Terrell County,0.0,0
05149,Yell,Yell County,0.0,0
05111,Poinsett,Poinsett County,1340.0,6
13293,Upson,Upson County,0.0,0
13207,Monroe,Monroe County,2500.0,2
33003,Carroll,Carroll County,0.0,0
34029,Ocean,Ocean County,1497.37,11
18095,Madison,Madison County,798.8,5
18069,Huntington,Huntington County,1817.4,10
18085,Kosciusko,Kosciusko County,1173.0,4
18107,Montgomery,Montgomery County,1361.49,8
18049,Fulton,Fulton County,0.0,0
20173,Sedgwick,Sedgwick County,1123.2,7
20167,Russell,Russell County,20.0,1
20123,Mitchell,Mitchell County,160.0,1
20057,Ford,Ford County,1100.0,7
20133,Neosho,Neosho County,0.0,0
20205,Wilson,Wilson County,65.0,1
20203,Wichita,Wichita County,0.0,0
20153,Rawlins,Rawlins County,0.0,0
21221,Trigg,Trigg County,0.0,0
48177,Gonzales,Gonzales County,966.03,8
48367,Parker,Parker County,706.2,2
48325,Medina,Medina County,593.4,5
48303,Lubbock,Lubbock County,679.8,3
18059,Hancock,Hancock County,440.0,2
21201,Robertson,Robertson County,0.0,0
20197,Wabaunsee,Wabaunsee County,0.0,0
17147,Piatt,Piatt County,471.0,2
17035,Cumberland,Cumberland County,1094.5,5
21113,Jessamine,Jessamine County,0.0,0
21157,Marshall,Marshall County,0.0,0
48497,Wise,Wise County,1862.9299999999998,11
48031,Blanco,Blanco County,153.8,1
48231,Hunt,Hunt County,835.3699999999999,6
48493,Wilson,Wilson County,2096.31,11
21021,Boyle,Boyle County,100.0,1
21223,Trimble,Trimble County,0.0,0
17037,DeKalb,DeKalb County,1330.435,17
17135,Montgomery,Montgomery County,1042.2,7
17065,Hamilton,Hamilton County,989.99,5
08041,El Paso,El Paso County,1180.0,7
08089,Otero,Otero County,0.0,0
08073,Lincoln,Lincoln County,2547.9,9
12051,Hendry,Hendry County,2980.0,40
48375,Potter,Potter County,365.41999999999996,2
48279,Lamb,Lamb County,1767.88,8
48149,Fayette,Fayette County,611.88,3
48019,Bandera,Bandera County,335.58000000000004,3
48335,Mitchell,Mitchell County,1825.33,8
48009,Archer,Archer County,1060.7,6
21103,Henry,Henry County,0.0,0
21039,Carlisle,Carlisle County,0.0,0
54035,Jackson,Jackson County,0.0,0
55101,Racine,Racine County,0.0,0
12003,Baker,Baker County,149.0,2
13299,Ware,Ware County,200.0,1
13129,Gordon,Gordon County,0.0,0
48193,Hamilton,Hamilton County,0.0,0
48145,Falls,Falls County,1720.2,10
48095,Concho,Concho County,2145.7,7
48249,Jim Wells,Jim Wells County,1100.94,8
48129,Donley,Donley County,0.0,0
21149,McLean,McLean County,96.78,3
22093,St. James,St. James Parish,613.0,5
55059,Kenosha,Kenosha County,1655.0,8
55127,Walworth,Walworth County,100.0,1
13097,Douglas,Douglas County,500.0,1
45037,Edgefield,Edgefield County,0.0,0
21081,Grant,Grant County,61.0,1
21199,Pulaski,Pulaski County,0.0,0
22095,St. John the Baptist,St. John the Baptist Parish,200.0,1
23019,Penobscot,Penobscot County,39.590000152587805,2
26015,Barry,Barry County,150.0,1
55093,Pierce,Pierce County,75.0,1
55063,La Crosse,La Crosse County,92.0,1
45011,Barnwell,Barnwell County,274.2,4
45023,Chester,Chester County,207.75,5
21091,Hancock,Hancock County,600.0,3
21169,Metcalfe,Metcalfe County,479.91,6
26057,Gratiot,Gratiot County,1125.0,8
26155,Shiawassee,Shiawassee County,1200.0,6
51700,Newport News,Newport News city,0.0,0
55061,Kewaunee,Kewaunee County,0.0,0
55117,Sheboygan,Sheboygan County,728.5,5
17063,Grundy,Grundy County,922.1,7
46003,Aurora,Aurora County,0.0,0
46035,Davison,Davison County,0.0,0
46029,Codington,Codington County,240.0,2
46061,Hanson,Hanson County,0.0,0
46077,Kingsbury,Kingsbury County,98.6,1
46043,Douglas,Douglas County,0.0,0
13081,Crisp,Crisp County,0.0,0
13227,Pickens,Pickens County,0.0,0
13225,Peach,Peach County,57.0,1
51735,Poquoson,Poquoson city,0.0,0
51800,Suffolk,Suffolk city,369.0,4
51169,Scott,Scott County,0.0,0
55065,Lafayette,Lafayette County,300.0,1
55095,Polk,Polk County,200.0,2
46065,Hughes,Hughes County,0.0,0
46097,Miner,Miner County,0.0,0
13167,Johnson,Johnson County,300.0,2
13091,Dodge,Dodge County,120.2,1
51115,Mathews,Mathews County,0.0,0
51013,Arlington,Arlington County,20.0,1
55031,Douglas,Douglas County,561.5,1
55009,Brown,Brown County,200.0,1
47011,Bradley,Bradley County,0.0,0
13235,Pulaski,Pulaski County,450.0,2
13125,Glascock,Glascock County,68.5,1
51510,Alexandria,Alexandria city,0.0,0
53003,Asotin,Asotin County,0.0,0
17029,Coles,Coles County,1250.3,7
56007,Carbon,Carbon County,4265.6,23
56005,Campbell,Campbell County,590.0,3
56011,Crook,Crook County,0.0,0
47043,Dickson,Dickson County,0.0,0
47017,Carroll,Carroll County,140.0,1
13011,Banks,Banks County,0.0,0
13243,Randolph,Randolph County,100.0,1
13043,Candler,Candler County,80.0,1
17199,Williamson,Williamson County,440.0,2
17167,Sangamon,Sangamon County,3079.9,13
53051,Pend Oreille,Pend Oreille County,0.0,0
05119,Pulaski,Pulaski County,565.5,5
47113,Madison,Madison County,0.0,0
47177,Warren,Warren County,0.0,0
13003,Atkinson,Atkinson County,0.0,0
13159,Jasper,Jasper County,500.0,2
18179,Wells,Wells County,350.0,1
18055,Greene,Greene County,1505.0,8
18131,Pulaski,Pulaski County,3181.9,18
18139,Rush,Rush County,578.0,5
18011,Boone,Boone County,500.0,2
05137,Stone,Stone County,0.0,0
05125,Saline,Saline County,890.0,3
47101,Lewis,Lewis County,0.0,0
47153,Sequatchie,Sequatchie County,0.0,0
16001,Ada,Ada County,1895.0,11
16045,Gem,Gem County,0.0,0
18133,Putnam,Putnam County,830.0,8
19169,Story,Story County,550.0,3
19003,Adams,Adams County,0.0,0
19013,Black Hawk,Black Hawk County,0.0,0
19055,Delaware,Delaware County,0.0,0
05115,Pope,Pope County,400.0,2
05053,Grant,Grant County,1000.0,6
47095,Lake,Lake County,177.0,3
47061,Grundy,Grundy County,0.0,0
16053,Jerome,Jerome County,260.0,4
16051,Jefferson,Jefferson County,300.0,2
19077,Guthrie,Guthrie County,0.0,0
19075,Grundy,Grundy County,0.0,0
19147,Palo Alto,Palo Alto County,650.0,3
19083,Hardin,Hardin County,200.0,1
19035,Cherokee,Cherokee County,300.3,2
19151,Pocahontas,Pocahontas County,631.3,3
05023,Cleburne,Cleburne County,0.0,0
05059,Hot Spring,Hot Spring County,1155.0,4
05097,Montgomery,Montgomery County,0.0,0
47169,Trousdale,Trousdale County,2400.0,2
48291,Liberty,Liberty County,1853.2,9
16047,Gooding,Gooding County,0.0,0
18063,Hendricks,Hendricks County,232.76999999999998,3
18017,Cass,Cass County,350.0,2
19009,Audubon,Audubon County,0.0,0
19011,Benton,Benton County,0.0,0
19175,Union,Union County,100.0,2
19067,Floyd,Floyd County,0.0,0
19039,Clarke,Clarke County,0.0,0
19093,Ida,Ida County,0.0,0
06031,Kings,Kings County,6293.488348,21
06103,Tehama,Tehama County,1008.1999999999999,7
08087,Morgan,Morgan County,1649.9,7
08119,Teller,Teller County,0.0,0
48121,Denton,Denton County,0.0,0
48217,Hill,Hill County,3864.05,22
18005,Bartholomew,Bartholomew County,400.0,3
18057,Hamilton,Hamilton County,400.0,2
18143,Scott,Scott County,30.0,1
19029,Cass,Cass County,0.0,0
19121,Madison,Madison County,0.0,0
19197,Wright,Wright County,0.0,0
19037,Chickasaw,Chickasaw County,0.0,0
20085,Jackson,Jackson County,300.0,1
20045,Douglas,Douglas County,159.0,1
20077,Harper,Harper County,326.0,3
20017,Chase,Chase County,0.0,0
20041,Dickinson,Dickinson County,334.1,2
39143,Sandusky,Sandusky County,0.0,0
40067,Jefferson,Jefferson County,0.0,0
40009,Beckham,Beckham County,619.0,3
40001,Adair,Adair County,0.0,0
47139,Polk,Polk County,0.0,0
48181,Grayson,Grayson County,709.39,4
18019,Clark,Clark County,770.0,5
18153,Sullivan,Sullivan County,6346.8,21
20043,Doniphan,Doniphan County,0.0,0
20157,Republic,Republic County,0.0,0
40025,Cimarron,Cimarron County,0.0,0
20119,Meade,Meade County,0.0,0
20099,Labette,Labette County,1100.0,4
21083,Graves,Graves County,320.0,3
21105,Hickman,Hickman County,0.0,0
23005,Cumberland,Cumberland County,217.97900056838986,7
48197,Hardeman,Hardeman County,2193.76,8
18171,Warren,Warren County,394.0,2
18141,St. Joseph,St. Joseph County,1419.5,13
18003,Allen,Allen County,839.2,12
20005,Atchison,Atchison County,0.0,0
34017,Hudson,Hudson County,1350.0,4
01079,Lawrence,Lawrence County,609.0,4
21041,Carroll,Carroll County,0.0,0
23013,Knox,Knox County,268.0,3
21037,Campbell,Campbell County,0.0,0
21023,Bracken,Bracken County,0.0,0
27135,Roseau,Roseau County,600.0,2
27063,Jackson,Jackson County,350.0,2
34039,Union,Union County,0.0,0
13109,Evans,Evans County,0.0,0
40053,Grant,Grant County,0.0,0
40071,Kay,Kay County,1175.8,6
40115,Ottawa,Ottawa County,0.0,0
01037,Coosa,Coosa County,100.0,1
21015,Boone,Boone County,1020.0,4
28045,Hancock,Hancock County,0.0,0
28147,Walthall,Walthall County,448.0,2
13255,Spalding,Spalding County,0.0,0
13247,Rockdale,Rockdale County,200.0,1
40085,Love,Love County,0.0,0
41057,Tillamook,Tillamook County,0.0,0
01127,Walker,Walker County,310.0,3
22023,Cameron,Cameron Parish,0.0,0
28095,Monroe,Monroe County,435.0,4
29149,Oregon,Oregon County,0.0,0
35023,Hidalgo,Hidalgo County,0.0,0
35031,McKinley,McKinley County,1457.24,9
35015,Eddy,Eddy County,350.0,2
40045,Ellis,Ellis County,392.3,3
41037,Lake,Lake County,6068.5,26
22019,Calcasieu,Calcasieu Parish,3345.0,11
27169,Winona,Winona County,0.0,0
29133,Mississippi,Mississippi County,32.0,1
29173,Ralls,Ralls County,400.0,2
36085,Richmond,Richmond County,913.9,4
36087,Rockland,Rockland County,500.0,1
41059,Umatilla,Umatilla County,3956.07,27
41063,Wallowa,Wallowa County,90.0,1
27055,Houston,Houston County,50.0,1
27115,Pine,Pine County,475.0,2
29510,St. Louis,St. Louis city,0.0,0
29005,Atchison,Atchison County,0.0,0
36003,Allegany,Allegany County,465.5,6
36101,Steuben,Steuben County,1779.74,14
41029,Jackson,Jackson County,253.0,2
42039,Crawford,Crawford County,417.86,18
42083,McKean,McKean County,2202.98,15
48147,Fannin,Fannin County,704.63,3
48501,Yoakum,Yoakum County,1991.0,6
48359,Oldham,Oldham County,352.38,1
29147,Nodaway,Nodaway County,1369.2,4
29097,Jasper,Jasper County,414.0,4
30075,Powder River,Powder River County,0.0,0
36083,Rensselaer,Rensselaer County,1195.6,8
36033,Franklin,Franklin County,1050.0,7
42007,Beaver,Beaver County,250.0,4
45045,Greenville,Greenville County,44.0,1
46083,Lincoln,Lincoln County,120.0,1
49009,Daggett,Daggett County,0.0,0
49027,Millard,Millard County,8121.9,34
50003,Bennington,Bennington County,20.0,1
30101,Toole,Toole County,0.0,0
31029,Chase,Chase County,255.0,1
31129,Nuckolls,Nuckolls County,0.0,0
31145,Red Willow,Red Willow County,0.0,0
13117,Forsyth,Forsyth County,0.0,0
13155,Irwin,Irwin County,550.0,3
46007,Bennett,Bennett County,0.0,0
46135,Yankton,Yankton County,0.0,0
46101,Moody,Moody County,0.0,0
46011,Brookings,Brookings County,350.0,2
50021,Rutland,Rutland County,20.0,1
50011,Franklin,Franklin County,19.2999992370605,1
31127,Nemaha,Nemaha County,824.0,4
31147,Richardson,Richardson County,80.0,1
31095,Jefferson,Jefferson County,250.0,2
24047,Worcester,Worcester County,188.3,5
01063,Greene,Greene County,263.6,1
24510,Baltimore,Baltimore city,0.0,0
25001,Barnstable,Barnstable County,677.6469871997824,15
26139,Ottawa,Ottawa County,1799.0,8
46031,Corson,Corson County,0.0,0
51520,Bristol,Bristol city,0.0,0
51025,Brunswick,Brunswick County,1926.15,15
32005,Douglas,Douglas County,0.0,0
32013,Humboldt,Humboldt County,1356.6,6
33019,Sullivan,Sullivan County,4.98999977111816,1
26153,Schoolcraft,Schoolcraft County,0.0,0
26061,Houghton,Houghton County,200.0,1
46019,Butte,Butte County,103.0,1
46013,Brown,Brown County,624.0,4
16017,Bonner,Bonner County,0.0,0
16071,Oneida,Oneida County,0.0,0
18025,Crawford,Crawford County,38.0,1
19053,Decatur,Decatur County,0.0,0
19185,Wayne,Wayne County,0.0,0
26059,Hillsdale,Hillsdale County,546.1,5
26017,Bay,Bay County,964.0,6
47181,Wayne,Wayne County,20.0,1
47047,Fayette,Fayette County,147.0,1
16009,Benewah,Benewah County,500.0,2
17163,St. Clair,St. Clair County,1764.0,9
19133,Monona,Monona County,0.0,0
19155,Pottawattamie,Pottawattamie County,735.0,3
26151,Sanilac,Sanilac County,1915.08,9
26011,Arenac,Arenac County,509.0,3
47099,Lawrence,Lawrence County,264.0,2
47115,Marion,Marion County,76.0,4
17149,Pike,Pike County,150.0,2
17101,Lawrence,Lawrence County,300.0,2
19139,Muscatine,Muscatine County,579.4,5
19089,Howard,Howard County,550.0,4
19191,Winneshiek,Winneshiek County,0.0,0
27047,Freeborn,Freeborn County,617.0,4
27045,Fillmore,Fillmore County,174.98,2
27157,Wabasha,Wabasha County,745.0,4
47125,Montgomery,Montgomery County,0.0,0
47131,Obion,Obion County,150.0,1
17075,Iroquois,Iroquois County,1577.77,8
17131,Mercer,Mercer County,493.24,3
17201,Winnebago,Winnebago County,853.0,6
19043,Clayton,Clayton County,200.0,1
19007,Appanoose,Appanoose County,0.0,0
19059,Dickinson,Dickinson County,150.0,1
38011,Bowman,Bowman County,200.1,1
38029,Emmons,Emmons County,85.0,2
38009,Bottineau,Bottineau County,0.0,0
47137,Pickett,Pickett County,0.0,0
47171,Unicoi,Unicoi County,0.0,0
17151,Pope,Pope County,0.0,0
17071,Henderson,Henderson County,0.0,0
17083,Jersey,Jersey County,50.0,1
20039,Decatur,Decatur County,670.0,3
20201,Washington,Washington County,218.0,1
20013,Brown,Brown County,0.0,0
38013,Burke,Burke County,170.0,1
38019,Cavalier,Cavalier County,0.0,0
39053,Gallia,Gallia County,29.0,2
17089,Kane,Kane County,210.0,2
17091,Kankakee,Kankakee County,1439.9,13
51079,Greene,Greene County,0.0,0
51760,Richmond,Richmond city,0.0,0
51680,Lynchburg,Lynchburg city,20.0,1
51011,Appomattox,Appomattox County,0.0,0
46109,Roberts,Roberts County,200.0,1
46102,Oglala Lakota,Oglala Lakota County,0.0,0
48079,Cochran,Cochran County,120.0,1
17021,Christian,Christian County,2358.1,13
54091,Taylor,Taylor County,0.0,0
51183,Sussex,Sussex County,2635.65,15
51620,Franklin,Franklin city,0.0,0
13147,Hart,Hart County,0.0,0
51820,Waynesboro,Waynesboro city,0.0,0
48077,Clay,Clay County,2390.06,5
48357,Ochiltree,Ochiltree County,485.1,2
50019,Orleans,Orleans County,0.0,0
55025,Dane,Dane County,1050.0,7
55027,Dodge,Dodge County,100.0,1
55047,Green Lake,Green Lake County,0.0,0
13115,Floyd,Floyd County,397.5,4
16057,Latah,Latah County,0.0,0
50007,Chittenden,Chittenden County,16.0,1
51650,Hampton,Hampton city,129.12,2
55113,Sawyer,Sawyer County,243.6,1
55097,Portage,Portage County,2420.19,9
55033,Dunn,Dunn County,600.0,2
55139,Winnebago,Winnebago County,350.0,3
16055,Kootenai,Kootenai County,26.0,1
17195,Whiteside,Whiteside County,1400.1,7
17177,Stephenson,Stephenson County,802.3,9
51089,Henry,Henry County,161.6,3
17133,Monroe,Monroe County,200.0,1
55115,Shawano,Shawano County,195.0,2
55055,Jefferson,Jefferson County,224.0,2
55053,Jackson,Jackson County,46.2,1
18091,LaPorte,LaPorte County,1793.0,14
18135,Randolph,Randolph County,1524.3,18
18111,Newton,Newton County,1163.0,8
19189,Winnebago,Winnebago County,718.8,3
51077,Grayson,Grayson County,63.3,1
51683,Manassas,Manassas city,0.0,0
51530,Buena Vista,Buena Vista city,0.0,0
55131,Washington,Washington County,0.0,0
55073,Marathon,Marathon County,398.9,4
55005,Barron,Barron County,510.0,4
56031,Platte,Platte County,450.0,3
48431,Sterling,Sterling County,281.0,3
19005,Allamakee,Allamakee County,596.0,3
20129,Morton,Morton County,0.0,0
20191,Sumner,Sumner County,1583.8200000000002,6
54097,Upshur,Upshur County,0.0,0
54089,Summers,Summers County,0.0,0
01061,Geneva,Geneva County,0.0,0
01057,Fayette,Fayette County,0.0,0
05113,Polk,Polk County,0.0,0
20037,Crawford,Crawford County,538.0,2
51075,Goochland,Goochland County,20.0,1
51049,Cumberland,Cumberland County,886.396,12
51750,Radford,Radford city,0.0,0
39135,Preble,Preble County,126.94,6
39081,Jefferson,Jefferson County,127.8,2
05033,Crawford,Crawford County,300.0,1
05077,Lee,Lee County,1705.0,8
51021,Bland,Bland County,0.0,0
51720,Norton,Norton city,0.0,0
32029,Storey,Storey County,200.0,1
12109,St. Johns,St. Johns County,0.0,0
39013,Belmont,Belmont County,150.0,1
39007,Ashtabula,Ashtabula County,20.0,2
08081,Moffat,Moffat County,398.0,2
08095,Phillips,Phillips County,0.0,0
08103,Rio Blanco,Rio Blanco County,0.0,0
09160,Northwest Hills,Northwest Hills Planning Region,0.0,0
53001,Adams,Adams County,514.5,11
55049,Iowa,Iowa County,599.0,4
13285,Troup,Troup County,80.0,1
13053,Chattahoochee,Chattahoochee County,0.0,0
40139,Texas,Texas County,2002.6,10
40003,Alfalfa,Alfalfa County,176.0,1
40105,Nowata,Nowata County,965.0,5
41011,Coos,Coos County,0.0,0
12085,Martin,Martin County,1103.0,15
12111,St. Lucie,St. Lucie County,1862.5,25
13145,Harris,Harris County,0.0,0
55119,Taylor,Taylor County,0.0,0
55078,Menominee,Menominee County,0.0,0
55137,Waushara,Waushara County,230.0,3
55129,Washburn,Washburn County,0.0,0
17127,Massac,Massac County,200.0,1
05031,Craighead,Craighead County,2960.0,12
41025,Harney,Harney County,3505.0,10
42073,Lawrence,Lawrence County,91.72,9
42015,Bradford,Bradford County,265.07,12
13295,Walker,Walker County,0.0,0
13101,Echols,Echols County,0.0,0
05005,Baxter,Baxter County,0.0,0
06035,Lassen,Lassen County,261.5,2
45033,Dillon,Dillon County,123.9,3
46027,Clay,Clay County,0.0,0
46091,Marshall,Marshall County,0.0,0
17179,Tazewell,Tazewell County,2568.71,15
54061,Monongalia,Monongalia County,68.89,2
08007,Archuleta,Archuleta County,0.0,0
37157,Rockingham,Rockingham County,419.0,8
38033,Golden Valley,Golden Valley County,0.0,0
38001,Adams,Adams County,0.0,0
38095,Towner,Towner County,0.0,0
46121,Todd,Todd County,0.0,0
47161,Stewart,Stewart County,2400.0,2
48165,Gaines,Gaines County,1003.0,1
48421,Sherman,Sherman County,280.0,1
17099,LaSalle,LaSalle County,1251.62,13
17113,McLean,McLean County,4729.46,28
54051,Marshall,Marshall County,0.0,0
38081,Sargent,Sargent County,440.0,3
39155,Trumbull,Trumbull County,1059.0,3
40065,Jackson,Jackson County,233.0,2
50013,Grand Isle,Grand Isle County,0.0,0
51590,Danville,Danville city,0.0,0
17057,Fulton,Fulton County,2458.21,12
17109,McDonough,McDonough County,820.6,6
55071,Manitowoc,Manitowoc County,20.0,1
40129,Roger Mills,Roger Mills County,300.0,1
40041,Delaware,Delaware County,250.0,1
51810,Virginia Beach,Virginia Beach city,1100.1,3
51071,Giles,Giles County,200.0,2
17107,Logan,Logan County,1769.93,16
56037,Sweetwater,Sweetwater County,2149.9,7
05101,Newton,Newton County,0.0,0
05037,Cross,Cross County,2092.7,11
44003,Kent,Kent County,127.4459986686704,10
46099,Minnehaha,Minnehaha County,0.0,0
53063,Spokane,Spokane County,822.5,9
08097,Pitkin,Pitkin County,0.0,0
08014,Broomfield,Broomfield County,0.0,0
12027,DeSoto,DeSoto County,1341.8,18
51065,Fluvanna,Fluvanna County,157.0,2
51840,Winchester,Winchester city,0.0,0
51775,Salem,Salem city,0.0,0
51730,Petersburg,Petersburg city,0.0,0
48169,Garza,Garza County,0.0,0
48275,Knox,Knox County,1813.42,7
48353,Nolan,Nolan County,2194.5,13
48417,Shackelford,Shackelford County,63.14,1
48507,Zavala,Zavala County,742.49,7
29105,Laclede,Laclede County,0.0,0
29117,Livingston,Livingston County,0.0,0
31111,Lincoln,Lincoln County,0.0,0
31117,McPherson,McPherson County,0.0,0
31071,Garfield,Garfield County,0.0,0
31085,Hayes,Hayes County,0.0,0
31077,Greeley,Greeley County,185.0,2
37067,Forsyth,Forsyth County,0.0,0
37107,Lenoir,Lenoir County,0.0,0
48247,Jim Hogg,Jim Hogg County,351.0,1
38003,Barnes,Barnes County,500.0,1
38057,Mercer,Mercer County,1641.0,6
29051,Cole,Cole County,0.0,0
31107,Knox,Knox County,0.0,0
31007,Banner,Banner County,130.0,1
39165,Warren,Warren County,0.0,0
39157,Tuscarawas,Tuscarawas County,0.0,0
37077,Granville,Granville County,135.0,2
37097,Iredell,Iredell County,0.0,0
38073,Ransom,Ransom County,0.0,0
38093,Stutsman,Stutsman County,897.0,4
31177,Washington,Washington County,100.0,1
31031,Cherry,Cherry County,52.85,1
31043,Dakota,Dakota County,250.0,1
31157,Scotts Bluff,Scotts Bluff County,400.0,1
32017,Lincoln,Lincoln County,0.0,0
39109,Miami,Miami County,97.52000000000001,2
39103,Medina,Medina County,0.0,0
39169,Wayne,Wayne County,227.1,4
40059,Harper,Harper County,0.0,0
41067,Washington,Washington County,2865.0,11
48173,Glasscock,Glasscock County,2944.45,17
48413,Schleicher,Schleicher County,2787.29,13
26143,Roscommon,Roscommon County,215.0,3
26113,Missaukee,Missaukee County,0.0,0
26111,Midland,Midland County,976.0,6
34037,Sussex,Sussex County,33.64,4
37045,Cleveland,Cleveland County,2.8,1
37145,Person,Person County,1937.0,4
39089,Licking,Licking County,985.44,10
39067,Harrison,Harrison County,454.6,4
39003,Allen,Allen County,0.0,0
39129,Pickaway,Pickaway County,606.434,6
42077,Lehigh,Lehigh County,0.0,0
42013,Blair,Blair County,26.8,2
26125,Oakland,Oakland County,450.0,2
26133,Osceola,Osceola County,250.0,2
26067,Ionia,Ionia County,1248.0,7
38079,Rolette,Rolette County,0.0,0
38023,Divide,Divide County,0.0,0
39015,Brown,Brown County,0.0,0
39041,Delaware,Delaware County,0.0,0
39057,Greene,Greene County,52.0,2
39027,Clinton,Clinton County,432.79999999999995,4
42069,Lackawanna,Lackawanna County,100.0,1
42093,Montour,Montour County,288.364,9
20181,Sherman,Sherman County,0.0,0
26025,Calhoun,Calhoun County,2171.95,11
26077,Kalamazoo,Kalamazoo County,885.0,4
27007,Beltrami,Beltrami County,0.0,0
27151,Swift,Swift County,90.0,1
38015,Burleigh,Burleigh County,0.0,0
38051,McIntosh,McIntosh County,250.0,1
39117,Morrow,Morrow County,583.7,9
40109,Oklahoma,Oklahoma County,2701.842,11
20103,Leavenworth,Leavenworth County,0.0,0
01103,Morgan,Morgan County,0.0,0
27051,Grant,Grant County,0.0,0
27059,Isanti,Isanti County,160.0,2
27111,Otter Tail,Otter Tail County,260.0,2
27093,Meeker,Meeker County,0.0,0
39049,Franklin,Franklin County,400.0,5
39137,Putnam,Putnam County,370.956,5
39131,Pike,Pike County,0.0,0
40121,Pittsburg,Pittsburg County,520.8240000000001,3
40021,Cherokee,Cherokee County,0.0,0
20147,Phillips,Phillips County,0.0,0
20117,Marshall,Marshall County,0.0,0
27153,Todd,Todd County,0.0,0
27109,Olmsted,Olmsted County,1379.9,9
29229,Wright,Wright County,0.0,0
29049,Clinton,Clinton County,535.0,2
29179,Reynolds,Reynolds County,0.0,0
40123,Pontotoc,Pontotoc County,150.9,1
40015,Caddo,Caddo County,1597.488,8
21111,Jefferson,Jefferson County,2362.0,5
21117,Kenton,Kenton County,0.0,0
27079,Le Sueur,Le Sueur County,0.0,0
27143,Sibley,Sibley County,0.0,0
29177,Ray,Ray County,0.0,0
29139,Montgomery,Montgomery County,698.0,5
29101,Johnson,Johnson County,200.0,1
40037,Creek,Creek County,736.9,3
40005,Atoka,Atoka County,100.0,1
40019,Carter,Carter County,874.0,3
40111,Okmulgee,Okmulgee County,0.0,0
01007,Bibb,Bibb County,0.0,0
01133,Winston,Winston County,0.0,0
01091,Marengo,Marengo County,495.0,5
24013,Carroll,Carroll County,0.0,0
25027,Worcester,Worcester County,2302.7834033966024,45
26159,Van Buren,Van Buren County,2533.7,19
28081,Lee,Lee County,200.0,1
28091,Marion,Marion County,100.0,1
28067,Jones,Jones County,200.0,1
28107,Panola,Panola County,720.0,6
29057,Dade,Dade County,432.0,2
29007,Audrain,Audrain County,255.0,3
29205,Shelby,Shelby County,0.0,0
29123,Madison,Madison County,75.0,1
29223,Wayne,Wayne County,0.0,0
40103,Noble,Noble County,425.9,3
40093,Major,Major County,0.0,0
40099,Murray,Murray County,0.0,0
26023,Branch,Branch County,1150.0,8
26019,Benzie,Benzie County,0.0,0
26069,Iosco,Iosco County,50.0,1
28085,Lincoln,Lincoln County,720.0,5
28073,Lamar,Lamar County,825.0,4
28133,Sunflower,Sunflower County,2379.0,16
29203,Shannon,Shannon County,0.0,0
30111,Yellowstone,Yellowstone County,1175.0,6
40033,Cotton,Cotton County,460.0,2
40061,Haskell,Haskell County,250.0,1
27099,Mower,Mower County,1530.0,7
27011,Big Stone,Big Stone County,250.0,1
28125,Sharkey,Sharkey County,336.0,2
28127,Simpson,Simpson County,460.0,4
30065,Musselshell,Musselshell County,70.0,1
30109,Wibaux,Wibaux County,335.0,3
32021,Mineral,Mineral County,700.0,1
35001,Bernalillo,Bernalillo County,2952.5,17
35011,De Baca,De Baca County,300.0,1
28047,Harrison,Harrison County,0.0,0
28005,Amite,Amite County,1250.0,5
28153,Wayne,Wayne County,0.0,0
28019,Choctaw,Choctaw County,1567.0,4
28037,Franklin,Franklin County,80.0,1
31023,Butler,Butler County,174.5,1
31089,Holt,Holt County,250.0,2
35047,San Miguel,San Miguel County,0.0,0
36049,Lewis,Lewis County,1729.0,9
36097,Schuyler,Schuyler County,175.0,4
29181,Ripley,Ripley County,0.0,0
29186,Ste. Genevieve,Ste. Genevieve County,0.0,0
29021,Buchanan,Buchanan County,0.0,0
29107,Lafayette,Lafayette County,200.0,1
29053,Cooper,Cooper County,200.0,2
31011,Boone,Boone County,0.0,0
31143,Polk,Polk County,0.0,0
31093,Howard,Howard County,0.0,0
31163,Sherman,Sherman County,0.0,0
31175,Valley,Valley County,0.0,0
36095,Schoharie,Schoharie County,220.0,2
36035,Fulton,Fulton County,200.0,2
30041,Hill,Hill County,0.0,0
01105,Perry,Perry County,725.8,5
31065,Furnas,Furnas County,0.0,0
29167,Polk,Polk County,200.0,1
29151,Osage,Osage County,100.0,1
29161,Phelps,Phelps County,0.0,0
31139,Pierce,Pierce County,423.0,2
31045,Dawes,Dawes County,250.0,1
31101,Keith,Keith County,0.0,0
31149,Rock,Rock County,0.0,0
36041,Hamilton,Hamilton County,0.0,0
37081,Guilford,Guilford County,0.0,0
48329,Midland,Midland County,1133.05,6
48093,Comanche,Comanche County,2883.16,11
48305,Lynn,Lynn County,282.0,1
48385,Real,Real County,0.0,0
29055,Crawford,Crawford County,0.0,0
29083,Henry,Henry County,1205.0,5
29225,Webster,Webster County,0.0,0
31063,Frontier,Frontier County,0.0,0
31039,Cuming,Cuming County,0.0,0
31047,Dawson,Dawson County,0.0,0
31059,Fillmore,Fillmore County,0.0,0
37035,Catawba,Catawba County,136.0,1
37151,Randolph,Randolph County,88.3,3
37001,Alamance,Alamance County,115.0,3
48297,Live Oak,Live Oak County,285.96000000000004,4
48307,McCulloch,McCulloch County,200.83,1
48151,Fisher,Fisher County,1565.1999999999998,8
48045,Briscoe,Briscoe County,1973.04,4
25003,Berkshire,Berkshire County,905.9780001640308,9
01013,Butler,Butler County,0.0,0
26121,Muskegon,Muskegon County,800.0,5
13059,Clarke,Clarke County,0.0,0
13199,Meriwether,Meriwether County,125.0,1
16067,Minidoka,Minidoka County,0.0,0
18119,Owen,Owen County,0.0,0
18037,Dubois,Dubois County,660.0,8
29059,Dallas,Dallas County,0.0,0
31123,Morrill,Morrill County,0.0,0
39083,Knox,Knox County,315.0,4
39031,Coshocton,Coshocton County,200.0,1
26157,Tuscola,Tuscola County,1182.6,9
26031,Cheboygan,Cheboygan County,401.8,4
13249,Schley,Schley County,0.0,0
31027,Cedar,Cedar County,0.0,0
32023,Nye,Nye County,10045.6955,25
35059,Union,Union County,0.0,0
18021,Clay,Clay County,310.0,2
54049,Marion,Marion County,45.5,2
40073,Kingfisher,Kingfisher County,904.1,3
42019,Butler,Butler County,48.3,3
42131,Wyoming,Wyoming County,9.8,1
45001,Abbeville,Abbeville County,0.0,0
28093,Marshall,Marshall County,50.0,1
39105,Meigs,Meigs County,145.1,4
39093,Lorain,Lorain County,593.5,6
55021,Columbia,Columbia County,1771.2,9
46047,Fall River,Fall River County,0.0,0
47023,Chester,Chester County,0.0,0
28011,Bolivar,Bolivar County,1105.0,8
28057,Itawamba,Itawamba County,0.0,0
41009,Columbia,Columbia County,900.0,4
50017,Orange,Orange County,0.0,0
12086,Miami-Dade,Miami-Dade County,2848.0,6
48505,Zapata,Zapata County,3985.65,18
48383,Reagan,Reagan County,307.85,2
49031,Piute,Piute County,0.0,0
21233,Webster,Webster County,1121.0,4
21211,Shelby,Shelby County,0.0,0
17005,Bond,Bond County,150.0,1
17019,Champaign,Champaign County,1841.3,11
55079,Milwaukee,Milwaukee County,1438.0,2
56021,Laramie,Laramie County,2935.0,12
12059,Holmes,Holmes County,0.0,0
05027,Columbia,Columbia County,975.0,5
19123,Mahaska,Mahaska County,200.0,1
19187,Webster,Webster County,895.0,4
19099,Jasper,Jasper County,0.0,0
19135,Monroe,Monroe County,0.0,0
19017,Bremer,Bremer County,0.0,0
19157,Poweshiek,Poweshiek County,0.0,0
21087,Green,Green County,370.0,4
22003,Allen,Allen Parish,0.0,0
08039,Elbert,Elbert County,597.0,2
08003,Alamosa,Alamosa County,210.0,2
13233,Polk,Polk County,150.0,1
37185,Warren,Warren County,80.0,1
42001,Adams,Adams County,373.3,15
20095,Kingman,Kingman County,0.0,0
20127,Morris,Morris County,0.0,0
20177,Shawnee,Shawnee County,0.0,0
20159,Rice,Rice County,15.56,1
22061,Lincoln,Lincoln Parish,230.0,2
23001,Androscoggin,Androscoggin County,243.58899641036925,5
13231,Pike,Pike County,0.0,0
13273,Terrell,Terrell County,300.0,2
46105,Perkins,Perkins County,0.0,0
48117,Deaf Smith,Deaf Smith County,5241.67,10
16021,Boundary,Boundary County,0.0,0
17045,Edgar,Edgar County,316.23,2
29217,Vernon,Vernon County,600.0,3
31015,Boyd,Boyd County,0.0,0
26081,Kent,Kent County,450.0,3
17011,Bureau,Bureau County,448.8,6
17121,Marion,Marion County,949.0,6
18109,Morgan,Morgan County,578.8199999999999,2
19127,Marshall,Marshall County,237.0,3
19177,Van Buren,Van Buren County,0.0,0
20081,Haskell,Haskell County,0.0,0
17023,Clark,Clark County,1308.6,9
18001,Adams,Adams County,167.4,2
19109,Kossuth,Kossuth County,0.0,0
20137,Norton,Norton County,0.0,0
22051,Jefferson,Jefferson Parish,200.0,1
32007,Elko,Elko County,0.0,0
36015,Chemung,Chemung County,142.0,2
17041,Douglas,Douglas County,0.0,0
54077,Preston,Preston County,358.55,7
17061,Greene,Greene County,300.0,3
21137,Lincoln,Lincoln County,150.0,1
21143,Lyon,Lyon County,122.0,2
26087,Lapeer,Lapeer County,600.0,3
23029,Washington,Washington County,126.0,1
29145,Newton,Newton County,400.0,2
29111,Lewis,Lewis County,0.0,0
13013,Barrow,Barrow County,0.0,0
37041,Chowan,Chowan County,56.4,1
39017,Butler,Butler County,148.8,3
56023,Lincoln,Lincoln County,1396.0,5
56015,Goshen,Goshen County,0.0,0
05141,Van Buren,Van Buren County,150.0,1
26079,Kalkaska,Kalkaska County,13.4,1
27149,Stevens,Stevens County,760.0,3
28097,Montgomery,Montgomery County,130.0,1
29089,Howard,Howard County,0.0,0
51035,Carroll,Carroll County,190.0,2
17115,Macon,Macon County,1898.6,10
17139,Moultrie,Moultrie County,309.0,2
42009,Bedford,Bedford County,86.34,6
47103,Lincoln,Lincoln County,0.0,0
26131,Ontonagon,Ontonagon County,0.0,0
29155,Pemiscot,Pemiscot County,160.0,1
29093,Iron,Iron County,180.0,2
31001,Adams,Adams County,0.0,0
35037,Quay,Quay County,0.0,0
37135,Orange,Orange County,0.0,0
17159,Richland,Richland County,0.0,0
17053,Ford,Ford County,1885.0,5
05051,Garland,Garland County,0.0,0
48485,Wichita,Wichita County,2532.5099999999998,12
19159,Ringgold,Ringgold County,0.0,0
29213,Taney,Taney County,0.0,0
29163,Pike,Pike County,150.0,1
29153,Ozark,Ozark County,0.0,0
29081,Harrison,Harrison County,0.0,0
37037,Chatham,Chatham County,0.0,0
40035,Craig,Craig County,448.0,2
05043,Drew,Drew County,672.0,3
08047,Gilpin,Gilpin County,0.0,0
19085,Harrison,Harrison County,0.0,0
19097,Jackson,Jackson County,0.0,0
20189,Stevens,Stevens County,1150.0,4
33005,Cheshire,Cheshire County,0.0,0
35025,Lea,Lea County,4063.99,19
41069,Wheeler,Wheeler County,0.0,0
42025,Carbon,Carbon County,212.1,4
13085,Dawson,Dawson County,0.0,0
13161,Jeff Davis,Jeff Davis County,230.0,1
21219,Todd,Todd County,1600.0,1
01015,Calhoun,Calhoun County,0.0,0
36005,Bronx,Bronx County,760.0,5
46079,Lake,Lake County,0.0,0
47087,Jackson,Jackson County,0.0,0
48255,Karnes,Karnes County,1630.72,10
18045,Fountain,Fountain County,2533.0,14
19171,Tama,Tama County,518.4,4
20009,Barton,Barton County,200.0,2
20109,Logan,Logan County,0.0,0
20101,Lane,Lane County,0.0,0
21047,Christian,Christian County,0.0,0
21019,Boyd,Boyd County,0.0,0
36107,Tioga,Tioga County,270.0,3
48049,Brown,Brown County,2454.51,12
48483,Wheeler,Wheeler County,150.0,1
49039,Sanpete,Sanpete County,300.0,1
51570,Colonial Heights,Colonial Heights city,0.0,0
21141,Logan,Logan County,173.0,1
26145,Saginaw,Saginaw County,2545.0,14
27117,Pipestone,Pipestone County,325.0,2
29215,Texas,Texas County,0.0,0
01123,Tallapoosa,Tallapoosa County,0.0,0
25019,Nantucket,Nantucket County,0.0,0
36019,Clinton,Clinton County,1074.0,8
13165,Jenkins,Jenkins County,0.0,0
13259,Stewart,Stewart County,0.0,0
16065,Madison,Madison County,0.0,0
13093,Dooly,Dooly County,0.0,0
13175,Laurens,Laurens County,1015.0,5
29115,Linn,Linn County,0.0,0
29043,Christian,Christian County,74.99,1
29141,Morgan,Morgan County,0.0,0
29075,Gentry,Gentry County,18.0,1
40119,Payne,Payne County,636.9,3
40081,Lincoln,Lincoln County,433.5,4
47015,Cannon,Cannon County,0.0,0
47071,Hardin,Hardin County,0.0,0
13069,Coffee,Coffee County,400.0,2
30037,Golden Valley,Golden Valley County,0.0,0
56009,Converse,Converse County,1490.0,8
04003,Cochise,Cochise County,800.0,3
05049,Fulton,Fulton County,0.0,0
40051,Grady,Grady County,1197.0,6
48299,Llano,Llano County,0.0,0
48209,Hays,Hays County,111.38,3
31053,Dodge,Dodge County,150.0,1
31173,Thurston,Thurston County,0.0,0
13211,Morgan,Morgan County,0.0,0
17141,Ogle,Ogle County,1294.5,12
12035,Flagler,Flagler County,0.0,0
13087,Decatur,Decatur County,1335.03,7
17015,Carroll,Carroll County,0.0,0
48191,Hall,Hall County,250.0,1
48235,Irion,Irion County,0.0,0
48033,Borden,Borden County,2081.95,6
49041,Sevier,Sevier County,600.0,3
49021,Iron,Iron County,2761.8,18
50023,Washington,Washington County,0.0,0
12133,Washington,Washington County,0.0,0
31017,Brown,Brown County,21.9,1
31105,Kimball,Kimball County,0.0,0
33013,Merrimack,Merrimack County,302.25,2
17025,Clay,Clay County,1450.0,8
17087,Johnson,Johnson County,600.0,4
17155,Putnam,Putnam County,522.1,6
19145,Page,Page County,50.0,1
19061,Dubuque,Dubuque County,360.0,3
20035,Cowley,Cowley County,358.0,3
13223,Paulding,Paulding County,200.0,1
13023,Bleckley,Bleckley County,0.0,0
46045,Edmunds,Edmunds County,0.0,0
46067,Hutchinson,Hutchinson County,0.0,0
46059,Hand,Hand County,175.0,1
35006,Cibola,Cibola County,260.0,2
35057,Torrance,Torrance County,631.9,4
35028,Los Alamos,Los Alamos County,0.0,0
18079,Jennings,Jennings County,144.0,3
18041,Fayette,Fayette County,0.0,0
18137,Ripley,Ripley County,334.0,2
18121,Parke,Parke County,250.0,2
21075,Fulton,Fulton County,0.0,0
27105,Nobles,Nobles County,200.0,1
28113,Pike,Pike County,150.0,1
46081,Lawrence,Lawrence County,0.0,0
46015,Brule,Brule County,0.0,0
46107,Potter,Potter County,0.0,0
36109,Tompkins,Tompkins County,784.9,7
36023,Cortland,Cortland County,90.0,1
36099,Seneca,Seneca County,734.8,3
18101,Martin,Martin County,0.0,0
18073,Jasper,Jasper County,185.0,3
19153,Polk,Polk County,340.0,2
48309,McLennan,McLennan County,2282.77,14
48251,Johnson,Johnson County,664.1600000000001,2
48451,Tom Green,Tom Green County,1941.03,11
48133,Eastland,Eastland County,728.52,8
48285,Lavaca,Lavaca County,310.2,1
48113,Dallas,Dallas County,2257.2200000000003,10
48013,Atascosa,Atascosa County,1050.27,7
38063,Nelson,Nelson County,0.0,0
38061,Mountrail,Mountrail County,74.1,1
38089,Stark,Stark County,331.7,2
19049,Dallas,Dallas County,200.0,1
19021,Buena Vista,Buena Vista County,0.0,0
19015,Boone,Boone County,84.0,1
19141,O'Brien,O'Brien County,0.0,0
19091,Humboldt,Humboldt County,175.0,1
48101,Cottle,Cottle County,1003.96,4
48183,Gregg,Gregg County,0.0,0
48233,Hutchinson,Hutchinson County,1164.7,4
48127,Dimmit,Dimmit County,2047.63,14
48447,Throckmorton,Throckmorton County,756.73,5
48337,Montague,Montague County,468.56,4
48159,Franklin,Franklin County,872.49,7
48445,Terry,Terry County,150.0,1
38083,Sheridan,Sheridan County,0.0,0
39091,Logan,Logan County,1068.38,7
39063,Hancock,Hancock County,861.94,6
39121,Noble,Noble County,0.0,0
20051,Ellis,Ellis County,308.0,3
20143,Ottawa,Ottawa County,0.0,0
20169,Saline,Saline County,350.0,1
20155,Reno,Reno County,717.8,1
20105,Lincoln,Lincoln County,300.0,1
30011,Carter,Carter County,0.0,0
30079,Prairie,Prairie County,0.0,0
31037,Colfax,Colfax County,150.0,1
31041,Custer,Custer County,750.0,3
48461,Upton,Upton County,5624.0599999999995,17
48163,Frio,Frio County,1363.78,9
48179,Gray,Gray County,1539.1399999999999,2
48425,Somervell,Somervell County,288.99,1
48211,Hemphill,Hemphill County,0.0,0
48107,Crosby,Crosby County,350.0,2
48433,Stonewall,Stonewall County,867.0,2
27121,Pope,Pope County,0.0,0
39023,Clark,Clark County,225.2,5
39059,Guernsey,Guernsey County,0.0,0
39005,Ashland,Ashland County,34.0,2
39159,Union,Union County,1074.59,10
20031,Coffey,Coffey County,1184.0,2
20171,Scott,Scott County,0.0,0
20087,Jefferson,Jefferson County,0.0,0
20179,Sheridan,Sheridan County,0.0,0
20071,Greeley,Greeley County,0.0,0
31181,Webster,Webster County,50.0,1
31019,Buffalo,Buffalo County,0.0,0
31013,Box Butte,Box Butte County,0.0,0
27159,Wadena,Wadena County,150.0,1
28099,Neshoba,Neshoba County,0.0,0
28065,Jefferson Davis,Jefferson Davis County,172.5,1
28115,Pontotoc,Pontotoc County,0.0,0
40049,Garvin,Garvin County,350.0,2
40131,Rogers,Rogers County,1045.0,5
20187,Stanton,Stanton County,0.0,0
21173,Montgomery,Montgomery County,65.0,2
21057,Cumberland,Cumberland County,0.0,0
31003,Antelope,Antelope County,300.0,1
32027,Pershing,Pershing County,377.0,5
35049,Santa Fe,Santa Fe County,1575.0,9
28135,Tallahatchie,Tallahatchie County,420.0,3
29039,Cedar,Cedar County,288.0,2
29001,Adair,Adair County,700.0,3
29169,Pulaski,Pulaski County,0.0,0
41071,Yamhill,Yamhill County,105.0,1
41049,Morrow,Morrow County,7137.5,24
22121,West Baton Rouge,West Baton Rouge Parish,200.0,1
22049,Jackson,Jackson Parish,140.0,1
26075,Jackson,Jackson County,595.0,5
36039,Greene,Greene County,530.0,6
36057,Montgomery,Montgomery County,1805.4,15
29079,Grundy,Grundy County,0.0,0
29211,Sullivan,Sullivan County,0.0,0
29131,Miller,Miller County,0.0,0
29015,Benton,Benton County,0.0,0
42011,Berks,Berks County,90.5,7
42087,Mifflin,Mifflin County,0.0,0
26095,Luce,Luce County,0.0,0
26039,Crawford,Crawford County,0.0,0
27037,Dakota,Dakota County,1055.0,8
37197,Yadkin,Yadkin County,0.0,0
37063,Durham,Durham County,0.0,0
40083,Logan,Logan County,316.0,2
40097,Mayes,Mayes County,2771.4,20
42075,Lebanon,Lebanon County,313.8,3
51197,Wythe,Wythe County,602.2,5
51045,Craig,Craig County,0.0,0
51660,Harrisonburg,Harrisonburg city,0.0,0
27123,Ramsey,Ramsey County,0.0,0
27035,Crow Wing,Crow Wing County,0.0,0
27005,Becker,Becker County,0.0,0
37191,Wayne,Wayne County,796.9,14
37061,Duplin,Duplin County,129.9,2
42119,Union,Union County,266.0,9
42081,Lycoming,Lycoming County,145.9,4
51640,Galax,Galax city,0.0,0
53013,Columbia,Columbia County,259.9,2
55087,Outagamie,Outagamie County,350.0,2
27003,Anoka,Anoka County,200.0,1
27095,Mille Lacs,Mille Lacs County,0.0,0
27029,Clearwater,Clearwater County,150.0,1
37003,Alexander,Alexander County,0.0,0
38031,Foster,Foster County,0.0,0
38045,LaMoure,LaMoure County,1020.0,5
38069,Pierce,Pierce County,0.0,0
42079,Luzerne,Luzerne County,190.0,6
13307,Webster,Webster County,0.0,0
46037,Day,Day County,600.0,2
55077,Marquette,Marquette County,0.0,0
55103,Richland,Richland County,0.0,0
56017,Hot Springs,Hot Springs County,0.0,0
28025,Clay,Clay County,950.0,6
28139,Tippah,Tippah County,0.0,0
28119,Quitman,Quitman County,450.0,1
39073,Hocking,Hocking County,0.0,0
39175,Wyandot,Wyandot County,573.4,5
39151,Stark,Stark County,169.3,2
46125,Turner,Turner County,300.0,1
46033,Custer,Custer County,0.0,0
46017,Buffalo,Buffalo County,0.0,0
17193,White,White County,400.0,2
18043,Floyd,Floyd County,0.0,0
18007,Benton,Benton County,200.0,2
28123,Scott,Scott County,284.0,2
28101,Newton,Newton County,200.0,2
29121,Macon,Macon County,1108.43,5
29067,Douglas,Douglas County,150.0,1
39141,Ross,Ross County,246.0,5
39077,Huron,Huron County,129.9,3
39047,Fayette,Fayette County,88.87,4
46063,Harding,Harding County,0.0,0
47075,Haywood,Haywood County,-535.0,3
18039,Elkhart,Elkhart County,350.0,3
18033,DeKalb,DeKalb County,247.0,4
13063,Clayton,Clayton County,0.0,0
13171,Lamar,Lamar County,0.0,0
27041,Douglas,Douglas County,227.5,2
28031,Covington,Covington County,0.0,0
29071,Franklin,Franklin County,0.0,0
17001,Adams,Adams County,909.9,7
51690,Martinsville,Martinsville city,0.0,0
56019,Johnson,Johnson County,0.0,0
21191,Pendleton,Pendleton County,0.0,0
26107,Mecosta,Mecosta County,0.0,0
29185,St. Clair,St. Clair County,0.0,0
30097,Sweet Grass,Sweet Grass County,0.0,0
35041,Roosevelt,Roosevelt County,1238.5,8
29073,Gasconade,Gasconade County,440.0,2
30095,Stillwater,Stillwater County,795.0,5
31113,Logan,Logan County,0.0,0
35003,Catron,Catron County,0.0,0
50005,Caledonia,Caledonia County,35.2000007629394,1
18087,LaGrange,LaGrange County,405.0,4
39071,Highland,Highland County,764.8,8
40055,Greer,Greer County,0.0,0
19033,Cerro Gordo,Cerro Gordo County,1124.0,6
05083,Logan,Logan County,0.0,0
18169,Wabash,Wabash County,0.0,0
27085,McLeod,McLeod County,112.0,1
12067,Lafayette,Lafayette County,0.0,0
48463,Uvalde,Uvalde County,1067.1599999999999,8
38039,Griggs,Griggs County,0.0,0
01083,Limestone,Limestone County,471.0,4
16011,Bingham,Bingham County,2339.8,12
48415,Scurry,Scurry County,4131.36,18
28159,Winston,Winston County,0.0,0
30025,Fallon,Fallon County,0.0,0
40153,Woodward,Woodward County,1951.04,10
26149,St. Joseph,St. Joseph County,486.0,3
18151,Steuben,Steuben County,0.0,0
01113,Russell,Russell County,80.0,1
21093,Hardin,Hardin County,287.0,3
26053,Gogebic,Gogebic County,0.0,0
40141,Tillman,Tillman County,1824.0,7
47013,Campbell,Campbell County,0.0,0
51171,Shenandoah,Shenandoah County,235.0,3
55037,Florence,Florence County,0.0,0
12093,Okeechobee,Okeechobee County,149.0,2
22073,Ouachita,Ouachita Parish,1679.0,9
30043,Jefferson,Jefferson County,0.0,0
37027,Caldwell,Caldwell County,0.0,0
48213,Henderson,Henderson County,1604.51,8
53025,Grant,Grant County,5040.0,21
13151,Henry,Henry County,0.0,0
48189,Hale,Hale County,2401.96,9
39161,Van Wert,Van Wert County,1150.0,8
19119,Lyon,Lyon County,0.0,0
01027,Clay,Clay County,0.0,0
26127,Oceana,Oceana County,120.0,2
13139,Hall,Hall County,250.0,1
18099,Marshall,Marshall County,1830.0,10
30057,Madison,Madison County,0.0,0
51073,Gloucester,Gloucester County,223.04,6
27025,Chisago,Chisago County,600.0,4
39145,Scioto,Scioto County,0.0,0
55083,Oconto,Oconto County,150.0,1
51685,Manassas Park,Manassas Park city,0.0,0
55133,Waukesha,Waukesha County,0.0,0
55141,Wood,Wood County,640.26,5
01067,Henry,Henry County,0.0,0
17119,Madison,Madison County,461.0,2
19129,Mills,Mills County,280.0,4
55099,Price,Price County,0.0,0
35019,Guadalupe,Guadalupe County,1081.8,6
38041,Hettinger,Hettinger County,0.0,0
39119,Muskingum,Muskingum County,15.32,1
39163,Vinton,Vinton County,89.5,2
40039,Custer,Custer County,120.0,1
06075,San Francisco,San Francisco County,250.0,1
48487,Wilbarger,Wilbarger County,2910.26,11
28075,Lauderdale,Lauderdale County,0.0,0
29199,Scotland,Scotland County,0.0,0
31087,Hitchcock,Hitchcock County,0.0,0
39037,Darke,Darke County,0.0,0
18173,Warrick,Warrick County,100.0,1
18105,Monroe,Monroe County,0.0,0
26093,Livingston,Livingston County,2487.0,7
47109,McNairy,McNairy County,0.0,0
53059,Skamania,Skamania County,0.0,0
31075,Grant,Grant County,0.0,0
40127,Pushmataha,Pushmataha County,0.0,0
46129,Walworth,Walworth County,0.0,0
48263,Kent,Kent County,401.34,2
48363,Palo Pinto,Palo Pinto County,485.71000000000004,4
17145,Perry,Perry County,2300.0,11
55089,Ozaukee,Ozaukee County,200.0,1
51670,Hopewell,Hopewell city,30.0,2
13067,Cobb,Cobb County,0.0,0
48221,Hood,Hood County,507.24,2
28017,Chickasaw,Chickasaw County,785.0,6
55135,Waupaca,Waupaca County,300.0,1
55091,Pepin,Pepin County,0.0,0
01029,Cleburne,Cleburne County,0.0,0
13017,Ben Hill,Ben Hill County,0.0,0
13201,Miller,Miller County,345.0,2
19143,Osceola,Osceola County,140.0,1
20185,Stafford,Stafford County,80.0,1
28069,Kemper,Kemper County,0.0,0
29125,Maries,Maries County,340.0,2
29219,Warren,Warren County,500.0,2
31079,Hall,Hall County,0.0,0
05055,Greene,Greene County,350.0,3
17013,Calhoun,Calhoun County,0.0,0
55109,St. Croix,St. Croix County,666.28,6
05065,Izard,Izard County,0.0,0
12099,Palm Beach,Palm Beach County,74.5,1
19113,Linn,Linn County,1859.0,8
19105,Jones,Jones County,0.0,0
31073,Gosper,Gosper County,0.0,0
36121,Wyoming,Wyoming County,690.0,6
19173,Taylor,Taylor County,700.0,2
51770,Roanoke,Roanoke city,0.0,0
55041,Forest,Forest County,0.0,0
08025,Crowley,Crowley County,0.0,0
13287,Turner,Turner County,981.0,6
26117,Montcalm,Montcalm County,1047.0,7
31009,Blaine,Blaine County,0.0,0
31125,Nance,Nance County,0.0,0
35005,Chaves,Chaves County,807.0,3
37183,Wake,Wake County,258.0,4
38065,Oliver,Oliver County,577.0,3
13193,Macon,Macon County,450.0,3
18081,Johnson,Johnson County,100.0,2
48027,Bell,Bell County,3627.04,18
05009,Boone,Boone County,0.0,0
08063,Kit Carson,Kit Carson County,1161.6,8
38021,Dickey,Dickey County,500.0,2
39045,Fairfield,Fairfield County,576.0,5
39097,Madison,Madison County,2328.7,14
12115,Sarasota,Sarasota County,0.0,0
48259,Kendall,Kendall County,351.62,2
48365,Panola,Panola County,0.0,0
48171,Gillespie,Gillespie County,445.55,3
13149,Heard,Heard County,4049.0,6
39087,Lawrence,Lawrence County,0.0,0
42105,Potter,Potter County,97.45,3
46051,Grant,Grant County,275.0,2
48111,Dallam,Dallam County,0.0,0
40091,McIntosh,McIntosh County,470.86,2
40149,Washita,Washita County,74.1,1
05035,Crittenden,Crittenden County,2444.0,10
41041,Lincoln,Lincoln County,20.0,1
18093,Lawrence,Lawrence County,100.0,1
18103,Miami,Miami County,709.9,6
19081,Hancock,Hancock County,150.0,1
19095,Iowa,Iowa County,0.0,0
20193,Thomas,Thomas County,0.0,0
17157,Randolph,Randolph County,464.2,4
17085,Jo Daviess,Jo Daviess County,135.0,1
27161,Waseca,Waseca County,0.0,0
27083,Lyon,Lyon County,1100.0,5
28077,Lawrence,Lawrence County,50.0,1
31167,Stanton,Stanton County,0.0,0
35061,Valencia,Valencia County,1091.8,7
47067,Hancock,Hancock County,0.0,0
17059,Gallatin,Gallatin County,0.0,0
20079,Harvey,Harvey County,140.0,1
21009,Barren,Barren County,549.0,8
18155,Switzerland,Switzerland County,0.0,0
19071,Fremont,Fremont County,0.0,0
20175,Seward,Seward County,150.0,1
39065,Hardin,Hardin County,888.5600000000001,15
40017,Canadian,Canadian County,550.0,4
48441,Taylor,Taylor County,1084.49,9
18029,Dearborn,Dearborn County,150.0,1
20089,Jewell,Jewell County,0.0,0
21213,Simpson,Simpson County,69.0,1
23011,Kennebec,Kennebec County,57.4110006093978,9
51550,Chesapeake,Chesapeake city,3034.0,7
17165,Saline,Saline County,1035.0,7
21185,Oldham,Oldham County,0.0,0
01021,Chilton,Chilton County,0.0,0
23009,Hancock,Hancock County,176.79899919033033,4
36093,Schenectady,Schenectady County,235.0,3
37109,Lincoln,Lincoln County,40.0,1
38049,McHenry,McHenry County,0.0,0
27133,Rock,Rock County,360.0,3
28023,Clarke,Clarke County,0.0,0
35009,Curry,Curry County,1751.0,7
36073,Orleans,Orleans County,300.0,2
54055,Mercer,Mercer County,0.0,0
55013,Burnett,Burnett County,0.0,0
26101,Manistee,Manistee County,300.0,1
28059,Jackson,Jackson County,0.0,0
39113,Montgomery,Montgomery County,198.0,4
39115,Morgan,Morgan County,125.0,1
40107,Okfuskee,Okfuskee County,542.9,3
13071,Colquitt,Colquitt County,130.0,1
13005,Bacon,Bacon County,300.0,3
19115,Louisa,Louisa County,364.1,2
56001,Albany,Albany County,460.0,3
05087,Madison,Madison County,0.0,0
29009,Barry,Barry County,210.0,2
35029,Luna,Luna County,499.15,6
13035,Butts,Butts County,0.0,0
42053,Forest,Forest County,0.0,0
54005,Boone,Boone County,0.0,0
55081,Monroe,Monroe County,0.0,0
55067,Langlade,Langlade County,0.0,0
19019,Buchanan,Buchanan County,400.0,2
20059,Franklin,Franklin County,150.0,1
20195,Trego,Trego County,0.0,0
51043,Clarke,Clarke County,50.0,1
45039,Fairfield,Fairfield County,33.86,2
47077,Henderson,Henderson County,275.0,2
48473,Waller,Waller County,2161.91,7
48087,Collingsworth,Collingsworth County,0.0,0
13277,Tift,Tift County,0.0,0
18097,Marion,Marion County,397.0,4
18065,Henry,Henry County,385.6,5
18181,White,White County,4054.2,30
01039,Covington,Covington County,0.0,0
05105,Perry,Perry County,0.0,0
12019,Clay,Clay County,0.0,0
46025,Clark,Clark County,200.0,1
47007,Bledsoe,Bledsoe County,150.0,1
48439,Tarrant,Tarrant County,1398.2,6
19181,Warren,Warren County,0.0,0
19103,Johnson,Johnson County,153.4,3
19137,Montgomery,Montgomery County,0.0,0
20065,Graham,Graham County,0.0,0
01077,Lauderdale,Lauderdale County,150.0,1
13131,Grady,Grady County,150.0,1
20011,Bourbon,Bourbon County,1234.3,6
21145,McCracken,McCracken County,501.0,5
21171,Monroe,Monroe County,0.0,0
48123,DeWitt,DeWitt County,852.97,5
26045,Eaton,Eaton County,300.0,2
27057,Hubbard,Hubbard County,68.0,1
20003,Anderson,Anderson County,0.0,0
20083,Hodgeman,Hodgeman County,1803.2,5
22089,St. Charles,St. Charles Parish,153.1,1
26161,Washtenaw,Washtenaw County,1744.05,13
16019,Bonneville,Bonneville County,704.0,4
17183,Vermilion,Vermilion County,1604.9,10
20007,Barber,Barber County,284.0,2
27081,Lincoln,Lincoln County,0.0,0
28027,Coahoma,Coahoma County,100.0,1
30091,Sheridan,Sheridan County,0.0,0
28071,Lafayette,Lafayette County,0.0,0
28015,Carroll,Carroll County,150.0,1
17093,Kendall,Kendall County,902.8,6
55045,Green,Green County,125.0,2
55125,Vilas,Vilas County,0.0,0
05123,St. Francis,St. Francis County,940.92,4
20183,Smith,Smith County,300.0,1
35053,Socorro,Socorro County,0.0,0
51830,Williamsburg,Williamsburg city,20.0,1
31165,Sioux,Sioux County,0.0,0
36021,Columbia,Columbia County,430.0,4
39099,Mahoning,Mahoning County,0.0,0
29047,Clay,Clay County,1025.0,6
29135,Moniteau,Moniteau County,0.0,0
31119,Madison,Madison County,822.2,6
05079,Lincoln,Lincoln County,0.0,0
08045,Garfield,Garfield County,0.0,0
13057,Cherokee,Cherokee County,795.0,2
26043,Dickinson,Dickinson County,310.0,5
20073,Greenwood,Greenwood County,0.0,0
26065,Ingham,Ingham County,415.0,3
40151,Woods,Woods County,1030.0,4
44001,Bristol,Bristol County,0.0,0
51678,Lexington,Lexington city,0.0,0
54105,Wirt,Wirt County,0.0,0
55069,Lincoln,Lincoln County,0.0,0
47083,Houston,Houston County,0.0,0
48115,Dawson,Dawson County,360.0,3
26123,Newaygo,Newaygo County,220.0,1
27033,Cottonwood,Cottonwood County,1239.0,4
27087,Mahnomen,Mahnomen County,80.0,1
17117,Macoupin,Macoupin County,644.0,3
05047,Franklin,Franklin County,451.32,4
01017,Chambers,Chambers County,80.0,1
48097,Cooke,Cooke County,989.89,8
17191,Wayne,Wayne County,200.0,1
