fips,NAME,NAMELSAD,n_substations,max_substation_voltage_kv,frac_substations_voltage_unknown
01003,Baldwin,Baldwin County,57,230.0,0.0
01069,Houston,Houston County,34,500.0,0.0
01005,Barbour,Barbour County,19,115.0,0.0
01119,Sumter,Sumter County,21,115.0,0.09523809523809523
05091,Miller,Miller County,20,138.0,0.050000000000000044
05133,Sevier,Sevier County,5,138.0,0.0
05093,Mississippi,Mississippi County,39,500.0,0.20512820512820518
06037,Los Angeles,Los Angeles County,553,500.0,0.40144665461121154
06087,Santa Cruz,Santa Cruz County,31,115.0,0.9032258064516129
06097,Sonoma,Sonoma County,45,230.0,0.7777777777777778
06013,Contra Costa,Contra Costa County,81,230.0,0.3827160493827161
06003,Alpine,Alpine County,0,,
08067,La Plata,La Plata County,33,345.0,0.6060606060606061
08113,San Miguel,San Miguel County,8,115.0,0.25
10001,Kent,Kent County,42,230.0,0.2142857142857143
12123,Taylor,Taylor County,9,230.0,0.0
12017,Citrus,Citrus County,27,500.0,0.0
12071,Lee,Lee County,46,500.0,0.0
12101,Pasco,Pasco County,50,230.0,0.020000000000000018
12033,Escambia,Escambia County,44,230.0,0.0
12037,Franklin,Franklin County,6,69.0,0.0
12065,Jefferson,Jefferson County,7,115.0,0.0
13185,Lowndes,Lowndes County,28,230.0,0.0
13127,Glynn,Glynn County,25,500.0,0.0
13051,Chatham,Chatham County,63,230.0,0.015873015873015928
13179,Liberty,Liberty County,11,230.0,0.0
13073,Columbia,Columbia County,17,230.0,0.05882352941176472
13137,Habersham,Habersham County,18,115.0,0.0
16041,Franklin,Franklin County,7,230.0,0.5714285714285714
16033,Clark,Clark County,3,230.0,0.6666666666666667
16079,Shoshone,Shoshone County,8,230.0,0.125
17031,Cook,Cook County,405,345.0,0.3555555555555555
16073,Owyhee,Owyhee County,10,500.0,0.4
16035,Clearwater,Clearwater County,4,500.0,0.25
18123,Perry,Perry County,9,161.0,0.0
18075,Jay,Jay County,15,138.0,0.19999999999999996
19045,Clinton,Clinton County,36,345.0,0.16666666666666663
04009,Graham,Graham County,32,230.0,0.125
19195,Worth,Worth County,9,161.0,0.33333333333333337
20199,Wallace,Wallace County,6,115.0,0.33333333333333337
01117,Shelby,Shelby County,57,230.0,0.08771929824561409
01055,Etowah,Etowah County,42,230.0,0.0
01051,Elmore,Elmore County,31,115.0,0.09677419354838712
01099,Monroe,Monroe County,21,230.0,0.0
21095,Harlan,Harlan County,33,161.0,0.21212121212121215
22075,Plaquemines,Plaquemines Parish,10,230.0,0.30000000000000004
22117,Washington,Washington Parish,20,500.0,0.050000000000000044
22017,Caddo,Caddo Parish,57,345.0,0.03508771929824561
01035,Conecuh,Conecuh County,7,230.0,0.1428571428571429
01085,Lowndes,Lowndes County,14,115.0,0.0
23015,Lincoln,Lincoln County,11,345.0,0.5454545454545454
23017,Oxford,Oxford County,22,115.0,0.2727272727272727
24005,Baltimore,Baltimore County,99,230.0,0.6262626262626263
24025,Harford,Harford County,40,500.0,0.5
24041,Talbot,Talbot County,12,138.0,0.0
24015,Cecil,Cecil County,39,500.0,0.23076923076923073
25009,Essex,Essex County,104,345.0,0.20192307692307687
25005,Bristol,Bristol County,54,345.0,0.12962962962962965
25021,Norfolk,Norfolk County,54,345.0,0.09259259259259256
26041,Delta,Delta County,24,138.0,0.08333333333333337
26055,Grand Traverse,Grand Traverse County,34,345.0,0.02941176470588236
26007,Alpena,Alpena County,26,138.0,0.0
26103,Marquette,Marquette County,33,345.0,0.12121212121212122
26147,St. Clair,St. Clair County,50,345.0,0.020000000000000018
26071,Iron,Iron County,10,138.0,0.09999999999999998
27027,Clay,Clay County,21,230.0,0.09523809523809523
27091,Martin,Martin County,24,345.0,0.16666666666666663
28033,DeSoto,DeSoto County,25,500.0,0.12
28157,Wilkinson,Wilkinson County,3,115.0,0.0
29113,Lincoln,Lincoln County,13,161.0,0.3846153846153846
30001,Beaverhead,Beaverhead County,16,230.0,0.0
30105,Valley,Valley County,24,161.0,0.08333333333333337
31033,Cheyenne,Cheyenne County,17,345.0,0.11764705882352944
31049,Deuel,Deuel County,6,115.0,0.0
34015,Gloucester,Gloucester County,37,230.0,0.027027027027026973
36013,Chautauqua,Chautauqua County,52,230.0,0.4423076923076923
36045,Jefferson,Jefferson County,36,115.0,0.6388888888888888
36059,Nassau,Nassau County,107,345.0,0.6635514018691588
37133,Onslow,Onslow County,43,230.0,0.06976744186046513
37009,Ashe,Ashe County,10,230.0,0.0
37169,Stokes,Stokes County,20,230.0,0.0
37053,Currituck,Currituck County,9,230.0,0.2222222222222222
37173,Swain,Swain County,5,161.0,0.0
37131,Northampton,Northampton County,11,230.0,0.0
38035,Grand Forks,Grand Forks County,32,345.0,0.21875
38067,Pembina,Pembina County,21,230.0,0.4285714285714286
39123,Ottawa,Ottawa County,27,138.0,0.7777777777777778
45051,Horry,Horry County,77,230.0,0.025974025974025983
40079,Le Flore,Le Flore County,20,161.0,0.15000000000000002
40023,Choctaw,Choctaw County,9,345.0,0.0
40113,Osage,Osage County,42,345.0,0.2142857142857143
41015,Curry,Curry County,13,230.0,0.8461538461538461
41045,Malheur,Malheur County,27,230.0,0.8148148148148149
41001,Baker,Baker County,18,230.0,0.6111111111111112
42111,Somerset,Somerset County,27,230.0,0.2592592592592593
42133,York,York County,85,500.0,0.3411764705882353
45003,Aiken,Aiken County,82,230.0,0.024390243902439046
45091,York,York County,74,500.0,0.05405405405405406
46127,Union,Union County,10,230.0,0.0
46009,Bon Homme,Bon Homme County,12,115.0,0.0
46089,McPherson,McPherson County,10,230.0,0.09999999999999998
47065,Hamilton,Hamilton County,107,500.0,0.028037383177570097
47059,Greene,Greene County,31,161.0,0.0
47091,Johnson,Johnson County,4,161.0,0.0
48355,Nueces,Nueces County,81,345.0,0.12345679012345678
48215,Hidalgo,Hidalgo County,65,345.0,0.07692307692307687
48061,Cameron,Cameron County,70,345.0,0.09999999999999998
48479,Webb,Webb County,39,345.0,0.1282051282051282
48057,Calhoun,Calhoun County,25,138.0,0.07999999999999996
48323,Maverick,Maverick County,9,138.0,0.2222222222222222
48465,Val Verde,Val Verde County,14,138.0,0.0714285714285714
48039,Brazoria,Brazoria County,107,345.0,0.19626168224299068
48229,Hudspeth,Hudspeth County,3,69.0,0.33333333333333337
48203,Harrison,Harrison County,37,345.0,0.43243243243243246
48387,Red River,Red River County,8,345.0,0.75
48315,Marion,Marion County,10,345.0,0.5
49045,Tooele,Tooele County,31,138.0,0.22580645161290325
49023,Juab,Juab County,16,500.0,0.5625
51001,Accomack,Accomack County,17,138.0,0.05882352941176472
51095,James City,James City County,8,500.0,0.125
51131,Northampton,Northampton County,6,69.0,0.0
51057,Essex,Essex County,5,230.0,0.4
51107,Loudoun,Loudoun County,89,500.0,0.0898876404494382
51083,Halifax,Halifax County,22,500.0,0.09090909090909094
53067,Thurston,Thurston County,38,115.0,0.1578947368421053
53029,Island,Island County,15,115.0,0.06666666666666665
54047,McDowell,McDowell County,13,138.0,0.15384615384615385
54011,Cabell,Cabell County,16,765.0,0.625
54073,Pleasants,Pleasants County,8,765.0,0.125
54037,Jefferson,Jefferson County,14,138.0,0.5
54065,Morgan,Morgan County,3,138.0,0.33333333333333337
17125,Mason,Mason County,20,138.0,0.44999999999999996
54003,Berkeley,Berkeley County,23,500.0,0.6956521739130435
17007,Boone,Boone County,11,138.0,0.8181818181818181
55011,Buffalo,Buffalo County,19,161.0,0.26315789473684215
55121,Trempealeau,Trempealeau County,22,161.0,0.18181818181818177
55075,Marinette,Marinette County,25,138.0,0.12
56029,Park,Park County,24,230.0,0.6666666666666667
56039,Teton,Teton County,15,115.0,0.19999999999999996
06057,Nevada,Nevada County,17,115.0,0.8823529411764706
05085,Lonoke,Lonoke County,17,500.0,0.0
05099,Nevada,Nevada County,3,115.0,0.0
05013,Calhoun,Calhoun County,6,115.0,0.0
06007,Butte,Butte County,35,500.0,0.5428571428571429
06089,Shasta,Shasta County,313,500.0,0.5942492012779552
06047,Merced,Merced County,40,500.0,0.725
06009,Calaveras,Calaveras County,12,230.0,0.75
06033,Lake,Lake County,20,115.0,0.9
06115,Yuba,Yuba County,20,230.0,0.65
08035,Douglas,Douglas County,30,345.0,0.09999999999999998
08019,Clear Creek,Clear Creek County,4,230.0,0.0
08049,Grand,Grand County,15,230.0,0.06666666666666665
08029,Delta,Delta County,14,230.0,0.7857142857142857
08091,Ouray,Ouray County,5,115.0,0.4
08055,Huerfano,Huerfano County,16,230.0,0.3125
08111,San Juan,San Juan County,3,115.0,0.0
09140,Naugatuck Valley,Naugatuck Valley Planning Region,25,345.0,0.07999999999999996
12107,Putnam,Putnam County,30,500.0,0.0
12001,Alachua,Alachua County,43,230.0,0.0
12129,Wakulla,Wakulla County,8,230.0,0.0
12041,Gilchrist,Gilchrist County,11,230.0,0.0
13089,DeKalb,DeKalb County,51,500.0,0.0
13157,Jackson,Jackson County,29,230.0,0.03448275862068961
13267,Tattnall,Tattnall County,9,115.0,0.0
13031,Bulloch,Bulloch County,17,230.0,0.0
13075,Cook,Cook County,8,230.0,0.0
13289,Twiggs,Twiggs County,14,230.0,0.0
13303,Washington,Washington County,23,500.0,0.0
13301,Warren,Warren County,18,230.0,0.0
16085,Valley,Valley County,9,138.0,0.7777777777777778
16023,Butte,Butte County,19,230.0,0.4736842105263158
16077,Power,Power County,16,345.0,0.375
17017,Cass,Cass County,11,69.0,0.9090909090909091
18035,Delaware,Delaware County,34,345.0,0.32352941176470584
18013,Brown,Brown County,4,69.0,0.25
18027,Daviess,Daviess County,11,138.0,0.18181818181818177
19041,Clay,Clay County,21,345.0,0.1428571428571429
20139,Osage,Osage County,6,345.0,0.0
20097,Kiowa,Kiowa County,6,115.0,0.33333333333333337
20069,Gray,Gray County,12,345.0,0.5833333333333333
20067,Grant,Grant County,11,115.0,0.09090909090909094
21183,Ohio,Ohio County,21,345.0,0.04761904761904767
21193,Perry,Perry County,13,161.0,0.23076923076923073
21115,Johnson,Johnson County,11,138.0,0.2727272727272727
21061,Edmonson,Edmonson County,4,69.0,0.0
21167,Mercer,Mercer County,16,345.0,0.0
21237,Wolfe,Wolfe County,3,69.0,0.0
22033,East Baton Rouge,East Baton Rouge Parish,81,230.0,0.07407407407407407
22099,St. Martin,St. Martin Parish,17,138.0,0.2941176470588235
22025,Catahoula,Catahoula Parish,6,115.0,0.0
22069,Natchitoches,Natchitoches Parish,19,230.0,0.052631578947368474
23023,Sagadahoc,Sagadahoc County,8,115.0,0.25
26135,Oscoda,Oscoda County,4,138.0,0.0
27097,Morrison,Morrison County,17,115.0,0.7058823529411764
27013,Blue Earth,Blue Earth County,31,345.0,0.5483870967741935
27147,Steele,Steele County,16,161.0,0.0625
27065,Kanabec,Kanabec County,5,69.0,0.0
27015,Brown,Brown County,18,115.0,0.05555555555555558
28145,Union,Union County,9,500.0,0.0
28053,Humphreys,Humphreys County,4,115.0,0.0
29041,Chariton,Chariton County,8,161.0,0.375
29065,Dent,Dent County,6,345.0,0.33333333333333337
30077,Powell,Powell County,10,500.0,0.19999999999999996
30031,Gallatin,Gallatin County,25,161.0,0.19999999999999996
30059,Meagher,Meagher County,4,100.0,0.25
30089,Sanders,Sanders County,14,500.0,0.0714285714285714
30007,Broadwater,Broadwater County,9,230.0,0.6666666666666667
30023,Deer Lodge,Deer Lodge County,3,230.0,0.0
31185,York,York County,16,345.0,0.9375
34027,Morris,Morris County,100,230.0,0.020000000000000018
35033,Mora,Mora County,2,69.0,0.5
36111,Ulster,Ulster County,24,345.0,0.16666666666666663
36051,Livingston,Livingston County,23,230.0,0.04347826086956519
36123,Yates,Yates County,11,115.0,0.8181818181818181
37153,Richmond,Richmond County,16,500.0,0.125
37051,Cumberland,Cumberland County,81,500.0,0.06172839506172845
37085,Harnett,Harnett County,20,230.0,0.25
37199,Yancey,Yancey County,8,230.0,0.0
37065,Edgecombe,Edgecombe County,27,230.0,0.07407407407407407
37193,Wilkes,Wilkes County,19,500.0,0.0
37117,Martin,Martin County,7,230.0,0.0
37099,Jackson,Jackson County,16,230.0,0.0625
39075,Holmes,Holmes County,20,138.0,0.09999999999999998
39069,Henry,Henry County,20,345.0,0.19999999999999996
40027,Cleveland,Cleveland County,39,345.0,0.28205128205128205
40029,Coal,Coal County,11,138.0,0.2727272727272727
40075,Kiowa,Kiowa County,14,138.0,0.2857142857142857
41017,Deschutes,Deschutes County,41,500.0,0.8048780487804879
41047,Marion,Marion County,40,500.0,0.925
42027,Centre,Centre County,37,230.0,0.7567567567567568
42041,Cumberland,Cumberland County,46,230.0,0.21739130434782605
42035,Clinton,Clinton County,12,230.0,0.0
42003,Allegheny,Allegheny County,205,345.0,0.5853658536585367
42129,Westmoreland,Westmoreland County,66,500.0,0.303030303030303
45077,Pickens,Pickens County,57,230.0,0.08771929824561409
45085,Sumter,Sumter County,29,230.0,0.10344827586206895
45063,Lexington,Lexington County,61,230.0,0.016393442622950838
45055,Kershaw,Kershaw County,32,230.0,0.0
45089,Williamsburg,Williamsburg County,22,230.0,0.045454545454545414
46093,Meade,Meade County,14,230.0,0.0714285714285714
46103,Pennington,Pennington County,47,230.0,0.04255319148936165
46085,Lyman,Lyman County,6,69.0,0.0
46057,Hamlin,Hamlin County,10,115.0,0.0
47093,Knox,Knox County,69,500.0,0.07246376811594202
47033,Crockett,Crockett County,5,161.0,0.0
47085,Humphreys,Humphreys County,22,500.0,0.0
47001,Anderson,Anderson County,38,500.0,0.02631578947368418
47021,Cheatham,Cheatham County,4,161.0,0.0
48481,Wharton,Wharton County,30,345.0,0.033333333333333326
48001,Anderson,Anderson County,21,138.0,0.23809523809523814
48157,Fort Bend,Fort Bend County,41,345.0,0.19512195121951215
48257,Kaufman,Kaufman County,34,345.0,0.17647058823529416
48471,Walker,Walker County,16,345.0,0.0625
48495,Winkler,Winkler County,33,138.0,0.09090909090909094
48125,Dickens,Dickens County,10,345.0,0.09999999999999998
48053,Burnet,Burnet County,13,138.0,0.0
48267,Kimble,Kimble County,8,345.0,0.125
48287,Lee,Lee County,2,138.0,0.0
48289,Leon,Leon County,11,345.0,0.0
48063,Camp,Camp County,7,138.0,0.7142857142857143
48449,Titus,Titus County,23,345.0,0.34782608695652173
48455,Trinity,Trinity County,3,138.0,0.33333333333333337
48477,Washington,Washington County,10,345.0,0.0
48341,Moore,Moore County,18,230.0,0.4444444444444444
48155,Foard,Foard County,5,345.0,0.0
49057,Weber,Weber County,44,138.0,0.6590909090909092
49051,Wasatch,Wasatch County,14,138.0,0.6428571428571428
49013,Duchesne,Duchesne County,17,138.0,0.7647058823529411
49017,Garfield,Garfield County,16,138.0,0.3125
51087,Henrico,Henrico County,18,230.0,0.05555555555555558
51187,Warren,Warren County,16,500.0,0.0625
51015,Augusta,Augusta County,22,500.0,0.09090909090909094
51037,Charlotte,Charlotte County,8,115.0,0.0
51121,Montgomery,Montgomery County,19,138.0,0.10526315789473684
51019,Bedford,Bedford County,23,138.0,0.04347826086956519
51155,Pulaski,Pulaski County,12,138.0,0.08333333333333337
51109,Louisa,Louisa County,14,500.0,0.0
51137,Orange,Orange County,9,115.0,0.0
51091,Highland,Highland County,1,,1.0
53041,Lewis,Lewis County,42,500.0,0.04761904761904767
53065,Stevens,Stevens County,19,230.0,0.5789473684210527
53017,Douglas,Douglas County,24,500.0,0.8333333333333334
54109,Wyoming,Wyoming County,22,765.0,0.18181818181818177
54041,Lewis,Lewis County,3,138.0,0.6666666666666667
54001,Barbour,Barbour County,7,138.0,0.8571428571428572
55111,Sauk,Sauk County,29,138.0,0.03448275862068961
55035,Eau Claire,Eau Claire County,30,345.0,0.0
31005,Arthur,Arthur County,1,115.0,0.0
38007,Billings,Billings County,12,230.0,0.0
09110,Capitol,Capitol Planning Region,50,345.0,0.38
10003,New Castle,New Castle County,69,500.0,0.2753623188405797
10005,Sussex,Sussex County,52,230.0,0.05769230769230771
11001,District of Columbia,District of Columbia,40,230.0,0.55
12075,Levy,Levy County,16,230.0,0.0
12057,Hillsborough,Hillsborough County,175,230.0,0.005714285714285672
12009,Brevard,Brevard County,75,230.0,0.07999999999999996
12113,Santa Rosa,Santa Rosa County,27,230.0,0.0
12131,Walton,Walton County,27,230.0,0.0
12029,Dixie,Dixie County,7,69.0,0.0
12073,Leon,Leon County,39,230.0,0.0
12079,Madison,Madison County,11,115.0,0.0
13049,Charlton,Charlton County,4,230.0,0.0
13215,Muscogee,Muscogee County,30,230.0,0.0
13105,Elbert,Elbert County,15,230.0,0.06666666666666665
13103,Effingham,Effingham County,20,500.0,0.09999999999999998
16059,Lemhi,Lemhi County,10,115.0,0.19999999999999996
16069,Nez Perce,Nez Perce County,10,500.0,0.7
01089,Madison,Madison County,119,500.0,0.05882352941176472
04005,Coconino,Coconino County,58,500.0,0.2068965517241379
04027,Yuma,Yuma County,48,500.0,0.22916666666666663
04012,La Paz,La Paz County,26,500.0,0.46153846153846156
04001,Apache,Apache County,21,500.0,0.2857142857142857
05139,Union,Union County,27,500.0,0.0
05017,Chicot,Chicot County,9,230.0,0.0
05107,Phillips,Phillips County,8,230.0,0.0
05041,Desha,Desha County,9,115.0,0.0
05131,Sebastian,Sebastian County,33,500.0,0.030303030303030276
05007,Benton,Benton County,61,345.0,0.09836065573770492
05015,Carroll,Carroll County,14,161.0,0.1428571428571429
05121,Randolph,Randolph County,9,161.0,0.0
05021,Clay,Clay County,10,161.0,0.0
06073,San Diego,San Diego County,172,500.0,0.5755813953488372
06065,Riverside,Riverside County,209,500.0,0.33492822966507174
06041,Marin,Marin County,14,230.0,0.7142857142857143
06081,San Mateo,San Mateo County,74,230.0,0.45945945945945943
06017,El Dorado,El Dorado County,15,230.0,0.4
08077,Mesa,Mesa County,20,345.0,0.44999999999999996
08123,Weld,Weld County,109,345.0,0.3027522935779816
08069,Larimer,Larimer County,49,230.0,0.10204081632653061
08107,Routt,Routt County,34,230.0,0.23529411764705888
36025,Delaware,Delaware County,20,345.0,0.4
37031,Carteret,Carteret County,23,230.0,0.13043478260869568
37165,Scotland,Scotland County,14,230.0,0.0
37019,Brunswick,Brunswick County,39,230.0,0.02564102564102566
37129,New Hanover,New Hanover County,29,230.0,0.10344827586206895
37119,Mecklenburg,Mecklenburg County,119,500.0,0.04201680672268904
37137,Pamlico,Pamlico County,3,230.0,0.33333333333333337
37013,Beaufort,Beaufort County,23,230.0,0.17391304347826086
37089,Henderson,Henderson County,22,115.0,0.045454545454545414
37113,Macon,Macon County,13,161.0,0.0
37139,Pasquotank,Pasquotank County,17,230.0,0.0
37007,Anson,Anson County,9,230.0,0.0
38017,Cass,Cass County,40,345.0,0.125
38099,Walsh,Walsh County,23,115.0,0.4347826086956522
38053,McKenzie,McKenzie County,70,345.0,0.0714285714285714
39167,Washington,Washington County,36,345.0,0.33333333333333337
39009,Athens,Athens County,11,138.0,0.18181818181818177
40089,McCurtain,McCurtain County,20,345.0,0.15000000000000002
41007,Clatsop,Clatsop County,14,230.0,0.2857142857142857
41039,Lane,Lane County,100,500.0,0.26
41051,Multnomah,Multnomah County,127,230.0,0.6299212598425197
41035,Klamath,Klamath County,39,500.0,0.8205128205128205
41055,Sherman,Sherman County,15,500.0,0.4
41021,Gilliam,Gilliam County,24,230.0,0.5
42055,Franklin,Franklin County,47,138.0,0.6808510638297872
42017,Bucks,Bucks County,64,230.0,0.421875
42123,Warren,Warren County,15,230.0,0.6
42103,Pike,Pike County,14,230.0,0.0714285714285714
42029,Chester,Chester County,57,230.0,0.5614035087719298
44007,Providence,Providence County,90,345.0,0.0444444444444444
45013,Beaufort,Beaufort County,37,230.0,0.027027027027026973
45007,Anderson,Anderson County,80,230.0,0.0
45069,Marlboro,Marlboro County,13,230.0,0.0
45043,Georgetown,Georgetown County,34,230.0,0.02941176470588236
47019,Carter,Carter County,13,161.0,0.0
47073,Hawkins,Hawkins County,14,500.0,0.0
47025,Claiborne,Claiborne County,5,161.0,0.0
47055,Giles,Giles County,12,161.0,0.0
47123,Monroe,Monroe County,12,161.0,0.0
47009,Blount,Blount County,19,161.0,0.052631578947368474
48071,Chambers,Chambers County,32,345.0,0.59375
48167,Galveston,Galveston County,71,345.0,0.14084507042253525
48003,Andrews,Andrews County,42,345.0,0.023809523809523836
48037,Bowie,Bowie County,28,345.0,0.4642857142857143
48205,Hartley,Hartley County,2,230.0,0.0
48043,Brewster,Brewster County,7,69.0,0.0
49037,San Juan,San Juan County,35,345.0,0.34285714285714286
49047,Uintah,Uintah County,24,345.0,0.5416666666666667
49033,Rich,Rich County,6,230.0,0.8333333333333334
51051,Dickenson,Dickenson County,13,138.0,0.07692307692307687
51191,Washington,Washington County,17,161.0,0.0
04013,Maricopa,Maricopa County,466,500.0,0.03433476394849788
04007,Gila,Gila County,32,345.0,0.4375
04021,Pinal,Pinal County,129,500.0,0.10852713178294571
16029,Caribou,Caribou County,30,345.0,0.7
17153,Pulaski,Pulaski County,7,161.0,0.5714285714285714
17185,Wabash,Wabash County,6,138.0,0.5
17161,Rock Island,Rock Island County,36,345.0,0.6388888888888888
17097,Lake,Lake County,50,345.0,0.5
18129,Posey,Posey County,30,345.0,0.0
18061,Harrison,Harrison County,15,345.0,0.06666666666666665
18089,Lake,Lake County,248,345.0,0.16532258064516125
18161,Union,Union County,5,138.0,0.0
18177,Wayne,Wayne County,31,138.0,0.16129032258064513
19163,Scott,Scott County,44,345.0,0.40909090909090906
19063,Emmet,Emmet County,7,69.0,0.0
19149,Plymouth,Plymouth County,27,345.0,0.03703703703703709
20131,Nemaha,Nemaha County,11,345.0,0.2727272727272727
01043,Cullman,Cullman County,21,500.0,0.0
01121,Talladega,Talladega County,54,230.0,0.0
21101,Henderson,Henderson County,30,161.0,0.23333333333333328
01087,Macon,Macon County,13,115.0,0.0
21195,Pike,Pike County,35,138.0,0.1428571428571429
01033,Colbert,Colbert County,35,161.0,0.02857142857142858
01131,Wilcox,Wilcox County,16,115.0,0.0
01009,Blount,Blount County,26,230.0,0.0
21013,Bell,Bell County,18,500.0,0.11111111111111116
21135,Lewis,Lewis County,3,69.0,0.0
22087,St. Bernard,St. Bernard Parish,9,230.0,0.0
22105,Tangipahoa,Tangipahoa Parish,12,230.0,0.08333333333333337
22071,Orleans,Orleans Parish,31,230.0,0.09677419354838712
22029,Concordia,Concordia Parish,11,115.0,0.0
01025,Clarke,Clarke County,29,230.0,0.0
22035,East Carroll,East Carroll Parish,1,,1.0
22115,Vernon,Vernon Parish,16,230.0,0.125
22123,West Carroll,West Carroll Parish,4,115.0,0.0
22037,East Feliciana,East Feliciana Parish,11,500.0,0.09090909090909094
23027,Waldo,Waldo County,8,115.0,0.25
01041,Crenshaw,Crenshaw County,8,115.0,0.0
01065,Hale,Hale County,17,230.0,0.0
23025,Somerset,Somerset County,27,115.0,0.37037037037037035
24037,St. Mary's,St. Mary's County,27,230.0,0.9259259259259259
24039,Somerset,Somerset County,9,138.0,0.0
24021,Frederick,Frederick County,46,500.0,0.7173913043478262
24035,Queen Anne's,Queen Anne's County,14,138.0,0.1428571428571429
24029,Kent,Kent County,6,69.0,0.0
25007,Dukes,Dukes County,1,,1.0
25017,Middlesex,Middlesex County,116,450.0,0.18965517241379315
26109,Menominee,Menominee County,16,138.0,0.1875
26141,Presque Isle,Presque Isle County,11,138.0,0.0
27031,Cook,Cook County,8,138.0,0.0
27167,Wilkin,Wilkin County,7,41.6,0.4285714285714286
27137,St. Louis,St. Louis County,105,500.0,0.5142857142857142
27077,Lake of the Woods,Lake of the Woods County,7,230.0,0.7142857142857143
27119,Polk,Polk County,31,230.0,0.5161290322580645
27089,Marshall,Marshall County,18,115.0,0.2777777777777778
27107,Norman,Norman County,9,69.0,0.33333333333333337
28001,Adams,Adams County,13,115.0,0.0
28151,Washington,Washington County,19,230.0,0.0
28087,Lowndes,Lowndes County,33,500.0,0.06060606060606055
28149,Warren,Warren County,19,500.0,0.0
28021,Claiborne,Claiborne County,5,500.0,0.19999999999999996
28103,Noxubee,Noxubee County,7,161.0,0.1428571428571429
28143,Tunica,Tunica County,8,230.0,0.125
29143,New Madrid,New Madrid County,23,500.0,0.30434782608695654
29031,Cape Girardeau,Cape Girardeau County,22,345.0,0.5
29189,St. Louis,St. Louis County,113,345.0,0.8141592920353982
29171,Putnam,Putnam County,5,69.0,0.19999999999999996
29023,Butler,Butler County,23,345.0,0.34782608695652173
29037,Cass,Cass County,35,345.0,0.1428571428571429
30003,Big Horn,Big Horn County,24,230.0,0.25
30081,Ravalli,Ravalli County,17,161.0,0.05882352941176472
30071,Phillips,Phillips County,8,161.0,0.0
30005,Blaine,Blaine County,14,161.0,0.1428571428571429
30085,Roosevelt,Roosevelt County,25,115.0,0.64
30083,Richland,Richland County,21,115.0,0.8571428571428572
31169,Thayer,Thayer County,13,115.0,0.8461538461538461
32033,White Pine,White Pine County,10,500.0,0.5
33015,Rockingham,Rockingham County,71,345.0,0.43661971830985913
33017,Strafford,Strafford County,18,115.0,0.6666666666666667
34009,Cape May,Cape May County,17,230.0,0.05882352941176472
34023,Middlesex,Middlesex County,108,500.0,0.12037037037037035
34007,Camden,Camden County,44,500.0,0.09090909090909094
35045,San Juan,San Juan County,75,500.0,0.22666666666666668
35055,Taos,Taos County,13,345.0,0.7692307692307692
36103,Suffolk,Suffolk County,110,138.0,0.7
36047,Kings,Kings County,36,345.0,0.5833333333333333
36105,Sullivan,Sullivan County,35,345.0,0.37142857142857144
13123,Gilmer,Gilmer County,9,230.0,0.0
13305,Wayne,Wayne County,11,115.0,0.0
13189,McDuffie,McDuffie County,13,500.0,0.0
13029,Bryan,Bryan County,12,230.0,0.0
13025,Brantley,Brantley County,4,115.0,0.0
13279,Toombs,Toombs County,7,230.0,0.2857142857142857
13107,Emanuel,Emanuel County,10,115.0,0.09999999999999998
13317,Wilkes,Wilkes County,7,115.0,0.0
13133,Greene,Greene County,14,115.0,0.2142857142857143
13263,Talbot,Talbot County,12,230.0,0.08333333333333337
13205,Mitchell,Mitchell County,24,500.0,0.0
13283,Treutlen,Treutlen County,6,115.0,0.0
13197,Marion,Marion County,3,230.0,0.0
13079,Crawford,Crawford County,5,230.0,0.0
13007,Baker,Baker County,4,46.0,0.0
16037,Custer,Custer County,11,230.0,0.7272727272727273
16015,Boise,Boise County,2,,1.0
18145,Shelby,Shelby County,19,345.0,0.1578947368421053
18053,Grant,Grant County,23,138.0,0.08695652173913049
18175,Washington,Washington County,6,230.0,0.16666666666666663
18159,Tipton,Tipton County,6,230.0,0.0
19069,Franklin,Franklin County,22,345.0,0.045454545454545414
19073,Greene,Greene County,22,161.0,0.2272727272727273
19027,Carroll,Carroll County,18,161.0,0.11111111111111116
19117,Lucas,Lucas County,5,161.0,0.0
20113,McPherson,McPherson County,18,230.0,0.5
20145,Pawnee,Pawnee County,9,115.0,0.4444444444444444
20161,Riley,Riley County,12,230.0,0.5
21179,Nelson,Nelson County,21,138.0,0.1428571428571429
21085,Grayson,Grayson County,13,138.0,0.0
21033,Caldwell,Caldwell County,9,161.0,0.0
21175,Morgan,Morgan County,6,69.0,0.0
21155,Marion,Marion County,11,161.0,0.0
21209,Scott,Scott County,17,138.0,0.0
21079,Garrard,Garrard County,12,345.0,0.0
21177,Muhlenberg,Muhlenberg County,33,500.0,0.09090909090909094
21031,Butler,Butler County,3,161.0,0.0
21107,Hopkins,Hopkins County,41,161.0,0.024390243902439046
21121,Knox,Knox County,13,161.0,0.0
21187,Owen,Owen County,6,138.0,0.0
21071,Floyd,Floyd County,21,138.0,0.4285714285714286
21181,Nicholas,Nicholas County,4,69.0,0.0
21011,Bath,Bath County,5,69.0,0.0
21205,Rowan,Rowan County,13,138.0,0.0
21099,Hart,Hart County,9,138.0,0.0
21153,Magoffin,Magoffin County,4,69.0,0.0
21197,Powell,Powell County,6,161.0,0.0
21063,Elliott,Elliott County,3,69.0,0.0
22059,LaSalle,LaSalle Parish,6,115.0,0.0
22039,Evangeline,Evangeline Parish,20,230.0,0.0
22015,Bossier,Bossier Parish,22,138.0,0.09090909090909094
22041,Franklin,Franklin Parish,7,115.0,0.0
22045,Iberia,Iberia Parish,29,230.0,0.13793103448275867
22081,Red River,Red River Parish,10,500.0,0.09999999999999998
22043,Grant,Grant Parish,10,230.0,0.09999999999999998
22067,Morehouse,Morehouse Parish,8,115.0,0.0
22021,Caldwell,Caldwell Parish,2,115.0,0.0
23021,Piscataquis,Piscataquis County,7,115.0,0.5714285714285714
51093,Isle of Wight,Isle of Wight County,7,500.0,0.0
51005,Alleghany,Alleghany County,5,138.0,0.0
51153,Prince William,Prince William County,62,500.0,0.032258064516129004
51193,Westmoreland,Westmoreland County,7,230.0,0.0
51133,Northumberland,Northumberland County,5,34.5,0.19999999999999996
51103,Lancaster,Lancaster County,6,115.0,0.0
51143,Pittsylvania,Pittsylvania County,34,230.0,0.0
51059,Fairfax,Fairfax County,88,500.0,0.19318181818181823
53055,San Juan,San Juan County,21,69.0,0.09523809523809523
53035,Kitsap,Kitsap County,56,230.0,0.4107142857142857
53011,Clark,Clark County,67,345.0,0.05970149253731338
53045,Mason,Mason County,20,230.0,0.30000000000000004
53053,Pierce,Pierce County,129,500.0,0.26356589147286824
53075,Whitman,Whitman County,21,500.0,0.4285714285714286
53019,Ferry,Ferry County,12,115.0,0.75
54099,Wayne,Wayne County,14,345.0,0.3571428571428571
54059,Mingo,Mingo County,14,138.0,0.2142857142857143
54063,Monroe,Monroe County,1,,1.0
54103,Wetzel,Wetzel County,6,,1.0
54107,Wood,Wood County,15,138.0,0.4666666666666667
54095,Tyler,Tyler County,5,,1.0
17189,Washington,Washington County,15,345.0,0.6666666666666667
54023,Grant,Grant County,11,500.0,0.5454545454545454
55023,Crawford,Crawford County,15,161.0,0.06666666666666665
17039,De Witt,De Witt County,17,345.0,0.5882352941176471
06107,Tulare,Tulare County,54,220.0,0.2962962962962963
56033,Sheridan,Sheridan County,15,230.0,0.8
56041,Uinta,Uinta County,22,230.0,0.2272727272727273
05129,Searcy,Searcy County,4,161.0,0.0
05103,Ouachita,Ouachita County,8,115.0,0.0
05145,White,White County,17,161.0,0.0
05011,Bradley,Bradley County,8,115.0,0.0
05019,Clark,Clark County,14,115.0,0.0714285714285714
06067,Sacramento,Sacramento County,261,230.0,0.14559386973180077
06069,San Benito,San Benito County,5,60.0,0.8
06005,Amador,Amador County,16,230.0,0.8125
06101,Sutter,Sutter County,18,230.0,0.6666666666666667
06113,Yolo,Yolo County,13,115.0,0.3076923076923077
06011,Colusa,Colusa County,13,500.0,0.7692307692307692
06063,Plumas,Plumas County,20,230.0,0.25
08005,Arapahoe,Arapahoe County,33,345.0,0.18181818181818177
08013,Boulder,Boulder County,32,230.0,0.1875
08037,Eagle,Eagle County,14,230.0,0.3571428571428571
08053,Hinsdale,Hinsdale County,1,115.0,0.0
12023,Columbia,Columbia County,16,230.0,0.0
12055,Highlands,Highlands County,23,230.0,0.0
12097,Osceola,Osceola County,28,230.0,0.0
12013,Calhoun,Calhoun County,6,230.0,0.0
12077,Liberty,Liberty County,6,230.0,0.0
12125,Union,Union County,5,115.0,0.19999999999999996
13153,Houston,Houston County,42,500.0,0.0
13121,Fulton,Fulton County,109,500.0,0.07339449541284404
13019,Berrien,Berrien County,5,115.0,0.0
13181,Lincoln,Lincoln County,4,115.0,0.0
13261,Sumter,Sumter County,16,500.0,0.0
13009,Baldwin,Baldwin County,13,230.0,0.0
45015,Berkeley,Berkeley County,70,230.0,0.17142857142857137
45075,Orangeburg,Orangeburg County,55,230.0,0.0
45079,Richland,Richland County,93,230.0,0.08602150537634412
45027,Clarendon,Clarendon County,14,230.0,0.0
45067,Marion,Marion County,11,230.0,0.0
45031,Darlington,Darlington County,27,230.0,0.0
45087,Union,Union County,35,115.0,0.02857142857142858
45061,Lee,Lee County,5,230.0,0.0
45017,Calhoun,Calhoun County,16,230.0,0.0
46111,Sanborn,Sanborn County,6,230.0,0.0
46055,Haakon,Haakon County,8,230.0,0.0
46075,Jones,Jones County,3,69.0,0.33333333333333337
46071,Jackson,Jackson County,7,115.0,0.0
46041,Dewey,Dewey County,6,69.0,0.0
47127,Moore,Moore County,1,161.0,0.0
47107,McMinn,McMinn County,19,161.0,0.052631578947368474
47149,Rutherford,Rutherford County,31,500.0,0.0
47035,Cumberland,Cumberland County,11,500.0,0.0
47031,Coffee,Coffee County,17,161.0,0.0
47045,Dyer,Dyer County,26,161.0,0.0
47005,Benton,Benton County,6,161.0,0.0
47105,Loudon,Loudon County,21,161.0,0.0
47041,DeKalb,DeKalb County,3,161.0,0.0
47081,Hickman,Hickman County,4,161.0,0.0
47003,Bedford,Bedford County,14,161.0,0.0
47029,Cocke,Cocke County,8,161.0,0.0
47135,Perry,Perry County,2,161.0,0.0
47121,Meigs,Meigs County,4,161.0,0.0
48453,Travis,Travis County,99,345.0,0.07070707070707072
48339,Montgomery,Montgomery County,48,230.0,0.0625
48187,Guadalupe,Guadalupe County,35,345.0,0.08571428571428574
48423,Smith,Smith County,33,345.0,0.09090909090909094
48475,Ward,Ward County,43,345.0,0.2558139534883721
48103,Crane,Crane County,25,138.0,0.16000000000000003
48437,Swisher,Swisher County,21,345.0,0.5714285714285714
48223,Hopkins,Hopkins County,15,345.0,0.33333333333333337
48015,Austin,Austin County,11,138.0,0.18181818181818177
48059,Callahan,Callahan County,18,345.0,0.16666666666666663
48073,Cherokee,Cherokee County,21,345.0,0.33333333333333337
48499,Wood,Wood County,21,138.0,0.38095238095238093
48333,Mills,Mills County,5,345.0,0.0
48083,Coleman,Coleman County,8,138.0,0.0
48317,Martin,Martin County,24,345.0,0.125
48051,Burleson,Burleson County,5,138.0,0.0
48469,Victoria,Victoria County,34,138.0,0.05882352941176472
48399,Runnels,Runnels County,6,138.0,0.0
48379,Rains,Rains County,3,138.0,0.0
48065,Carson,Carson County,23,345.0,0.0
48047,Brooks,Brooks County,2,138.0,0.0
48243,Jeff Davis,Jeff Davis County,3,69.0,0.0
49035,Salt Lake,Salt Lake County,215,345.0,0.6093023255813954
26137,Otsego,Otsego County,20,345.0,0.050000000000000044
26129,Ogemaw,Ogemaw County,11,345.0,0.0
27145,Stearns,Stearns County,50,345.0,0.42000000000000004
27127,Redwood,Redwood County,20,115.0,0.15000000000000002
27113,Pennington,Pennington County,8,115.0,0.0
28029,Copiah,Copiah County,7,115.0,0.0
28083,Leflore,Leflore County,13,115.0,0.0
28137,Tate,Tate County,3,161.0,0.0
28121,Rankin,Rankin County,24,230.0,0.0
28051,Holmes,Holmes County,6,115.0,0.0
28079,Leake,Leake County,7,161.0,0.0
28111,Perry,Perry County,9,161.0,0.0
29029,Camden,Camden County,23,161.0,0.26086956521739135
29159,Pettis,Pettis County,13,161.0,0.07692307692307687
29025,Caldwell,Caldwell County,6,69.0,0.5
30093,Silver Bow,Silver Bow County,21,230.0,0.09523809523809523
30019,Daniels,Daniels County,8,69.0,0.75
31069,Garden,Garden County,7,115.0,0.0
31159,Seward,Seward County,10,115.0,0.8
31103,Keya Paha,Keya Paha County,3,69.0,0.0
31115,Loup,Loup County,1,69.0,0.0
32001,Churchill,Churchill County,12,230.0,0.75
32015,Lander,Lander County,16,230.0,0.5
34035,Somerset,Somerset County,39,500.0,0.10256410256410253
35043,Sandoval,Sandoval County,30,345.0,0.2666666666666667
35051,Sierra,Sierra County,6,115.0,0.8333333333333334
36077,Otsego,Otsego County,26,115.0,0.6923076923076923
36053,Madison,Madison County,18,115.0,0.33333333333333337
36017,Chenango,Chenango County,19,115.0,0.7894736842105263
37023,Burke,Burke County,52,230.0,0.038461538461538436
37101,Johnston,Johnston County,27,230.0,0.2592592592592593
37093,Hoke,Hoke County,11,230.0,0.0
37125,Moore,Moore County,14,230.0,0.0
37127,Nash,Nash County,25,230.0,0.0
37087,Haywood,Haywood County,15,161.0,0.1333333333333333
37021,Buncombe,Buncombe County,37,230.0,0.08108108108108103
37163,Sampson,Sampson County,20,230.0,0.050000000000000044
37177,Tyrrell,Tyrrell County,2,115.0,0.0
38055,McLean,McLean County,37,400.0,0.8378378378378378
38005,Benson,Benson County,18,115.0,0.9444444444444444
38091,Steele,Steele County,9,230.0,0.4444444444444444
39033,Crawford,Crawford County,21,69.0,0.5714285714285714
40117,Pawnee,Pawnee County,9,138.0,0.11111111111111116
40125,Pottawatomie,Pottawatomie County,34,138.0,0.47058823529411764
40087,McClain,McClain County,13,138.0,0.15384615384615385
40137,Stephens,Stephens County,31,345.0,0.29032258064516125
40011,Blaine,Blaine County,17,345.0,0.47058823529411764
41005,Clackamas,Clackamas County,48,500.0,0.5625
41061,Union,Union County,14,230.0,0.5
13265,Taliaferro,Taliaferro County,3,46.0,0.0
42091,Montgomery,Montgomery County,88,500.0,0.5454545454545454
42043,Dauphin,Dauphin County,53,500.0,0.05660377358490565
42097,Northumberland,Northumberland County,17,230.0,0.0
01101,Montgomery,Montgomery County,68,500.0,0.07352941176470584
21003,Allen,Allen County,4,161.0,0.0
01001,Autauga,Autauga County,24,500.0,0.0
21133,Letcher,Letcher County,10,138.0,0.30000000000000004
21035,Calloway,Calloway County,9,161.0,0.2222222222222222
22109,Terrebonne,Terrebonne Parish,23,230.0,0.26086956521739135
22085,Sabine,Sabine Parish,11,230.0,0.09090909090909094
23031,York,York County,47,345.0,0.25531914893617025
24009,Calvert,Calvert County,18,500.0,0.7777777777777778
24043,Washington,Washington County,36,230.0,0.8055555555555556
25023,Plymouth,Plymouth County,58,345.0,0.24137931034482762
25011,Franklin,Franklin County,19,345.0,0.1578947368421053
26089,Leelanau,Leelanau County,13,138.0,0.0
26083,Keweenaw,Keweenaw County,1,69.0,0.0
26047,Emmet,Emmet County,26,138.0,0.15384615384615385
26099,Macomb,Macomb County,94,345.0,0.07446808510638303
27069,Kittson,Kittson County,19,115.0,0.368421052631579
28009,Benton,Benton County,3,500.0,0.0
29087,Holt,Holt County,9,345.0,0.2222222222222222
29157,Perry,Perry County,13,161.0,0.8461538461538461
30009,Carbon,Carbon County,25,230.0,0.24
31061,Franklin,Franklin County,7,345.0,0.8571428571428572
34011,Cumberland,Cumberland County,28,230.0,0.1071428571428571
34025,Monmouth,Monmouth County,109,500.0,0.05504587155963303
34021,Mercer,Mercer County,48,500.0,0.125
35039,Rio Arriba,Rio Arriba County,22,345.0,0.7727272727272727
36061,New York,New York County,40,345.0,0.7
36081,Queens,Queens County,88,345.0,0.3977272727272727
36009,Cattaraugus,Cattaraugus County,34,345.0,0.6470588235294117
36115,Washington,Washington County,21,115.0,0.6190476190476191
36031,Essex,Essex County,18,115.0,0.33333333333333337
37039,Cherokee,Cherokee County,10,161.0,0.19999999999999996
37091,Hertford,Hertford County,9,230.0,0.0
37121,Mitchell,Mitchell County,3,115.0,0.33333333333333337
38105,Williams,Williams County,75,345.0,0.22666666666666668
39039,Defiance,Defiance County,20,138.0,0.09999999999999998
39035,Cuyahoga,Cuyahoga County,183,345.0,0.46448087431693985
40095,Marshall,Marshall County,8,138.0,0.375
42049,Erie,Erie County,61,345.0,0.5737704918032787
44005,Newport,Newport County,15,115.0,0.06666666666666665
45029,Colleton,Colleton County,25,230.0,0.040000000000000036
45073,Oconee,Oconee County,58,500.0,0.017241379310344862
47111,Macon,Macon County,4,161.0,0.0
47183,Weakley,Weakley County,14,500.0,0.0
48007,Aransas,Aransas County,4,138.0,0.0
48409,San Patricio,San Patricio County,47,345.0,0.0
48141,El Paso,El Paso County,79,345.0,0.16455696202531644
48321,Matagorda,Matagorda County,34,345.0,0.05882352941176472
48377,Presidio,Presidio County,10,138.0,0.0
49019,Grand,Grand County,9,138.0,0.8888888888888888
49005,Cache,Cache County,27,138.0,0.5925925925925926
50009,Essex,Essex County,5,46.0,0.4
51185,Tazewell,Tazewell County,13,138.0,0.0
51195,Wise,Wise County,23,161.0,0.13043478260869568
51027,Buchanan,Buchanan County,30,138.0,0.0
53009,Clallam,Clallam County,33,230.0,0.1515151515151515
53047,Okanogan,Okanogan County,21,230.0,0.5238095238095238
17043,DuPage,DuPage County,79,345.0,0.3291139240506329
17049,Effingham,Effingham County,27,138.0,0.9259259259259259
55029,Door,Door County,12,138.0,0.33333333333333337
06099,Stanislaus,Stanislaus County,75,230.0,0.84
56045,Weston,Weston County,15,230.0,0.33333333333333337
05069,Jefferson,Jefferson County,28,500.0,0.0714285714285714
05057,Hempstead,Hempstead County,12,345.0,0.0
05025,Cleveland,Cleveland County,5,115.0,0.0
05147,Woodruff,Woodruff County,8,161.0,0.125
06105,Trinity,Trinity County,15,230.0,0.6
08059,Jefferson,Jefferson County,36,230.0,0.16666666666666663
08117,Summit,Summit County,11,230.0,0.2727272727272727
08109,Saguache,Saguache County,9,115.0,0.11111111111111116
08065,Lake,Lake County,8,230.0,0.25
08027,Custer,Custer County,3,115.0,0.33333333333333337
12069,Lake,Lake County,50,230.0,0.0
12083,Marion,Marion County,60,230.0,0.0
49015,Emery,Emery County,17,345.0,0.7058823529411764
51179,Stafford,Stafford County,8,230.0,0.0
51031,Campbell,Campbell County,22,765.0,0.0
51139,Page,Page County,7,138.0,0.0
51127,New Kent,New Kent County,4,230.0,0.25
51111,Lunenburg,Lunenburg County,6,115.0,0.0
51161,Roanoke,Roanoke County,16,345.0,0.0
51007,Amelia,Amelia County,3,115.0,0.0
51167,Russell,Russell County,8,138.0,0.0
51047,Culpeper,Culpeper County,8,115.0,0.125
51159,Richmond,Richmond County,9,230.0,0.2222222222222222
51053,Dinwiddie,Dinwiddie County,8,500.0,0.0
51097,King and Queen,King and Queen County,2,230.0,0.5
51610,Falls Church,Falls Church city,0,,
51113,Madison,Madison County,3,115.0,0.0
51580,Covington,Covington city,4,138.0,0.0
53037,Kittitas,Kittitas County,27,500.0,0.4444444444444444
53007,Chelan,Chelan County,43,115.0,0.9767441860465116
54085,Ritchie,Ritchie County,2,,1.0
54019,Fayette,Fayette County,27,138.0,0.2592592592592593
54083,Randolph,Randolph County,7,138.0,0.5714285714285714
54093,Tucker,Tucker County,6,138.0,0.33333333333333337
54007,Braxton,Braxton County,5,138.0,0.4
54021,Gilmer,Gilmer County,3,138.0,0.33333333333333337
55057,Juneau,Juneau County,20,138.0,0.15000000000000002
55107,Rusk,Rusk County,13,161.0,0.23076923076923073
56013,Fremont,Fremont County,41,230.0,0.6341463414634146
56003,Big Horn,Big Horn County,14,230.0,0.9285714285714286
56025,Natrona,Natrona County,41,230.0,0.7804878048780488
01097,Mobile,Mobile County,104,230.0,0.09615384615384615
01129,Washington,Washington County,20,230.0,0.09999999999999998
01107,Pickens,Pickens County,11,115.0,0.09090909090909094
01073,Jefferson,Jefferson County,214,500.0,0.051401869158878455
04015,Mohave,Mohave County,89,345.0,0.0898876404494382
05073,Lafayette,Lafayette County,7,115.0,0.0
06071,San Bernardino,San Bernardino County,209,500.0,0.430622009569378
06001,Alameda,Alameda County,109,500.0,0.5596330275229358
06051,Mono,Mono County,12,230.0,0.75
09180,Southeastern Connecticut,Southeastern Connecticut Planning Region,49,345.0,0.44897959183673475
12127,Volusia,Volusia County,54,500.0,0.0
12031,Duval,Duval County,106,500.0,0.21698113207547165
13245,Richmond,Richmond County,54,230.0,0.0
13213,Murray,Murray County,12,500.0,0.0
16087,Washington,Washington County,6,230.0,0.5
04025,Yavapai,Yavapai County,56,500.0,0.2321428571428571
17003,Alexander,Alexander County,10,69.0,0.7
18147,Spencer,Spencer County,19,765.0,0.0
18083,Knox,Knox County,31,345.0,0.032258064516129004
19051,Davis,Davis County,9,69.0,0.11111111111111116
18051,Gibson,Gibson County,30,345.0,0.06666666666666665
51067,Franklin,Franklin County,10,138.0,0.0
51149,Prince George,Prince George County,12,230.0,0.0
51061,Fauquier,Fauquier County,19,500.0,0.26315789473684215
51017,Bath,Bath County,5,46.0,0.0
51033,Caroline,Caroline County,16,500.0,0.0
54033,Harrison,Harrison County,18,500.0,0.5555555555555556
54067,Nicholas,Nicholas County,12,138.0,0.16666666666666663
54017,Doddridge,Doddridge County,8,500.0,0.0
54013,Calhoun,Calhoun County,1,138.0,0.0
56035,Sublette,Sublette County,8,230.0,0.625
48269,King,King County,3,69.0,0.33333333333333337
12053,Hernando,Hernando County,26,500.0,0.0
12047,Hamilton,Hamilton County,17,230.0,0.0
13251,Screven,Screven County,8,115.0,0.0
13313,Whitfield,Whitfield County,46,230.0,0.0
16007,Bear Lake,Bear Lake County,6,138.0,0.8333333333333334
16049,Idaho,Idaho County,6,115.0,0.0
05003,Ashley,Ashley County,11,115.0,0.18181818181818177
06053,Monterey,Monterey County,42,500.0,0.6904761904761905
06027,Inyo,Inyo County,44,230.0,0.7954545454545454
06085,Santa Clara,Santa Clara County,112,500.0,0.4553571428571429
06023,Humboldt,Humboldt County,32,115.0,0.875
08023,Costilla,Costilla County,2,69.0,0.0
08057,Jackson,Jackson County,3,230.0,0.0
08033,Dolores,Dolores County,6,115.0,0.5
37055,Dare,Dare County,12,230.0,0.16666666666666663
37015,Bertie,Bertie County,7,230.0,0.1428571428571429
39095,Lucas,Lucas County,74,345.0,0.32432432432432434
39125,Paulding,Paulding County,20,138.0,0.0
42125,Washington,Washington County,53,138.0,0.49056603773584906
42045,Delaware,Delaware County,57,230.0,0.2807017543859649
42127,Wayne,Wayne County,14,230.0,0.1428571428571429
42095,Northampton,Northampton County,87,500.0,0.4137931034482759
45053,Jasper,Jasper County,18,230.0,0.05555555555555558
45065,McCormick,McCormick County,15,115.0,0.0
46023,Charles Mix,Charles Mix County,14,230.0,0.0
47157,Shelby,Shelby County,85,500.0,0.05882352941176472
48245,Jefferson,Jefferson County,128,238.0,0.3671875
48067,Cass,Cass County,18,138.0,0.4444444444444444
49025,Kane,Kane County,11,138.0,0.0
49003,Box Elder,Box Elder County,41,345.0,0.19512195121951215
51141,Patrick,Patrick County,3,69.0,0.0
18167,Vigo,Vigo County,48,345.0,0.22916666666666663
13001,Appling,Appling County,12,500.0,0.16666666666666663
13113,Fayette,Fayette County,15,230.0,0.0
13021,Bibb,Bibb County,33,230.0,0.0
13219,Oconee,Oconee County,5,230.0,0.19999999999999996
13311,White,White County,8,115.0,0.0
13027,Brooks,Brooks County,10,230.0,0.0
13183,Long,Long County,6,115.0,0.0
13141,Hancock,Hancock County,6,115.0,0.0
16005,Bannock,Bannock County,16,345.0,0.4375
16061,Lewis,Lewis County,3,115.0,0.33333333333333337
17129,Menard,Menard County,8,138.0,0.75
17175,Stark,Stark County,4,138.0,0.5
19025,Calhoun,Calhoun County,9,69.0,0.33333333333333337
19125,Marion,Marion County,14,,1.0
20001,Allen,Allen County,18,161.0,0.2777777777777778
20135,Ness,Ness County,8,230.0,0.5
21151,Madison,Madison County,29,161.0,0.0
21029,Bullitt,Bullitt County,20,345.0,0.19999999999999996
21217,Taylor,Taylor County,8,161.0,0.0
21025,Breathitt,Breathitt County,5,138.0,0.19999999999999996
21097,Harrison,Harrison County,8,138.0,0.0
21017,Bourbon,Bourbon County,10,138.0,0.19999999999999996
21109,Jackson,Jackson County,7,161.0,0.0
21165,Menifee,Menifee County,2,69.0,0.0
22009,Avoyelles,Avoyelles Parish,18,138.0,0.05555555555555558
22005,Ascension,Ascension Parish,31,230.0,0.09677419354838712
22127,Winn,Winn Parish,8,230.0,0.0
23007,Franklin,Franklin County,13,115.0,0.3846153846153846
25015,Hampshire,Hampshire County,14,115.0,0.0714285714285714
26119,Montmorency,Montmorency County,6,138.0,0.0
27053,Hennepin,Hennepin County,70,345.0,0.34285714285714286
27165,Watonwan,Watonwan County,18,345.0,0.11111111111111116
28163,Yazoo,Yazoo County,17,230.0,0.0
28089,Madison,Madison County,18,230.0,0.11111111111111116
29019,Boone,Boone County,27,161.0,0.5185185185185186
29063,DeKalb,DeKalb County,16,345.0,0.375
29195,Saline,Saline County,13,161.0,0.23076923076923073
30055,McCone,McCone County,7,230.0,0.5714285714285714
30047,Lake,Lake County,16,115.0,0.125
30013,Cascade,Cascade County,36,230.0,0.19444444444444442
30015,Chouteau,Chouteau County,16,161.0,0.0625
30069,Petroleum,Petroleum County,4,69.0,0.0
31183,Wheeler,Wheeler County,4,69.0,0.25
35021,Harding,Harding County,3,115.0,0.0
36067,Onondaga,Onondaga County,113,345.0,0.2566371681415929
37057,Davidson,Davidson County,65,100.0,0.09230769230769231
37141,Pender,Pender County,16,230.0,0.0625
37167,Stanly,Stanly County,25,230.0,0.07999999999999996
37123,Montgomery,Montgomery County,15,230.0,0.0
37017,Bladen,Bladen County,25,230.0,0.0
37111,McDowell,McDowell County,27,230.0,0.0
38059,Morton,Morton County,37,230.0,0.08108108108108103
39021,Champaign,Champaign County,10,138.0,0.7
41023,Grant,Grant County,5,138.0,0.8
41013,Crook,Crook County,21,500.0,0.23809523809523814
42089,Monroe,Monroe County,32,230.0,0.0625
42031,Clarion,Clarion County,13,138.0,0.5384615384615384
42005,Armstrong,Armstrong County,26,500.0,0.34615384615384615
42067,Juniata,Juniata County,9,115.0,0.11111111111111116
45041,Florence,Florence County,43,230.0,0.11627906976744184
45071,Newberry,Newberry County,32,230.0,0.0625
45009,Bamberg,Bamberg County,13,115.0,0.0
45005,Allendale,Allendale County,18,115.0,0.05555555555555558
47185,White,White County,3,161.0,0.0
47145,Roane,Roane County,15,500.0,0.06666666666666665
47089,Jefferson,Jefferson County,12,161.0,0.08333333333333337
47057,Grainger,Grainger County,4,161.0,0.0
48395,Robertson,Robertson County,20,345.0,0.0
48225,Houston,Houston County,12,345.0,0.08333333333333337
48373,Polk,Polk County,18,138.0,0.11111111111111116
48491,Williamson,Williamson County,47,345.0,0.1063829787234043
48411,San Saba,San Saba County,6,138.0,0.0
48503,Young,Young County,17,345.0,0.23529411764705888
48419,Shelby,Shelby County,11,138.0,0.36363636363636365
48457,Tyler,Tyler County,7,138.0,0.4285714285714286
48241,Jasper,Jasper County,20,138.0,0.19999999999999996
48089,Colorado,Colorado County,29,138.0,0.03448275862068961
48025,Bee,Bee County,16,345.0,0.0
48313,Madison,Madison County,3,138.0,0.0
48109,Culberson,Culberson County,27,138.0,0.07407407407407407
48327,Menard,Menard County,2,138.0,0.0
49055,Wayne,Wayne County,4,,1.0
51157,Rappahannock,Rappahannock County,2,138.0,0.0
51177,Spotsylvania,Spotsylvania County,13,500.0,0.0
05095,Monroe,Monroe County,5,230.0,0.0
08043,Fremont,Fremont County,13,230.0,0.3076923076923077
08015,Chaffee,Chaffee County,8,230.0,0.125
08051,Gunnison,Gunnison County,13,115.0,0.6153846153846154
12117,Seminole,Seminole County,28,230.0,0.0
12121,Suwannee,Suwannee County,21,230.0,0.09523809523809523
13229,Pierce,Pierce County,8,230.0,0.0
13033,Burke,Burke County,19,500.0,0.1578947368421053
46117,Stanley,Stanley County,3,115.0,0.33333333333333337
47053,Gibson,Gibson County,19,161.0,0.0
47159,Smith,Smith County,6,161.0,0.0
47143,Rhea,Rhea County,9,500.0,0.2222222222222222
47063,Hamblen,Hamblen County,16,161.0,0.0
47117,Marshall,Marshall County,8,161.0,0.0
48401,Rusk,Rusk County,24,345.0,0.25
48041,Brazos,Brazos County,41,345.0,0.09756097560975607
48119,Delta,Delta County,4,138.0,0.0
48219,Hockley,Hockley County,35,230.0,0.17142857142857137
48407,San Jacinto,San Jacinto County,8,138.0,0.125
48467,Van Zandt,Van Zandt County,25,138.0,0.19999999999999996
48161,Freestone,Freestone County,21,345.0,0.2857142857142857
48405,San Augustine,San Augustine County,4,138.0,0.25
48345,Motley,Motley County,4,69.0,0.0
49049,Utah,Utah County,102,345.0,0.2549019607843137
27129,Renville,Renville County,27,345.0,0.40740740740740744
27021,Cass,Cass County,27,230.0,0.37037037037037035
27103,Nicollet,Nicollet County,14,115.0,0.7142857142857143
28049,Hinds,Hinds County,39,500.0,0.02564102564102566
28007,Attala,Attala County,6,500.0,0.16666666666666663
28013,Calhoun,Calhoun County,5,161.0,0.0
29085,Hickory,Hickory County,4,69.0,0.25
30087,Rosebud,Rosebud County,27,500.0,0.18518518518518523
30033,Garfield,Garfield County,2,,1.0
31155,Saunders,Saunders County,9,161.0,0.4444444444444444
32011,Eureka,Eureka County,17,345.0,0.8235294117647058
36043,Herkimer,Herkimer County,35,115.0,0.4571428571428572
38071,Ramsey,Ramsey County,23,230.0,0.7391304347826086
39079,Jackson,Jackson County,12,138.0,0.25
40145,Wagoner,Wagoner County,19,345.0,0.10526315789473684
40043,Dewey,Dewey County,15,345.0,0.0
41043,Linn,Linn County,33,1100.0,0.6666666666666667
42071,Lancaster,Lancaster County,85,500.0,0.05882352941176472
42033,Clearfield,Clearfield County,17,230.0,0.47058823529411764
42113,Sullivan,Sullivan County,6,50.0,0.8333333333333334
51036,Charles City,Charles City County,2,500.0,0.0
51029,Buckingham,Buckingham County,5,230.0,0.0
53043,Lincoln,Lincoln County,23,115.0,0.782608695652174
54081,Raleigh,Raleigh County,39,138.0,0.0
54039,Kanawha,Kanawha County,61,345.0,0.5245901639344263
54087,Roane,Roane County,3,138.0,0.0
55001,Adams,Adams County,19,138.0,0.10526315789473684
01023,Choctaw,Choctaw County,16,115.0,0.0
06091,Sierra,Sierra County,11,345.0,0.4545454545454546
09170,South Central Connecticut,South Central Connecticut Planning Region,40,345.0,0.09999999999999998
16031,Cassia,Cassia County,27,138.0,0.5925925925925926
01047,Dallas,Dallas County,25,230.0,0.0
21127,Lawrence,Lawrence County,7,765.0,0.0
22111,Union,Union Parish,10,115.0,0.19999999999999996
24001,Allegany,Allegany County,24,500.0,0.6666666666666667
26029,Charlevoix,Charlevoix County,21,138.0,0.04761904761904767
29201,Scott,Scott County,13,345.0,0.3846153846153846
35017,Grant,Grant County,24,115.0,0.7083333333333333
38085,Sioux,Sioux County,6,69.0,0.16666666666666663
40147,Washington,Washington County,12,161.0,0.08333333333333337
45083,Spartanburg,Spartanburg County,119,230.0,0.09243697478991597
48427,Starr,Starr County,23,345.0,0.04347826086956519
48361,Orange,Orange County,41,230.0,0.29268292682926833
19111,Lee,Lee County,25,161.0,0.16000000000000003
01109,Pike,Pike County,20,230.0,0.050000000000000044
21139,Livingston,Livingston County,11,161.0,0.0
21027,Breckinridge,Breckinridge County,12,161.0,0.0
21159,Martin,Martin County,7,138.0,0.4285714285714286
21235,Whitley,Whitley County,18,161.0,0.16666666666666663
21055,Crittenden,Crittenden County,10,161.0,0.0
22125,West Feliciana,West Feliciana Parish,11,500.0,0.09090909090909094
24019,Dorchester,Dorchester County,12,230.0,0.0
24023,Garrett,Garrett County,14,138.0,0.4285714285714286
24033,Prince George's,Prince George's County,84,500.0,0.6428571428571428
24011,Caroline,Caroline County,11,230.0,0.4545454545454546
26115,Monroe,Monroe County,52,345.0,0.038461538461538436
27043,Faribault,Faribault County,19,345.0,0.21052631578947367
28055,Issaquena,Issaquena County,1,115.0,0.0
29013,Bates,Bates County,6,161.0,0.33333333333333337
29095,Jackson,Jackson County,79,345.0,0.03797468354430378
29197,Schuyler,Schuyler County,4,345.0,0.25
30061,Mineral,Mineral County,9,500.0,0.2222222222222222
34033,Salem,Salem County,15,500.0,0.06666666666666665
34041,Warren,Warren County,39,230.0,0.02564102564102566
34003,Bergen,Bergen County,57,345.0,0.1578947368421053
34031,Passaic,Passaic County,35,230.0,0.1428571428571429
35007,Colfax,Colfax County,21,230.0,0.2857142857142857
36119,Westchester,Westchester County,36,345.0,0.13888888888888884
36075,Oswego,Oswego County,45,345.0,0.28888888888888886
13237,Putnam,Putnam County,10,230.0,0.0
13319,Wilkinson,Wilkinson County,10,230.0,0.0
13209,Montgomery,Montgomery County,5,115.0,0.0
16039,Elmore,Elmore County,26,230.0,0.3076923076923077
19107,Keokuk,Keokuk County,9,69.0,0.0
20149,Pottawatomie,Pottawatomie County,10,345.0,0.7
20163,Rooks,Rooks County,4,115.0,0.75
21119,Knott,Knott County,6,138.0,0.0
21005,Anderson,Anderson County,8,69.0,0.25
21125,Laurel,Laurel County,20,161.0,0.0
21007,Ballard,Ballard County,7,161.0,0.0
22013,Bienville,Bienville Parish,5,161.0,0.0
22101,St. Mary,St. Mary Parish,39,230.0,0.10256410256410253
22055,Lafayette,Lafayette Parish,38,230.0,0.02631578947368418
22063,Livingston,Livingston Parish,24,500.0,0.08333333333333337
22077,Pointe Coupee,Pointe Coupee Parish,13,500.0,0.23076923076923073
22091,St. Helena,St. Helena Parish,5,69.0,0.0
53057,Skagit,Skagit County,30,230.0,0.09999999999999998
53031,Jefferson,Jefferson County,13,230.0,0.15384615384615385
53049,Pacific,Pacific County,13,115.0,0.15384615384615385
53033,King,King County,209,500.0,0.8421052631578947
53061,Snohomish,Snohomish County,96,500.0,0.7708333333333334
54071,Pendleton,Pendleton County,3,138.0,0.33333333333333337
55051,Iron,Iron County,8,115.0,0.0
06039,Madera,Madera County,31,230.0,0.4193548387096774
06077,San Joaquin,San Joaquin County,66,230.0,0.7121212121212122
06019,Fresno,Fresno County,118,500.0,0.5932203389830508
05001,Arkansas,Arkansas County,15,230.0,0.0
05067,Jackson,Jackson County,11,161.0,0.0
05029,Conway,Conway County,10,500.0,0.0
05075,Lawrence,Lawrence County,8,161.0,0.125
22113,Vermilion,Vermilion Parish,26,138.0,0.3076923076923077
24045,Wicomico,Wicomico County,14,230.0,0.0714285714285714
26033,Chippewa,Chippewa County,30,115.0,0.19999999999999996
27075,Lake,Lake County,8,115.0,0.25
30053,Lincoln,Lincoln County,12,230.0,0.0
37047,Columbus,Columbus County,26,230.0,0.0
38077,Richland,Richland County,33,230.0,0.2727272727272727
45019,Charleston,Charleston County,68,230.0,0.05882352941176472
47147,Robertson,Robertson County,14,161.0,0.0
48201,Harris,Harris County,295,345.0,0.2779661016949152
48403,Sabine,Sabine County,9,138.0,0.5555555555555556
51099,King George,King George County,5,230.0,0.19999999999999996
54057,Mineral,Mineral County,13,138.0,0.3076923076923077
05109,Pike,Pike County,10,138.0,0.09999999999999998
12049,Hardee,Hardee County,30,230.0,0.0
17187,Warren,Warren County,8,69.0,0.25
22097,St. Landry,St. Landry Parish,40,500.0,0.050000000000000044
30063,Missoula,Missoula County,21,230.0,0.04761904761904767
30051,Liberty,Liberty County,6,115.0,0.16666666666666663
38037,Grant,Grant County,14,115.0,0.0
39101,Marion,Marion County,37,138.0,0.05405405405405406
45035,Dorchester,Dorchester County,38,230.0,0.02631578947368418
47173,Union,Union County,3,69.0,0.0
48349,Navarro,Navarro County,38,345.0,0.0
48069,Castro,Castro County,20,345.0,0.5
51041,Chesterfield,Chesterfield County,33,500.0,0.06060606060606055
31091,Hooker,Hooker County,1,69.0,0.0
16003,Adams,Adams County,7,138.0,0.7142857142857143
01049,DeKalb,DeKalb County,19,161.0,0.0
06111,Ventura,Ventura County,40,220.0,0.5
06093,Siskiyou,Siskiyou County,37,115.0,0.9459459459459459
09130,Lower Connecticut River Valley,Lower Connecticut River Valley Planning Region,20,345.0,0.35
37075,Graham,Graham County,3,161.0,0.0
38097,Traill,Traill County,12,115.0,0.16666666666666663
40013,Bryan,Bryan County,21,138.0,0.1428571428571429
41019,Douglas,Douglas County,50,500.0,0.72
44009,Washington,Washington County,29,115.0,0.06896551724137934
47165,Sumner,Sumner County,27,161.0,0.0
48273,Kleberg,Kleberg County,7,138.0,0.0
51119,Middlesex,Middlesex County,3,230.0,0.0
01115,St. Clair,St. Clair County,26,115.0,0.038461538461538436
20033,Comanche,Comanche County,5,,1.0
22107,Tensas,Tensas Parish,2,13.8,0.5
24031,Montgomery,Montgomery County,65,500.0,0.8153846153846154
26013,Baraga,Baraga County,6,138.0,0.0
27163,Washington,Washington County,16,345.0,0.5625
28109,Pearl River,Pearl River County,15,230.0,0.0
32031,Washoe,Washoe County,54,345.0,0.7407407407407407
34019,Hunterdon,Hunterdon County,45,230.0,0.0444444444444444
36071,Orange,Orange County,50,345.0,0.16000000000000003
51165,Rockingham,Rockingham County,20,230.0,0.09999999999999998
08093,Park,Park County,9,230.0,0.11111111111111116
12105,Polk,Polk County,151,500.0,0.0066225165562914245
13217,Newton,Newton County,40,230.0,0.025000000000000022
17171,Scott,Scott County,12,138.0,0.6666666666666667
21051,Clay,Clay County,9,161.0,0.0
21131,Leslie,Leslie County,3,161.0,0.33333333333333337
22053,Jefferson Davis,Jefferson Davis Parish,21,138.0,0.09523809523809523
27139,Scott,Scott County,26,345.0,0.3076923076923077
28131,Stone,Stone County,8,115.0,0.0
30049,Lewis and Clark,Lewis and Clark County,16,100.0,0.375
30073,Pondera,Pondera County,12,230.0,0.08333333333333337
31171,Thomas,Thomas County,3,115.0,0.0
36091,Saratoga,Saratoga County,57,115.0,0.42105263157894735
37079,Greene,Greene County,8,115.0,0.0
42099,Perry,Perry County,9,500.0,0.11111111111111116
48459,Upshur,Upshur County,11,138.0,0.4545454545454546
48381,Randall,Randall County,25,345.0,0.12
48343,Morris,Morris County,12,138.0,0.33333333333333337
48301,Loving,Loving County,22,345.0,0.2727272727272727
51081,Greensville,Greensville County,17,500.0,0.11764705882352944
51145,Powhatan,Powhatan County,5,230.0,0.0
12091,Okaloosa,Okaloosa County,36,230.0,0.0
16043,Fremont,Fremont County,18,161.0,0.8333333333333334
05081,Little River,Little River County,14,138.0,0.0
06045,Mendocino,Mendocino County,20,115.0,0.95
37155,Robeson,Robeson County,33,230.0,0.030303030303030276
37175,Transylvania,Transylvania County,13,230.0,0.15384615384615385
40135,Sequoyah,Sequoyah County,20,161.0,0.30000000000000004
41033,Josephine,Josephine County,13,230.0,0.7692307692307692
42059,Greene,Greene County,31,500.0,0.6129032258064516
45021,Cherokee,Cherokee County,49,230.0,0.020408163265306145
47151,Scott,Scott County,5,161.0,0.19999999999999996
48261,Kenedy,Kenedy County,9,345.0,0.0
49043,Summit,Summit County,9,138.0,0.5555555555555556
51117,Mecklenburg,Mecklenburg County,25,115.0,0.0
20023,Cheyenne,Cheyenne County,5,115.0,0.6
21059,Daviess,Daviess County,31,345.0,0.06451612903225812
22119,Webster,Webster Parish,15,115.0,0.1333333333333333
24017,Charles,Charles County,29,230.0,0.896551724137931
25025,Suffolk,Suffolk County,24,345.0,0.125
27073,Lac qui Parle,Lac qui Parle County,12,230.0,0.08333333333333337
29099,Jefferson,Jefferson County,40,345.0,0.775
30029,Flathead,Flathead County,31,230.0,0.032258064516129004
32003,Clark,Clark County,259,500.0,0.1428571428571429
34001,Atlantic,Atlantic County,23,230.0,0.08695652173913049
36063,Niagara,Niagara County,72,345.0,0.33333333333333337
13163,Jefferson,Jefferson County,14,500.0,0.0
13309,Wheeler,Wheeler County,3,115.0,0.0
21067,Fayette,Fayette County,50,345.0,0.06000000000000005
21203,Rockcastle,Rockcastle County,9,69.0,0.0
21123,Larue,Larue County,4,69.0,0.0
22047,Iberville,Iberville Parish,35,500.0,0.08571428571428574
51175,Southampton,Southampton County,13,115.0,0.23076923076923073
51069,Frederick,Frederick County,21,500.0,0.1428571428571429
53027,Grays Harbor,Grays Harbor County,36,500.0,0.2222222222222222
17027,Clinton,Clinton County,20,138.0,0.85
55003,Ashland,Ashland County,12,161.0,0.0
05039,Dallas,Dallas County,4,115.0,0.0
06021,Glenn,Glenn County,12,230.0,0.8333333333333334
45059,Laurens,Laurens County,39,100.0,0.07692307692307687
46095,Mellette,Mellette County,2,34.5,0.5
46073,Jerauld,Jerauld County,6,230.0,0.0
47119,Maury,Maury County,29,500.0,0.0
47129,Morgan,Morgan County,7,161.0,0.0
47097,Lauderdale,Lauderdale County,9,161.0,0.0
48035,Bosque,Bosque County,20,345.0,0.09999999999999998
48091,Comal,Comal County,24,345.0,0.04166666666666663
48239,Jackson,Jackson County,18,138.0,0.0
48105,Crockett,Crockett County,23,345.0,0.04347826086956519
48175,Goliad,Goliad County,9,345.0,0.11111111111111116
29027,Callaway,Callaway County,22,345.0,0.13636363636363635
30099,Teton,Teton County,15,230.0,0.0
34013,Essex,Essex County,54,500.0,0.20370370370370372
36065,Oneida,Oneida County,55,765.0,0.2727272727272727
37147,Pitt,Pitt County,33,230.0,0.06060606060606055
39055,Geauga,Geauga County,15,138.0,0.8
40101,Muskogee,Muskogee County,33,345.0,0.18181818181818177
41003,Benton,Benton County,21,115.0,0.7619047619047619
51023,Botetourt,Botetourt County,19,765.0,0.052631578947368474
51125,Nelson,Nelson County,11,138.0,0.0
51101,King William,King William County,4,230.0,0.0
53005,Benton,Benton County,70,500.0,0.3857142857142857
54025,Greenbrier,Greenbrier County,13,138.0,0.5384615384615384
01071,Jackson,Jackson County,28,161.0,0.1428571428571429
06015,Del Norte,Del Norte County,11,115.0,0.0
06025,Imperial,Imperial County,137,500.0,0.25547445255474455
08083,Montezuma,Montezuma County,28,230.0,0.3214285714285714
12089,Nassau,Nassau County,12,230.0,0.08333333333333337
21089,Greenup,Greenup County,18,138.0,0.7222222222222222
40133,Seminole,Seminole County,20,345.0,0.44999999999999996
54043,Lincoln,Lincoln County,3,138.0,0.33333333333333337
22057,Lafourche,Lafourche Parish,13,230.0,0.3076923076923077
29069,Dunklin,Dunklin County,18,345.0,0.33333333333333337
36029,Erie,Erie County,141,345.0,0.36170212765957444
13269,Taylor,Taylor County,14,230.0,0.0
18183,Whitley,Whitley County,24,345.0,0.16666666666666663
08115,Sedgwick,Sedgwick County,7,115.0,0.8571428571428572
13191,McIntosh,McIntosh County,3,115.0,0.0
13241,Rabun,Rabun County,11,115.0,0.0
24003,Anne Arundel,Anne Arundel County,62,500.0,0.4838709677419355
26003,Alger,Alger County,7,138.0,0.0
34005,Burlington,Burlington County,42,230.0,0.023809523809523836
38075,Renville,Renville County,9,60.0,0.33333333333333337
47155,Sevier,Sevier County,14,161.0,0.0
48391,Refugio,Refugio County,11,345.0,0.09090909090909094
51181,Surry,Surry County,9,500.0,0.0
53015,Cowlitz,Cowlitz County,48,230.0,0.10416666666666663
08101,Pueblo,Pueblo County,70,345.0,0.2571428571428571
16013,Blaine,Blaine County,8,138.0,0.125
16025,Camas,Camas County,0,,
20047,Edwards,Edwards County,5,115.0,0.6
21049,Clark,Clark County,24,345.0,0.04166666666666663
22103,St. Tammany,St. Tammany Parish,68,230.0,0.014705882352941124
29207,Stoddard,Stoddard County,13,345.0,0.15384615384615385
30045,Judith Basin,Judith Basin County,19,230.0,0.26315789473684215
37161,Rutherford,Rutherford County,41,230.0,0.024390243902439046
37083,Halifax,Halifax County,20,230.0,0.050000000000000044
42023,Cameron,Cameron County,2,,1.0
45049,Hampton,Hampton County,18,230.0,0.0
47189,Wilson,Wilson County,15,500.0,0.0
48029,Bexar,Bexar County,105,345.0,0.01904761904761909
48055,Caldwell,Caldwell County,10,345.0,0.09999999999999998
48429,Stephens,Stephens County,7,138.0,0.1428571428571429
51085,Hanover,Hanover County,15,500.0,0.06666666666666665
54031,Hardy,Hardy County,4,138.0,0.5
12039,Gadsden,Gadsden County,17,230.0,0.0
13291,Union,Union County,6,161.0,0.0
06061,Placer,Placer County,54,230.0,0.7962962962962963
37043,Clay,Clay County,2,161.0,0.0
37029,Camden,Camden County,1,115.0,0.0
39043,Erie,Erie County,47,345.0,0.19148936170212771
42101,Philadelphia,Philadelphia County,59,230.0,0.30508474576271183
46123,Tripp,Tripp County,3,115.0,0.0
48369,Parmer,Parmer County,14,345.0,0.2142857142857143
50027,Windsor,Windsor County,35,345.0,0.3142857142857143
17197,Will,Will County,80,765.0,0.2875
05061,Howard,Howard County,14,138.0,0.0
22031,De Soto,De Soto Parish,15,345.0,0.19999999999999996
23003,Aroostook,Aroostook County,51,138.0,0.33333333333333337
25013,Hampden,Hampden County,50,345.0,0.18000000000000005
27173,Yellow Medicine,Yellow Medicine County,16,345.0,0.0
29183,St. Charles,St. Charles County,43,345.0,0.5116279069767442
30035,Glacier,Glacier County,19,230.0,0.052631578947368474
33007,Coos,Coos County,23,115.0,0.5217391304347826
13271,Telfair,Telfair County,9,115.0,0.11111111111111116
16063,Lincoln,Lincoln County,5,138.0,0.6
18067,Howard,Howard County,21,765.0,0.04761904761904767
18125,Pike,Pike County,18,345.0,0.2777777777777778
21065,Estill,Estill County,7,161.0,0.0
21189,Owsley,Owsley County,2,69.0,0.0
21229,Washington,Washington County,6,69.0,0.0
22001,Acadia,Acadia Parish,37,500.0,0.10810810810810811
51199,York,York County,7,230.0,0.0
53071,Walla Walla,Walla Walla County,25,500.0,0.64
17047,Edwards,Edwards County,8,345.0,0.375
54027,Hampshire,Hampshire County,6,138.0,0.5
55007,Bayfield,Bayfield County,23,115.0,0.08695652173913049
05045,Faulkner,Faulkner County,16,500.0,0.0
08031,Denver,Denver County,29,230.0,0.1724137931034483
13077,Coweta,Coweta County,36,500.0,0.0
45047,Greenwood,Greenwood County,46,230.0,0.0
47037,Davidson,Davidson County,126,500.0,0.015873015873015928
47167,Tipton,Tipton County,11,161.0,0.0
48371,Pecos,Pecos County,77,345.0,0.051948051948051965
13221,Oglethorpe,Oglethorpe County,11,230.0,0.18181818181818177
13315,Wilcox,Wilcox County,4,230.0,0.0
18071,Jackson,Jackson County,15,161.0,0.0
19161,Sac,Sac County,17,345.0,0.05882352941176472
21239,Woodford,Woodford County,8,138.0,0.125
21231,Wayne,Wayne County,12,161.0,0.0
22079,Rapides,Rapides Parish,61,230.0,0.09836065573770492
55043,Grant,Grant County,39,345.0,0.05128205128205132
05117,Prairie,Prairie County,3,115.0,0.0
06043,Mariposa,Mariposa County,6,115.0,0.33333333333333337
12095,Orange,Orange County,101,500.0,0.04950495049504955
13135,Gwinnett,Gwinnett County,84,500.0,0.0357142857142857
46005,Beadle,Beadle County,19,345.0,0.0
46137,Ziebach,Ziebach County,4,115.0,0.0
48135,Ector,Ector County,38,345.0,0.02631578947368418
48185,Grimes,Grimes County,22,345.0,0.09090909090909094
48023,Baylor,Baylor County,13,345.0,0.0
49011,Davis,Davis County,48,345.0,0.6458333333333333
27171,Wright,Wright County,37,345.0,0.29729729729729726
28043,Grenada,Grenada County,5,161.0,0.0
29033,Carroll,Carroll County,7,161.0,0.5714285714285714
37103,Jones,Jones County,8,230.0,0.25
42051,Fayette,Fayette County,29,500.0,0.3448275862068966
22011,Beauregard,Beauregard Parish,22,138.0,0.13636363636363635
26163,Wayne,Wayne County,289,345.0,0.08304498269896199
33009,Grafton,Grafton County,37,230.0,0.45945945945945943
37095,Hyde,Hyde County,6,115.0,0.0
47163,Sullivan,Sullivan County,51,500.0,0.039215686274509776
48075,Childress,Childress County,10,345.0,0.0
51105,Lee,Lee County,12,500.0,0.08333333333333337
06055,Napa,Napa County,8,230.0,0.125
08011,Bent,Bent County,5,230.0,0.0
51009,Amherst,Amherst County,12,138.0,0.08333333333333337
51147,Prince Edward,Prince Edward County,4,230.0,0.0
54045,Logan,Logan County,21,138.0,0.04761904761904767
06083,Santa Barbara,Santa Barbara County,42,220.0,0.7380952380952381
12045,Gulf,Gulf County,5,230.0,0.0
13039,Camden,Camden County,21,230.0,0.0
53077,Yakima,Yakima County,42,230.0,0.3571428571428571
09190,Western Connecticut,Western Connecticut Planning Region,42,345.0,0.09523809523809523
45057,Lancaster,Lancaster County,33,230.0,0.030303030303030276
16083,Twin Falls,Twin Falls County,43,345.0,0.4883720930232558
19001,Adair,Adair County,16,345.0,0.0
21147,McCreary,McCreary County,7,161.0,0.0
27023,Chippewa,Chippewa County,13,230.0,0.0
30027,Fergus,Fergus County,17,100.0,0.05882352941176472
37159,Rowan,Rowan County,47,500.0,0.12765957446808507
42063,Indiana,Indiana County,21,500.0,0.1428571428571429
49029,Morgan,Morgan County,9,138.0,0.8888888888888888
47187,Williamson,Williamson County,18,161.0,0.0
48311,McMullen,McMullen County,3,345.0,0.0
30039,Granite,Granite County,2,100.0,0.0
01081,Lee,Lee County,58,230.0,0.017241379310344862
01059,Franklin,Franklin County,8,161.0,0.0
05143,Washington,Washington County,40,345.0,0.0
05089,Marion,Marion County,3,161.0,0.0
08009,Baca,Baca County,6,115.0,0.16666666666666663
08099,Prowers,Prowers County,16,345.0,0.4375
08125,Yuma,Yuma County,24,230.0,0.5416666666666667
09150,Northeastern Connecticut,Northeastern Connecticut Planning Region,13,345.0,0.46153846153846156
12015,Charlotte,Charlotte County,18,230.0,0.05555555555555558
48153,Floyd,Floyd County,23,345.0,0.782608695652174
27061,Itasca,Itasca County,37,500.0,0.45945945945945943
31179,Wayne,Wayne County,8,345.0,0.125
37115,Madison,Madison County,12,115.0,0.08333333333333337
41031,Jefferson,Jefferson County,13,500.0,0.8461538461538461
01095,Marshall,Marshall County,27,161.0,0.0
22065,Madison,Madison Parish,1,115.0,0.0
26063,Huron,Huron County,47,345.0,0.021276595744680882
37049,Craven,Craven County,18,230.0,0.11111111111111116
41065,Wasco,Wasco County,28,500.0,0.3571428571428571
48351,Newton,Newton County,15,500.0,0.1333333333333333
06109,Tuolumne,Tuolumne County,17,230.0,0.8235294117647058
12007,Bradford,Bradford County,12,230.0,0.16666666666666663
51003,Albemarle,Albemarle County,19,230.0,0.0
53021,Franklin,Franklin County,33,230.0,0.5151515151515151
12103,Pinellas,Pinellas County,60,500.0,0.050000000000000044
16027,Canyon,Canyon County,28,230.0,0.3928571428571429
08071,Las Animas,Las Animas County,23,230.0,0.3913043478260869
39061,Hamilton,Hamilton County,116,345.0,0.8706896551724138
45025,Chesterfield,Chesterfield County,23,230.0,0.0
18009,Blackford,Blackford County,5,69.0,0.0
27125,Red Lake,Red Lake County,12,69.0,0.6666666666666667
42061,Huntingdon,Huntingdon County,25,230.0,0.07999999999999996
47049,Fentress,Fentress County,2,161.0,0.0
48005,Angelina,Angelina County,16,345.0,0.0
48347,Nacogdoches,Nacogdoches County,17,138.0,0.05882352941176472
47141,Putnam,Putnam County,12,161.0,0.0
49007,Carbon,Carbon County,33,138.0,0.7272727272727273
36113,Warren,Warren County,29,115.0,0.27586206896551724
38043,Kidder,Kidder County,8,230.0,0.25
51630,Fredericksburg,Fredericksburg city,1,230.0,0.0
29227,Worth,Worth County,2,69.0,0.0
13195,Madison,Madison County,11,230.0,0.0
21069,Fleming,Fleming County,5,138.0,0.0
24027,Howard,Howard County,24,230.0,0.75
54075,Pocahontas,Pocahontas County,9,138.0,0.8888888888888888
28003,Alcorn,Alcorn County,9,161.0,0.0
12119,Sumter,Sumter County,18,500.0,0.05555555555555558
04011,Greenlee,Greenlee County,45,345.0,0.8444444444444444
04017,Navajo,Navajo County,46,500.0,0.5217391304347826
01053,Escambia,Escambia County,29,230.0,0.0
01111,Randolph,Randolph County,16,115.0,0.0
01075,Lamar,Lamar County,12,500.0,0.0
13281,Towns,Towns County,3,69.0,0.0
17069,Hardin,Hardin County,8,161.0,0.375
17067,Hancock,Hancock County,12,161.0,0.8333333333333334
17111,McHenry,McHenry County,28,345.0,0.6428571428571428
17033,Crawford,Crawford County,18,138.0,0.7222222222222222
17077,Jackson,Jackson County,31,161.0,0.6774193548387097
18163,Vanderburgh,Vanderburgh County,53,138.0,0.07547169811320753
18165,Vermillion,Vermillion County,15,345.0,0.1333333333333333
12081,Manatee,Manatee County,38,230.0,0.02631578947368418
12063,Jackson,Jackson County,17,230.0,0.0
13143,Haralson,Haralson County,21,230.0,0.0
13055,Chattooga,Chattooga County,10,115.0,0.0
13047,Catoosa,Catoosa County,10,230.0,0.0
13083,Dade,Dade County,8,230.0,0.0
13253,Seminole,Seminole County,2,115.0,0.0
20121,Miami,Miami County,13,161.0,0.3846153846153846
01125,Tuscaloosa,Tuscaloosa County,108,230.0,0.07407407407407407
20025,Clark,Clark County,10,345.0,0.6
20019,Chautauqua,Chautauqua County,4,69.0,0.25
01045,Dale,Dale County,23,230.0,0.04347826086956519
21053,Clinton,Clinton County,4,69.0,0.0
21163,Meade,Meade County,16,345.0,0.0
21161,Mason,Mason County,14,138.0,0.1428571428571429
01031,Coffee,Coffee County,18,230.0,0.0
21225,Union,Union County,20,161.0,0.15000000000000002
18077,Jefferson,Jefferson County,12,765.0,0.08333333333333337
18127,Porter,Porter County,63,345.0,0.17460317460317465
18115,Ohio,Ohio County,1,34.5,0.0
19057,Des Moines,Des Moines County,19,161.0,0.1578947368421053
19193,Woodbury,Woodbury County,35,345.0,0.08571428571428574
19167,Sioux,Sioux County,33,230.0,0.0
19131,Mitchell,Mitchell County,19,345.0,0.10526315789473684
20125,Montgomery,Montgomery County,24,138.0,0.5
20021,Cherokee,Cherokee County,15,161.0,0.7333333333333334
20107,Linn,Linn County,8,345.0,0.375
20091,Johnson,Johnson County,49,345.0,0.061224489795918324
20209,Wyandotte,Wyandotte County,32,161.0,0.125
26005,Allegan,Allegan County,54,345.0,0.01851851851851849
26009,Antrim,Antrim County,19,138.0,0.10526315789473684
26091,Lenawee,Lenawee County,50,345.0,0.07999999999999996
26001,Alcona,Alcona County,6,138.0,0.0
27049,Goodhue,Goodhue County,28,345.0,0.3571428571428571
27155,Traverse,Traverse County,7,115.0,0.4285714285714286
27071,Koochiching,Koochiching County,10,230.0,0.30000000000000004
28039,George,George County,13,230.0,0.0
28041,Greene,Greene County,11,230.0,0.0
28141,Tishomingo,Tishomingo County,9,161.0,0.0
05071,Johnson,Johnson County,11,161.0,0.09090909090909094
22027,Claiborne,Claiborne Parish,8,115.0,0.125
01011,Bullock,Bullock County,6,115.0,0.0
26097,Mackinac,Mackinac County,17,138.0,0.0
26105,Mason,Mason County,23,345.0,0.0
26021,Berrien,Berrien County,45,765.0,0.0444444444444444
26027,Cass,Cass County,28,345.0,0.0
29165,Platte,Platte County,22,345.0,0.045454545454545414
29127,Marion,Marion County,19,345.0,0.4736842105263158
29045,Clark,Clark County,4,69.0,0.5
29129,Mercer,Mercer County,4,69.0,0.25
31055,Douglas,Douglas County,50,345.0,0.18000000000000005
31021,Burt,Burt County,10,161.0,0.9
31161,Sheridan,Sheridan County,11,115.0,0.18181818181818177
31057,Dundy,Dundy County,8,,1.0
31133,Pawnee,Pawnee County,3,115.0,0.6666666666666667
31153,Sarpy,Sarpy County,30,345.0,0.1333333333333333
31051,Dixon,Dixon County,11,230.0,0.09090909090909094
29209,Stone,Stone County,17,161.0,0.3529411764705882
29091,Howell,Howell County,20,161.0,0.35
30067,Park,Park County,19,230.0,0.0
31083,Harlan,Harlan County,5,115.0,0.8
31025,Cass,Cass County,12,345.0,0.16666666666666663
31067,Gage,Gage County,20,115.0,0.9
29119,McDonald,McDonald County,11,161.0,0.2727272727272727
29011,Barton,Barton County,10,161.0,0.5
40143,Tulsa,Tulsa County,92,345.0,0.14130434782608692
40047,Garfield,Garfield County,27,345.0,0.14814814814814814
40031,Comanche,Comanche County,31,345.0,0.32258064516129037
45081,Saluda,Saluda County,11,230.0,0.09090909090909094
46115,Spink,Spink County,15,115.0,0.0
46069,Hyde,Hyde County,8,345.0,0.0
47179,Washington,Washington County,25,161.0,0.12
47079,Henry,Henry County,15,161.0,0.0
36055,Monroe,Monroe County,100,345.0,0.13
36011,Cayuga,Cayuga County,21,115.0,0.6190476190476191
40077,Latimer,Latimer County,8,138.0,0.625
48085,Collin,Collin County,79,345.0,0.10126582278481011
48099,Coryell,Coryell County,19,138.0,0.10526315789473684
46087,McCook,McCook County,12,230.0,0.08333333333333337
55019,Clark,Clark County,21,115.0,0.0
55085,Oneida,Oneida County,7,115.0,0.0
56043,Washakie,Washakie County,7,115.0,0.8571428571428572
47051,Franklin,Franklin County,19,500.0,0.10526315789473684
37179,Union,Union County,37,100.0,0.0
37187,Washington,Washington County,6,230.0,0.0
48143,Erath,Erath County,13,138.0,0.07692307692307687
48139,Ellis,Ellis County,61,345.0,0.11475409836065575
48331,Milam,Milam County,28,345.0,0.0714285714285714
56027,Niobrara,Niobrara County,13,115.0,0.0
37171,Surry,Surry County,35,230.0,0.0
37033,Caswell,Caswell County,8,230.0,0.125
48281,Lampasas,Lampasas County,7,138.0,0.0
48227,Howard,Howard County,28,345.0,0.0357142857142857
48131,Duval,Duval County,5,138.0,0.0
48389,Reeves,Reeves County,95,345.0,0.21052631578947367
48397,Rockwall,Rockwall County,9,345.0,0.11111111111111116
48277,Lamar,Lamar County,20,345.0,0.0
37005,Alleghany,Alleghany County,4,115.0,0.0
37073,Gates,Gates County,2,230.0,0.0
48021,Bastrop,Bastrop County,23,345.0,0.04347826086956519
48253,Jones,Jones County,23,345.0,0.0
48237,Jack,Jack County,11,345.0,0.2727272727272727
48199,Hardin,Hardin County,15,500.0,0.4666666666666667
48265,Kerr,Kerr County,15,138.0,0.19999999999999996
48283,La Salle,La Salle County,9,138.0,0.0
48207,Haskell,Haskell County,21,345.0,0.0
48393,Roberts,Roberts County,6,345.0,0.0
48137,Edwards,Edwards County,5,69.0,0.19999999999999996
47039,Decatur,Decatur County,3,161.0,0.0
47027,Clay,Clay County,3,69.0,0.0
48293,Limestone,Limestone County,15,345.0,0.06666666666666665
48081,Coke,Coke County,17,345.0,0.0
48011,Armstrong,Armstrong County,3,345.0,0.33333333333333337
48319,Mason,Mason County,9,138.0,0.0
48435,Sutton,Sutton County,9,345.0,0.2222222222222222
48195,Hansford,Hansford County,18,345.0,0.16666666666666663
12021,Collier,Collier County,27,500.0,0.0
12011,Broward,Broward County,92,500.0,0.04347826086956519
47175,Van Buren,Van Buren County,1,161.0,0.0
47133,Overton,Overton County,3,161.0,0.0
49001,Beaver,Beaver County,22,345.0,0.2272727272727273
50015,Lamoille,Lamoille County,24,115.0,0.08333333333333337
12061,Indian River,Indian River County,22,230.0,0.0
12005,Bay,Bay County,38,230.0,0.0
36001,Albany,Albany County,68,345.0,0.5
36037,Genesee,Genesee County,21,115.0,0.5714285714285714
51173,Smyth,Smyth County,4,138.0,0.0
51063,Floyd,Floyd County,2,138.0,0.0
51163,Rockbridge,Rockbridge County,11,500.0,0.09090909090909094
51790,Staunton,Staunton city,1,230.0,0.0
13061,Clay,Clay County,6,115.0,0.0
13099,Early,Early County,17,115.0,0.0
36069,Ontario,Ontario County,33,115.0,0.33333333333333337
37025,Cabarrus,Cabarrus County,50,100.0,0.06000000000000005
37059,Davie,Davie County,18,100.0,0.05555555555555558
51135,Nottoway,Nottoway County,10,115.0,0.09999999999999998
51540,Charlottesville,Charlottesville city,3,230.0,0.0
51600,Fairfax,Fairfax city,1,34.5,0.0
13111,Fannin,Fannin County,4,161.0,0.0
13045,Carroll,Carroll County,32,230.0,0.0
37105,Lee,Lee County,7,230.0,0.2857142857142857
37189,Watauga,Watauga County,16,161.0,0.125
51595,Emporia,Emporia city,4,115.0,0.0
54079,Putnam,Putnam County,13,765.0,0.3846153846153846
54101,Webster,Webster County,4,138.0,0.75
13275,Thomas,Thomas County,21,230.0,0.0
13257,Stephens,Stephens County,14,115.0,0.0714285714285714
37069,Franklin,Franklin County,13,115.0,0.07692307692307687
37195,Wilson,Wilson County,24,230.0,0.08333333333333337
54015,Clay,Clay County,2,138.0,0.5
55039,Fond du Lac,Fond du Lac County,39,345.0,0.1282051282051282
55015,Calumet,Calumet County,16,345.0,0.0625
55017,Chippewa,Chippewa County,37,161.0,0.18918918918918914
16081,Teton,Teton County,6,115.0,0.5
16075,Payette,Payette County,4,230.0,0.25
37181,Vance,Vance County,6,230.0,0.0
13239,Quitman,Quitman County,2,46.0,0.0
38101,Ward,Ward County,41,230.0,0.41463414634146345
38027,Eddy,Eddy County,11,115.0,0.9090909090909091
40069,Johnston,Johnston County,9,345.0,0.33333333333333337
40063,Hughes,Hughes County,11,138.0,0.18181818181818177
40057,Harmon,Harmon County,3,138.0,0.0
01093,Marion,Marion County,21,161.0,0.0
01019,Cherokee,Cherokee County,11,230.0,0.0
04019,Pima,Pima County,166,345.0,0.048192771084337394
38047,Logan,Logan County,7,41.6,0.2857142857142857
38103,Wells,Wells County,13,230.0,0.7692307692307692
38025,Dunn,Dunn County,28,345.0,0.0714285714285714
41053,Polk,Polk County,12,115.0,0.75
42107,Schuylkill,Schuylkill County,45,230.0,0.1333333333333333
04023,Santa Cruz,Santa Cruz County,5,138.0,0.0
05127,Scott,Scott County,2,69.0,0.0
06059,Orange,Orange County,117,500.0,0.2564102564102564
06079,San Luis Obispo,San Luis Obispo County,28,500.0,0.1785714285714286
06095,Solano,Solano County,49,230.0,0.5306122448979591
06049,Modoc,Modoc County,20,345.0,0.09999999999999998
39173,Wood,Wood County,59,345.0,0.5932203389830508
39147,Seneca,Seneca County,28,345.0,0.6071428571428572
39139,Richland,Richland County,39,138.0,0.1282051282051282
42065,Jefferson,Jefferson County,9,138.0,0.6666666666666667
42037,Columbia,Columbia County,18,230.0,0.05555555555555558
08085,Montrose,Montrose County,23,345.0,0.6956521739130435
12087,Monroe,Monroe County,21,138.0,0.1428571428571429
08021,Conejos,Conejos County,3,115.0,0.0
39133,Portage,Portage County,40,345.0,0.07499999999999996
39153,Summit,Summit County,117,345.0,0.41025641025641024
39011,Auglaize,Auglaize County,25,345.0,0.84
42021,Cambria,Cambria County,65,500.0,0.07692307692307687
42109,Snyder,Snyder County,9,500.0,0.0
08061,Kiowa,Kiowa County,3,345.0,0.33333333333333337
08075,Logan,Logan County,23,230.0,0.5652173913043479
09120,Greater Bridgeport,Greater Bridgeport Planning Region,16,345.0,0.125
39127,Perry,Perry County,15,138.0,0.06666666666666665
39149,Shelby,Shelby County,17,345.0,0.7058823529411764
39019,Carroll,Carroll County,22,345.0,0.0
42047,Elk,Elk County,19,230.0,0.5263157894736843
42121,Venango,Venango County,20,345.0,0.7
46049,Faulk,Faulk County,5,69.0,0.0
46119,Sully,Sully County,5,230.0,0.19999999999999996
35013,Doña Ana,Doña Ana County,28,345.0,0.2857142857142857
35035,Otero,Otero County,34,345.0,0.5
48017,Bailey,Bailey County,16,230.0,0.125
48295,Lipscomb,Lipscomb County,9,115.0,0.4444444444444444
49053,Washington,Washington County,70,345.0,0.2142857142857143
05135,Sharp,Sharp County,7,161.0,0.0
08001,Adams,Adams County,36,230.0,0.05555555555555558
08105,Rio Grande,Rio Grande County,13,115.0,0.23076923076923073
08121,Washington,Washington County,12,115.0,0.16666666666666663
08017,Cheyenne,Cheyenne County,10,345.0,0.4
13169,Jones,Jones County,6,115.0,0.0
13037,Calhoun,Calhoun County,14,115.0,0.0
13173,Lanier,Lanier County,2,115.0,0.0
36027,Dutchess,Dutchess County,45,345.0,0.11111111111111116
17073,Henry,Henry County,26,138.0,0.46153846153846156
50025,Windham,Windham County,27,345.0,0.18518518518518523
31109,Lancaster,Lancaster County,70,345.0,0.2857142857142857
08079,Mineral,Mineral County,1,69.0,0.0
12043,Glades,Glades County,3,69.0,0.0
18031,Decatur,Decatur County,9,161.0,0.0
18113,Noble,Noble County,20,138.0,0.19999999999999996
13095,Dougherty,Dougherty County,36,230.0,0.0
17123,Marshall,Marshall County,13,138.0,0.07692307692307687
21129,Lee,Lee County,5,161.0,0.0
22083,Richland,Richland Parish,7,115.0,0.1428571428571429
17055,Franklin,Franklin County,33,345.0,0.6363636363636364
31121,Merrick,Merrick County,9,345.0,0.6666666666666667
31151,Saline,Saline County,12,345.0,0.8333333333333334
31141,Platte,Platte County,30,345.0,0.6666666666666667
31035,Clay,Clay County,12,,1.0
31099,Kearney,Kearney County,15,345.0,0.8
18149,Starke,Starke County,8,138.0,0.0
18157,Tippecanoe,Tippecanoe County,34,345.0,0.0
18023,Clinton,Clinton County,13,230.0,0.15384615384615385
18047,Franklin,Franklin County,13,138.0,0.0
18117,Orange,Orange County,13,138.0,0.07692307692307687
22007,Assumption,Assumption Parish,3,115.0,0.33333333333333337
26049,Genesee,Genesee County,94,138.0,0.021276595744680882
26073,Isabella,Isabella County,19,138.0,0.0
36007,Broome,Broome County,39,345.0,0.5384615384615384
36117,Wayne,Wayne County,40,115.0,0.050000000000000044
31135,Perkins,Perkins County,11,115.0,0.09090909090909094
32019,Lyon,Lyon County,10,,1.0
32510,Carson City,Carson City,7,,1.0
18015,Carroll,Carroll County,11,69.0,0.0
19165,Shelby,Shelby County,20,69.0,0.30000000000000004
19023,Butler,Butler County,15,161.0,0.1333333333333333
19179,Wapello,Wapello County,15,345.0,0.06666666666666665
19087,Henry,Henry County,13,161.0,0.0
26037,Clinton,Clinton County,22,138.0,0.045454545454545414
26035,Clare,Clare County,15,138.0,0.2666666666666667
26165,Wexford,Wexford County,15,138.0,0.0
26051,Gladwin,Gladwin County,8,138.0,0.0
26085,Lake,Lake County,10,138.0,0.0
36089,St. Lawrence,St. Lawrence County,91,765.0,0.2417582417582418
36079,Putnam,Putnam County,14,345.0,0.0
33001,Belknap,Belknap County,16,115.0,0.8125
35027,Lincoln,Lincoln County,14,,1.0
19183,Washington,Washington County,10,345.0,0.30000000000000004
19031,Cedar,Cedar County,12,69.0,0.5833333333333333
19101,Jefferson,Jefferson County,13,161.0,0.07692307692307687
19079,Hamilton,Hamilton County,17,69.0,0.11764705882352944
19047,Crawford,Crawford County,20,230.0,0.15000000000000002
27141,Sherburne,Sherburne County,22,345.0,0.18181818181818177
27067,Kandiyohi,Kandiyohi County,20,230.0,0.25
27039,Dodge,Dodge County,7,161.0,0.1428571428571429
37149,Polk,Polk County,15,100.0,0.06666666666666665
17095,Knox,Knox County,21,345.0,0.5238095238095238
17081,Jefferson,Jefferson County,19,345.0,0.736842105263158
17181,Union,Union County,11,69.0,0.6363636363636364
19065,Fayette,Fayette County,14,161.0,0.1428571428571429
20015,Butler,Butler County,38,345.0,0.5789473684210527
20063,Gove,Gove County,5,115.0,0.4
20055,Finney,Finney County,26,345.0,0.6923076923076923
20151,Pratt,Pratt County,15,345.0,0.2666666666666667
27131,Rice,Rice County,19,161.0,0.1578947368421053
27001,Aitkin,Aitkin County,11,115.0,0.4545454545454546
27019,Carver,Carver County,17,115.0,0.23529411764705888
37071,Gaston,Gaston County,119,230.0,0.01680672268907568
37011,Avery,Avery County,5,161.0,0.0
17009,Brown,Brown County,4,,1.0
17169,Schuyler,Schuyler County,8,138.0,0.875
20115,Marion,Marion County,9,345.0,0.5555555555555556
20093,Kearny,Kearny County,4,115.0,0.5
20029,Cloud,Cloud County,11,345.0,0.5454545454545454
20049,Elk,Elk County,3,345.0,0.0
20027,Clay,Clay County,5,115.0,0.0
27009,Benton,Benton County,11,345.0,0.09090909090909094
27017,Carlton,Carlton County,13,115.0,0.15384615384615385
27101,Murray,Murray County,21,115.0,0.5714285714285714
28117,Prentiss,Prentiss County,7,161.0,0.5714285714285714
37143,Perquimans,Perquimans County,11,230.0,0.09090909090909094
38087,Slope,Slope County,3,230.0,0.0
50001,Addison,Addison County,14,345.0,0.2142857142857143
51710,Norfolk,Norfolk city,24,230.0,0.16666666666666663
20111,Lyon,Lyon County,11,345.0,0.4545454545454546
20061,Geary,Geary County,11,345.0,0.36363636363636365
20207,Woodson,Woodson County,4,69.0,0.0
20053,Ellsworth,Ellsworth County,10,230.0,0.5
20165,Rush,Rush County,9,115.0,0.2222222222222222
28129,Smith,Smith County,11,161.0,0.0
28155,Webster,Webster County,2,161.0,0.0
28105,Oktibbeha,Oktibbeha County,14,161.0,0.0
28161,Yalobusha,Yalobusha County,7,230.0,0.1428571428571429
28061,Jasper,Jasper County,12,230.0,0.0
39001,Adams,Adams County,14,345.0,0.6428571428571428
39111,Monroe,Monroe County,14,138.0,0.3571428571428571
51740,Portsmouth,Portsmouth city,14,230.0,0.2142857142857143
53073,Whatcom,Whatcom County,53,500.0,0.13207547169811318
53039,Klickitat,Klickitat County,39,500.0,0.17948717948717952
53069,Wahkiakum,Wahkiakum County,2,115.0,0.5
20141,Osborne,Osborne County,4,115.0,0.75
20075,Hamilton,Hamilton County,2,115.0,0.5
21207,Russell,Russell County,10,161.0,0.0
21077,Gallatin,Gallatin County,7,345.0,0.0
28035,Forrest,Forrest County,27,230.0,0.0
28063,Jefferson,Jefferson County,3,115.0,0.0
29109,Lawrence,Lawrence County,19,161.0,0.42105263157894735
39029,Columbiana,Columbiana County,39,345.0,0.0
39025,Clermont,Clermont County,47,345.0,0.7021276595744681
17103,Lee,Lee County,19,345.0,0.4736842105263158
53023,Garfield,Garfield County,7,500.0,0.4285714285714286
21073,Franklin,Franklin County,19,345.0,0.0
21045,Casey,Casey County,10,161.0,0.0
29077,Greene,Greene County,69,345.0,0.4347826086956522
29003,Andrew,Andrew County,11,345.0,0.09090909090909094
39107,Mercer,Mercer County,15,,1.0
39171,Williams,Williams County,26,138.0,0.3846153846153846
39085,Lake,Lake County,28,345.0,0.5714285714285714
54053,Mason,Mason County,16,765.0,0.6875
17051,Fayette,Fayette County,21,345.0,0.7619047619047619
17105,Livingston,Livingston County,23,345.0,0.6956521739130435
21227,Warren,Warren County,30,161.0,0.09999999999999998
21215,Spencer,Spencer County,5,161.0,0.0
21043,Carter,Carter County,10,69.0,0.09999999999999998
21001,Adair,Adair County,5,69.0,0.0
29187,St. Francois,St. Francois County,13,345.0,0.7692307692307692
29061,Daviess,Daviess County,7,69.0,0.2857142857142857
29175,Randolph,Randolph County,14,345.0,0.2857142857142857
29137,Monroe,Monroe County,4,69.0,0.25
39051,Fulton,Fulton County,18,345.0,0.05555555555555558
40007,Beaver,Beaver County,19,345.0,0.368421052631579
41027,Hood River,Hood River County,6,115.0,0.5
17143,Peoria,Peoria County,54,345.0,0.38888888888888884
17137,Morgan,Morgan County,24,345.0,0.625
17173,Shelby,Shelby County,10,345.0,0.30000000000000004
13015,Bartow,Bartow County,47,500.0,0.0
13297,Walton,Walton County,38,230.0,0.0
29103,Knox,Knox County,4,161.0,0.0
29221,Washington,Washington County,13,161.0,0.7692307692307692
29035,Carter,Carter County,3,69.0,0.0
29017,Bollinger,Bollinger County,6,161.0,0.0
42085,Mercer,Mercer County,54,345.0,0.18518518518518523
42117,Tioga,Tioga County,23,345.0,0.30434782608695654
42115,Susquehanna,Susquehanna County,33,230.0,0.5454545454545454
54029,Hancock,Hancock County,12,500.0,0.9166666666666666
54069,Ohio,Ohio County,17,138.0,0.23529411764705888
54009,Brooke,Brooke County,10,138.0,0.8
13177,Lee,Lee County,11,230.0,0.0
13065,Clinch,Clinch County,5,115.0,0.0
30103,Treasure,Treasure County,8,69.0,0.375
30107,Wheatland,Wheatland County,13,230.0,0.07692307692307687
30021,Dawson,Dawson County,10,230.0,0.9
42057,Fulton,Fulton County,6,138.0,0.6666666666666667
46053,Gregory,Gregory County,5,115.0,0.0
17203,Woodford,Woodford County,17,345.0,0.4117647058823529
17079,Jasper,Jasper County,9,345.0,0.7777777777777778
55105,Rock,Rock County,63,345.0,0.015873015873015928
05063,Independence,Independence County,9,500.0,0.0
13119,Franklin,Franklin County,13,115.0,0.07692307692307687
13187,Lumpkin,Lumpkin County,8,115.0,0.125
30017,Custer,Custer County,18,345.0,0.16666666666666663
31137,Phelps,Phelps County,14,115.0,0.9285714285714286
31081,Hamilton,Hamilton County,16,115.0,0.9375
31097,Johnson,Johnson County,4,69.0,0.0
46039,Deuel,Deuel County,19,345.0,0.052631578947368474
46021,Campbell,Campbell County,7,230.0,0.0
47069,Hardeman,Hardeman County,10,161.0,0.0
06029,Kern,Kern County,279,500.0,0.7491039426523298
55123,Vernon,Vernon County,17,161.0,0.05882352941176472
13321,Worth,Worth County,13,115.0,0.0
31131,Otoe,Otoe County,13,345.0,0.3076923076923077
32009,Esmeralda,Esmeralda County,7,120.0,0.8571428571428572
33011,Hillsborough,Hillsborough County,53,345.0,0.4716981132075472
48489,Willacy,Willacy County,14,345.0,0.0714285714285714
48271,Kinney,Kinney County,6,138.0,0.0
48443,Terrell,Terrell County,2,69.0,0.0
05149,Yell,Yell County,4,161.0,0.0
05111,Poinsett,Poinsett County,8,161.0,0.0
13293,Upson,Upson County,9,230.0,0.0
13207,Monroe,Monroe County,16,500.0,0.0625
33003,Carroll,Carroll County,22,115.0,0.8181818181818181
34029,Ocean,Ocean County,59,230.0,0.05084745762711862
18095,Madison,Madison County,34,345.0,0.02941176470588236
18069,Huntington,Huntington County,16,765.0,0.0
18085,Kosciusko,Kosciusko County,36,345.0,0.08333333333333337
18107,Montgomery,Montgomery County,19,345.0,0.10526315789473684
18049,Fulton,Fulton County,4,69.0,0.0
20173,Sedgwick,Sedgwick County,87,345.0,0.29885057471264365
20167,Russell,Russell County,15,115.0,0.5333333333333333
20123,Mitchell,Mitchell County,4,115.0,0.5
20057,Ford,Ford County,34,345.0,0.4411764705882353
20133,Neosho,Neosho County,13,345.0,0.0
20205,Wilson,Wilson County,10,138.0,0.9
20203,Wichita,Wichita County,3,115.0,0.0
20153,Rawlins,Rawlins County,8,115.0,0.625
21221,Trigg,Trigg County,4,161.0,0.0
48177,Gonzales,Gonzales County,16,138.0,0.0625
48367,Parker,Parker County,38,345.0,0.02631578947368418
48325,Medina,Medina County,17,138.0,0.0
48303,Lubbock,Lubbock County,81,345.0,0.24691358024691357
18059,Hancock,Hancock County,20,138.0,0.15000000000000002
21201,Robertson,Robertson County,1,69.0,0.0
20197,Wabaunsee,Wabaunsee County,3,115.0,0.33333333333333337
17147,Piatt,Piatt County,10,345.0,0.9
17035,Cumberland,Cumberland County,6,,1.0
21113,Jessamine,Jessamine County,15,138.0,0.0
21157,Marshall,Marshall County,18,500.0,0.05555555555555558
48497,Wise,Wise County,33,345.0,0.1515151515151515
48031,Blanco,Blanco County,6,138.0,0.0
48231,Hunt,Hunt County,36,345.0,0.05555555555555558
48493,Wilson,Wilson County,6,138.0,0.0
21021,Boyle,Boyle County,14,138.0,0.0714285714285714
21223,Trimble,Trimble County,6,345.0,0.0
17037,DeKalb,DeKalb County,22,138.0,0.4545454545454546
17135,Montgomery,Montgomery County,17,345.0,0.5294117647058824
17065,Hamilton,Hamilton County,13,138.0,0.6153846153846154
08041,El Paso,El Paso County,93,345.0,0.16129032258064513
08089,Otero,Otero County,15,115.0,0.1333333333333333
08073,Lincoln,Lincoln County,16,345.0,0.3125
12051,Hendry,Hendry County,12,500.0,0.0
48375,Potter,Potter County,28,345.0,0.1071428571428571
48279,Lamb,Lamb County,24,345.0,0.29166666666666663
48149,Fayette,Fayette County,20,345.0,0.09999999999999998
48019,Bandera,Bandera County,9,138.0,0.0
48335,Mitchell,Mitchell County,13,345.0,0.15384615384615385
48009,Archer,Archer County,18,345.0,0.16666666666666663
21103,Henry,Henry County,6,138.0,0.0
21039,Carlisle,Carlisle County,2,161.0,0.0
54035,Jackson,Jackson County,12,69.0,0.8333333333333334
55101,Racine,Racine County,17,345.0,0.4117647058823529
12003,Baker,Baker County,7,230.0,0.0
13299,Ware,Ware County,12,230.0,0.0
13129,Gordon,Gordon County,14,230.0,0.0
48193,Hamilton,Hamilton County,7,69.0,0.1428571428571429
48145,Falls,Falls County,19,138.0,0.5263157894736843
48095,Concho,Concho County,11,345.0,0.0
48249,Jim Wells,Jim Wells County,9,138.0,0.0
48129,Donley,Donley County,7,345.0,0.0
21149,McLean,McLean County,9,69.0,0.0
22093,St. James,St. James Parish,13,230.0,0.07692307692307687
55059,Kenosha,Kenosha County,16,345.0,0.125
55127,Walworth,Walworth County,25,138.0,0.24
13097,Douglas,Douglas County,26,500.0,0.0
45037,Edgefield,Edgefield County,16,115.0,0.0625
21081,Grant,Grant County,6,138.0,0.0
21199,Pulaski,Pulaski County,36,345.0,0.0
22095,St. John the Baptist,St. John the Baptist Parish,9,230.0,0.0
23019,Penobscot,Penobscot County,60,345.0,0.5833333333333333
26015,Barry,Barry County,17,138.0,0.0
55093,Pierce,Pierce County,20,161.0,0.19999999999999996
55063,La Crosse,La Crosse County,22,345.0,0.13636363636363635
45011,Barnwell,Barnwell County,26,230.0,0.0
45023,Chester,Chester County,28,230.0,0.0714285714285714
21091,Hancock,Hancock County,14,345.0,0.0
21169,Metcalfe,Metcalfe County,6,161.0,0.0
26057,Gratiot,Gratiot County,30,345.0,0.033333333333333326
26155,Shiawassee,Shiawassee County,25,345.0,0.0
51700,Newport News,Newport News city,13,230.0,0.15384615384615385
55061,Kewaunee,Kewaunee County,16,345.0,0.625
55117,Sheboygan,Sheboygan County,35,345.0,0.19999999999999996
17063,Grundy,Grundy County,29,765.0,0.2068965517241379
46003,Aurora,Aurora County,9,230.0,0.0
46035,Davison,Davison County,17,230.0,0.05882352941176472
46029,Codington,Codington County,16,345.0,0.0
46061,Hanson,Hanson County,5,69.0,0.0
46077,Kingsbury,Kingsbury County,12,115.0,0.0
46043,Douglas,Douglas County,5,69.0,0.0
13081,Crisp,Crisp County,11,115.0,0.0
13227,Pickens,Pickens County,14,230.0,0.0
13225,Peach,Peach County,10,230.0,0.0
51735,Poquoson,Poquoson city,0,,
51800,Suffolk,Suffolk city,11,500.0,0.0
51169,Scott,Scott County,6,138.0,0.0
55065,Lafayette,Lafayette County,17,138.0,0.05882352941176472
55095,Polk,Polk County,35,161.0,0.4571428571428572
46065,Hughes,Hughes County,10,230.0,0.0
46097,Miner,Miner County,4,115.0,0.0
13167,Johnson,Johnson County,6,230.0,0.0
13091,Dodge,Dodge County,11,230.0,0.0
51115,Mathews,Mathews County,0,,
51013,Arlington,Arlington County,18,230.0,0.11111111111111116
55031,Douglas,Douglas County,32,161.0,0.34375
55009,Brown,Brown County,56,138.0,0.3214285714285714
47011,Bradley,Bradley County,26,500.0,0.0
13235,Pulaski,Pulaski County,6,115.0,0.0
13125,Glascock,Glascock County,2,46.0,0.0
51510,Alexandria,Alexandria city,11,230.0,0.2727272727272727
53003,Asotin,Asotin County,6,230.0,0.8333333333333334
17029,Coles,Coles County,24,345.0,0.75
56007,Carbon,Carbon County,38,500.0,0.4736842105263158
56005,Campbell,Campbell County,74,230.0,0.6891891891891893
56011,Crook,Crook County,11,230.0,0.09090909090909094
47043,Dickson,Dickson County,15,161.0,0.0
47017,Carroll,Carroll County,8,161.0,0.0
13011,Banks,Banks County,6,230.0,0.0
13243,Randolph,Randolph County,7,115.0,0.0
13043,Candler,Candler County,8,115.0,0.0
17199,Williamson,Williamson County,35,161.0,0.8
17167,Sangamon,Sangamon County,70,345.0,0.37142857142857144
53051,Pend Oreille,Pend Oreille County,12,230.0,0.5
05119,Pulaski,Pulaski County,56,500.0,0.0
47113,Madison,Madison County,43,500.0,0.0
47177,Warren,Warren County,6,161.0,0.0
13003,Atkinson,Atkinson County,4,115.0,0.0
13159,Jasper,Jasper County,4,230.0,0.0
18179,Wells,Wells County,12,345.0,0.08333333333333337
18055,Greene,Greene County,27,345.0,0.2222222222222222
18131,Pulaski,Pulaski County,12,138.0,0.0
18139,Rush,Rush County,11,69.0,0.0
18011,Boone,Boone County,23,345.0,0.13043478260869568
05137,Stone,Stone County,1,161.0,0.0
05125,Saline,Saline County,20,115.0,0.0
47101,Lewis,Lewis County,2,161.0,0.0
47153,Sequatchie,Sequatchie County,2,161.0,0.0
16001,Ada,Ada County,46,230.0,0.21739130434782605
16045,Gem,Gem County,8,138.0,0.875
18133,Putnam,Putnam County,22,138.0,0.13636363636363635
19169,Story,Story County,35,161.0,0.17142857142857137
19003,Adams,Adams County,8,161.0,0.0
19013,Black Hawk,Black Hawk County,28,345.0,0.3928571428571429
19055,Delaware,Delaware County,18,161.0,0.05555555555555558
05115,Pope,Pope County,9,500.0,0.0
05053,Grant,Grant County,5,500.0,0.0
47095,Lake,Lake County,4,161.0,0.0
47061,Grundy,Grundy County,5,161.0,0.0
16053,Jerome,Jerome County,17,230.0,0.4117647058823529
16051,Jefferson,Jefferson County,17,161.0,0.7647058823529411
19077,Guthrie,Guthrie County,21,345.0,0.0
19075,Grundy,Grundy County,18,161.0,0.11111111111111116
19147,Palo Alto,Palo Alto County,16,345.0,0.0625
19083,Hardin,Hardin County,20,161.0,0.30000000000000004
19035,Cherokee,Cherokee County,14,345.0,0.2142857142857143
19151,Pocahontas,Pocahontas County,14,161.0,0.1428571428571429
05023,Cleburne,Cleburne County,11,161.0,0.0
05059,Hot Spring,Hot Spring County,14,500.0,0.0
05097,Montgomery,Montgomery County,2,115.0,0.0
47169,Trousdale,Trousdale County,2,161.0,0.0
48291,Liberty,Liberty County,34,230.0,0.4411764705882353
16047,Gooding,Gooding County,13,230.0,0.46153846153846156
18063,Hendricks,Hendricks County,26,345.0,0.07692307692307687
18017,Cass,Cass County,16,345.0,0.0
19009,Audubon,Audubon County,8,345.0,0.125
19011,Benton,Benton County,15,161.0,0.6666666666666667
19175,Union,Union County,13,161.0,0.0
19067,Floyd,Floyd County,11,161.0,0.4545454545454546
19039,Clarke,Clarke County,8,69.0,0.125
19093,Ida,Ida County,14,345.0,0.1428571428571429
06031,Kings,Kings County,41,230.0,0.7560975609756098
06103,Tehama,Tehama County,14,,1.0
08087,Morgan,Morgan County,26,345.0,0.07692307692307687
08119,Teller,Teller County,6,115.0,0.0
48121,Denton,Denton County,83,345.0,0.1325301204819277
48217,Hill,Hill County,22,345.0,0.18181818181818177
18005,Bartholomew,Bartholomew County,24,345.0,0.0
18057,Hamilton,Hamilton County,41,345.0,0.024390243902439046
18143,Scott,Scott County,12,138.0,0.0
19029,Cass,Cass County,12,345.0,0.08333333333333337
19121,Madison,Madison County,13,345.0,0.07692307692307687
19197,Wright,Wright County,18,161.0,0.05555555555555558
19037,Chickasaw,Chickasaw County,17,345.0,0.23529411764705888
20085,Jackson,Jackson County,6,345.0,0.33333333333333337
20045,Douglas,Douglas County,19,230.0,0.1578947368421053
20077,Harper,Harper County,9,345.0,0.33333333333333337
20017,Chase,Chase County,0,,
20041,Dickinson,Dickinson County,10,230.0,0.4
39143,Sandusky,Sandusky County,25,138.0,0.36
40067,Jefferson,Jefferson County,6,138.0,0.16666666666666663
40009,Beckham,Beckham County,14,345.0,0.2857142857142857
40001,Adair,Adair County,7,161.0,0.0
47139,Polk,Polk County,8,161.0,0.0
48181,Grayson,Grayson County,38,138.0,0.10526315789473684
18019,Clark,Clark County,25,345.0,0.07999999999999996
18153,Sullivan,Sullivan County,17,765.0,0.05882352941176472
20043,Doniphan,Doniphan County,5,115.0,0.4
20157,Republic,Republic County,5,345.0,0.6
40025,Cimarron,Cimarron County,8,,1.0
20119,Meade,Meade County,7,,1.0
20099,Labette,Labette County,8,345.0,0.25
21083,Graves,Graves County,9,161.0,0.0
21105,Hickman,Hickman County,5,161.0,0.0
23005,Cumberland,Cumberland County,48,345.0,0.0625
48197,Hardeman,Hardeman County,6,345.0,0.0
18171,Warren,Warren County,7,345.0,0.0
18141,St. Joseph,St. Joseph County,66,765.0,0.0757575757575758
18003,Allen,Allen County,85,345.0,0.18823529411764706
20005,Atchison,Atchison County,9,115.0,0.2222222222222222
34017,Hudson,Hudson County,38,345.0,0.1578947368421053
01079,Lawrence,Lawrence County,11,161.0,0.0
21041,Carroll,Carroll County,12,345.0,0.0
23013,Knox,Knox County,7,115.0,0.1428571428571429
21037,Campbell,Campbell County,14,345.0,0.0714285714285714
21023,Bracken,Bracken County,4,69.0,0.0
27135,Roseau,Roseau County,14,500.0,0.5714285714285714
27063,Jackson,Jackson County,20,345.0,0.0
34039,Union,Union County,52,345.0,0.07692307692307687
13109,Evans,Evans County,4,115.0,0.0
40053,Grant,Grant County,16,345.0,0.0
40071,Kay,Kay County,46,345.0,0.19565217391304346
40115,Ottawa,Ottawa County,17,161.0,0.23529411764705888
01037,Coosa,Coosa County,15,115.0,0.06666666666666665
21015,Boone,Boone County,32,345.0,0.0
28045,Hancock,Hancock County,21,230.0,0.0
28147,Walthall,Walthall County,5,115.0,0.0
13255,Spalding,Spalding County,19,230.0,0.0
13247,Rockdale,Rockdale County,20,230.0,0.0
40085,Love,Love County,8,138.0,0.5
41057,Tillamook,Tillamook County,9,230.0,0.4444444444444444
01127,Walker,Walker County,40,230.0,0.07499999999999996
22023,Cameron,Cameron Parish,14,230.0,0.0
28095,Monroe,Monroe County,17,161.0,0.0
29149,Oregon,Oregon County,6,161.0,0.16666666666666663
35023,Hidalgo,Hidalgo County,8,345.0,0.125
35031,McKinley,McKinley County,30,345.0,0.6333333333333333
35015,Eddy,Eddy County,98,345.0,0.29591836734693877
40045,Ellis,Ellis County,5,345.0,0.0
41037,Lake,Lake County,21,500.0,0.5714285714285714
22019,Calcasieu,Calcasieu Parish,107,500.0,0.12149532710280375
27169,Winona,Winona County,13,69.0,0.0
29133,Mississippi,Mississippi County,6,161.0,0.5
29173,Ralls,Ralls County,12,161.0,0.41666666666666663
36085,Richmond,Richmond County,19,345.0,0.052631578947368474
36087,Rockland,Rockland County,30,500.0,0.033333333333333326
41059,Umatilla,Umatilla County,61,500.0,0.5573770491803278
41063,Wallowa,Wallowa County,5,230.0,0.4
27055,Houston,Houston County,10,69.0,0.30000000000000004
27115,Pine,Pine County,14,230.0,0.0714285714285714
29510,St. Louis,St. Louis city,62,345.0,0.8064516129032258
29005,Atchison,Atchison County,12,345.0,0.08333333333333337
36003,Allegany,Allegany County,31,115.0,0.22580645161290325
36101,Steuben,Steuben County,50,230.0,0.7
41029,Jackson,Jackson County,37,500.0,0.9459459459459459
42039,Crawford,Crawford County,21,345.0,0.38095238095238093
42083,McKean,McKean County,16,345.0,0.75
48147,Fannin,Fannin County,26,345.0,0.038461538461538436
48501,Yoakum,Yoakum County,38,345.0,0.07894736842105265
48359,Oldham,Oldham County,10,345.0,0.30000000000000004
29147,Nodaway,Nodaway County,18,345.0,0.11111111111111116
29097,Jasper,Jasper County,35,345.0,0.4285714285714286
30075,Powder River,Powder River County,5,69.0,0.0
36083,Rensselaer,Rensselaer County,42,345.0,0.5476190476190477
36033,Franklin,Franklin County,24,345.0,0.20833333333333337
42007,Beaver,Beaver County,31,345.0,0.09677419354838712
45045,Greenville,Greenville County,120,230.0,0.050000000000000044
46083,Lincoln,Lincoln County,24,230.0,0.04166666666666663
49009,Daggett,Daggett County,1,230.0,0.0
49027,Millard,Millard County,26,500.0,0.6923076923076923
50003,Bennington,Bennington County,20,115.0,0.55
30101,Toole,Toole County,11,230.0,0.0
31029,Chase,Chase County,13,,1.0
31129,Nuckolls,Nuckolls County,4,115.0,0.75
31145,Red Willow,Red Willow County,12,345.0,0.9166666666666666
13117,Forsyth,Forsyth County,25,230.0,0.12
13155,Irwin,Irwin County,5,230.0,0.0
46007,Bennett,Bennett County,7,115.0,0.0
46135,Yankton,Yankton County,21,230.0,0.04761904761904767
46101,Moody,Moody County,10,115.0,0.0
46011,Brookings,Brookings County,40,345.0,0.07499999999999996
50021,Rutland,Rutland County,30,345.0,0.6333333333333333
50011,Franklin,Franklin County,31,115.0,0.06451612903225812
31127,Nemaha,Nemaha County,9,345.0,0.2222222222222222
31147,Richardson,Richardson County,8,161.0,0.25
31095,Jefferson,Jefferson County,9,115.0,0.4444444444444444
24047,Worcester,Worcester County,20,138.0,0.09999999999999998
01063,Greene,Greene County,10,230.0,0.0
24510,Baltimore,Baltimore city,39,138.0,0.641025641025641
25001,Barnstable,Barnstable County,36,345.0,0.38888888888888884
26139,Ottawa,Ottawa County,77,345.0,0.038961038961038974
46031,Corson,Corson County,11,115.0,0.0
51520,Bristol,Bristol city,3,69.0,0.0
51025,Brunswick,Brunswick County,11,500.0,0.0
32005,Douglas,Douglas County,6,125.0,0.6666666666666667
32013,Humboldt,Humboldt County,29,345.0,0.6206896551724138
33019,Sullivan,Sullivan County,12,115.0,0.8333333333333334
26153,Schoolcraft,Schoolcraft County,14,138.0,0.0
26061,Houghton,Houghton County,10,138.0,0.09999999999999998
46019,Butte,Butte County,9,115.0,0.0
46013,Brown,Brown County,34,345.0,0.32352941176470584
16017,Bonner,Bonner County,27,230.0,0.5555555555555556
16071,Oneida,Oneida County,3,138.0,0.6666666666666667
18025,Crawford,Crawford County,5,161.0,0.0
19053,Decatur,Decatur County,6,69.0,0.0
19185,Wayne,Wayne County,7,69.0,0.0
26059,Hillsdale,Hillsdale County,19,138.0,0.0
26017,Bay,Bay County,55,345.0,0.036363636363636376
47181,Wayne,Wayne County,4,161.0,0.0
47047,Fayette,Fayette County,12,161.0,0.0
16009,Benewah,Benewah County,7,230.0,0.8571428571428572
17163,St. Clair,St. Clair County,60,345.0,0.65
19133,Monona,Monona County,13,161.0,0.15384615384615385
19155,Pottawattamie,Pottawattamie County,36,345.0,0.02777777777777779
26151,Sanilac,Sanilac County,31,345.0,0.0
26011,Arenac,Arenac County,13,138.0,0.07692307692307687
47099,Lawrence,Lawrence County,24,161.0,0.0
47115,Marion,Marion County,9,161.0,0.11111111111111116
17149,Pike,Pike County,22,138.0,0.5454545454545454
17101,Lawrence,Lawrence County,9,138.0,0.8888888888888888
19139,Muscatine,Muscatine County,34,345.0,0.5588235294117647
19089,Howard,Howard County,10,161.0,0.09999999999999998
19191,Winneshiek,Winneshiek County,8,69.0,0.125
27047,Freeborn,Freeborn County,25,161.0,0.16000000000000003
27045,Fillmore,Fillmore County,24,161.0,0.20833333333333337
27157,Wabasha,Wabasha County,14,161.0,0.1428571428571429
47125,Montgomery,Montgomery County,35,500.0,0.0
47131,Obion,Obion County,14,161.0,0.0
17075,Iroquois,Iroquois County,20,138.0,0.8
17131,Mercer,Mercer County,9,161.0,0.11111111111111116
17201,Winnebago,Winnebago County,28,345.0,0.25
19043,Clayton,Clayton County,17,161.0,0.05882352941176472
19007,Appanoose,Appanoose County,6,161.0,0.16666666666666663
19059,Dickinson,Dickinson County,23,161.0,0.26086956521739135
38011,Bowman,Bowman County,21,230.0,0.04761904761904767
38029,Emmons,Emmons County,13,230.0,0.15384615384615385
38009,Bottineau,Bottineau County,27,115.0,0.6666666666666667
47137,Pickett,Pickett County,1,161.0,0.0
47171,Unicoi,Unicoi County,2,161.0,0.0
17151,Pope,Pope County,4,161.0,0.0
17071,Henderson,Henderson County,4,69.0,0.25
17083,Jersey,Jersey County,9,138.0,0.8888888888888888
20039,Decatur,Decatur County,6,115.0,0.8333333333333334
20201,Washington,Washington County,4,115.0,0.5
20013,Brown,Brown County,6,115.0,0.8333333333333334
38013,Burke,Burke County,17,345.0,0.17647058823529416
38019,Cavalier,Cavalier County,17,115.0,0.5882352941176471
39053,Gallia,Gallia County,14,765.0,0.1428571428571429
17089,Kane,Kane County,50,138.0,0.62
17091,Kankakee,Kankakee County,13,345.0,0.3076923076923077
51079,Greene,Greene County,3,34.5,0.0
51760,Richmond,Richmond city,13,230.0,0.0
51680,Lynchburg,Lynchburg city,14,138.0,0.0
51011,Appomattox,Appomattox County,4,115.0,0.25
46109,Roberts,Roberts County,21,230.0,0.04761904761904767
46102,Oglala Lakota,Oglala Lakota County,7,115.0,0.0
48079,Cochran,Cochran County,13,115.0,0.23076923076923073
17021,Christian,Christian County,24,345.0,0.7083333333333333
54091,Taylor,Taylor County,4,500.0,0.5
51183,Sussex,Sussex County,6,230.0,0.33333333333333337
51620,Franklin,Franklin city,1,13.2,0.0
13147,Hart,Hart County,19,230.0,0.0
51820,Waynesboro,Waynesboro city,3,115.0,0.33333333333333337
48077,Clay,Clay County,13,345.0,0.46153846153846156
48357,Ochiltree,Ochiltree County,12,345.0,0.16666666666666663
50019,Orleans,Orleans County,21,115.0,0.09523809523809523
55025,Dane,Dane County,96,345.0,0.14583333333333337
55027,Dodge,Dodge County,24,138.0,0.04166666666666663
55047,Green Lake,Green Lake County,8,138.0,0.125
13115,Floyd,Floyd County,32,230.0,0.0625
16057,Latah,Latah County,7,230.0,0.4285714285714286
50007,Chittenden,Chittenden County,38,115.0,0.368421052631579
51650,Hampton,Hampton city,10,230.0,0.19999999999999996
55113,Sawyer,Sawyer County,13,345.0,0.0
55097,Portage,Portage County,24,345.0,0.25
55033,Dunn,Dunn County,20,161.0,0.25
55139,Winnebago,Winnebago County,47,345.0,0.23404255319148937
16055,Kootenai,Kootenai County,25,230.0,0.4
17195,Whiteside,Whiteside County,15,345.0,0.4666666666666667
17177,Stephenson,Stephenson County,7,138.0,0.2857142857142857
51089,Henry,Henry County,16,765.0,0.0
17133,Monroe,Monroe County,18,,1.0
55115,Shawano,Shawano County,32,345.0,0.125
55055,Jefferson,Jefferson County,13,138.0,0.3076923076923077
55053,Jackson,Jackson County,16,161.0,0.4375
18091,LaPorte,LaPorte County,62,345.0,0.08064516129032262
18135,Randolph,Randolph County,17,345.0,0.11764705882352944
18111,Newton,Newton County,12,138.0,0.0
19189,Winnebago,Winnebago County,8,161.0,0.625
51077,Grayson,Grayson County,3,138.0,0.0
51683,Manassas,Manassas city,9,230.0,0.0
51530,Buena Vista,Buena Vista city,1,115.0,0.0
55131,Washington,Washington County,14,138.0,0.3571428571428571
55073,Marathon,Marathon County,28,345.0,0.3571428571428571
55005,Barron,Barron County,25,161.0,0.0
56031,Platte,Platte County,32,345.0,0.90625
48431,Sterling,Sterling County,13,345.0,0.0
19005,Allamakee,Allamakee County,8,161.0,0.0
20129,Morton,Morton County,4,115.0,0.75
20191,Sumner,Sumner County,26,345.0,0.42307692307692313
54097,Upshur,Upshur County,9,138.0,0.33333333333333337
54089,Summers,Summers County,0,,
01061,Geneva,Geneva County,22,230.0,0.09090909090909094
01057,Fayette,Fayette County,9,161.0,0.0
05113,Polk,Polk County,12,138.0,0.0
20037,Crawford,Crawford County,16,161.0,0.3125
51075,Goochland,Goochland County,3,230.0,0.0
51049,Cumberland,Cumberland County,6,230.0,0.0
51750,Radford,Radford city,7,138.0,0.4285714285714286
39135,Preble,Preble County,8,,1.0
39081,Jefferson,Jefferson County,43,345.0,0.09302325581395354
05033,Crawford,Crawford County,19,161.0,0.052631578947368474
05077,Lee,Lee County,7,230.0,0.0
51021,Bland,Bland County,1,138.0,0.0
51720,Norton,Norton city,3,161.0,0.0
32029,Storey,Storey County,15,345.0,0.0
12109,St. Johns,St. Johns County,25,230.0,0.0
39013,Belmont,Belmont County,48,345.0,0.08333333333333337
39007,Ashtabula,Ashtabula County,18,345.0,0.7777777777777778
08081,Moffat,Moffat County,20,345.0,0.30000000000000004
08095,Phillips,Phillips County,6,,1.0
08103,Rio Blanco,Rio Blanco County,33,345.0,0.33333333333333337
09160,Northwest Hills,Northwest Hills Planning Region,14,115.0,0.5714285714285714
53001,Adams,Adams County,22,230.0,0.4545454545454546
55049,Iowa,Iowa County,15,138.0,0.06666666666666665
13285,Troup,Troup County,25,230.0,0.0
13053,Chattahoochee,Chattahoochee County,7,115.0,0.0
40139,Texas,Texas County,27,345.0,0.7037037037037037
40003,Alfalfa,Alfalfa County,16,345.0,0.3125
40105,Nowata,Nowata County,8,345.0,0.0
41011,Coos,Coos County,20,230.0,0.65
12085,Martin,Martin County,22,500.0,0.0
12111,St. Lucie,St. Lucie County,34,500.0,0.0
13145,Harris,Harris County,12,500.0,0.0
55119,Taylor,Taylor County,11,69.0,0.0
55078,Menominee,Menominee County,1,69.0,0.0
55137,Waushara,Waushara County,18,138.0,0.05555555555555558
55129,Washburn,Washburn County,12,161.0,0.16666666666666663
17127,Massac,Massac County,17,345.0,0.7647058823529411
05031,Craighead,Craighead County,28,500.0,0.0714285714285714
41025,Harney,Harney County,17,500.0,0.5882352941176471
42073,Lawrence,Lawrence County,38,345.0,0.02631578947368418
42015,Bradford,Bradford County,37,230.0,0.10810810810810811
13295,Walker,Walker County,19,230.0,0.0
13101,Echols,Echols County,4,115.0,0.25
05005,Baxter,Baxter County,19,161.0,0.0
06035,Lassen,Lassen County,28,69.0,0.2142857142857143
45033,Dillon,Dillon County,12,230.0,0.08333333333333337
46027,Clay,Clay County,13,115.0,0.0
46091,Marshall,Marshall County,8,69.0,0.25
17179,Tazewell,Tazewell County,51,345.0,0.196078431372549
54061,Monongalia,Monongalia County,28,500.0,0.8214285714285714
08007,Archuleta,Archuleta County,3,115.0,0.6666666666666667
37157,Rockingham,Rockingham County,76,230.0,0.013157894736842146
38033,Golden Valley,Golden Valley County,5,57.0,0.0
38001,Adams,Adams County,10,230.0,0.0
38095,Towner,Towner County,7,115.0,0.7142857142857143
46121,Todd,Todd County,3,115.0,0.0
47161,Stewart,Stewart County,5,500.0,0.0
48165,Gaines,Gaines County,38,230.0,0.1842105263157895
48421,Sherman,Sherman County,7,115.0,0.0
17099,LaSalle,LaSalle County,56,345.0,0.5535714285714286
17113,McLean,McLean County,67,345.0,0.6119402985074627
54051,Marshall,Marshall County,54,765.0,0.38888888888888884
38081,Sargent,Sargent County,14,230.0,0.7857142857142857
39155,Trumbull,Trumbull County,77,345.0,0.3116883116883117
40065,Jackson,Jackson County,15,138.0,0.06666666666666665
50013,Grand Isle,Grand Isle County,4,115.0,0.0
51590,Danville,Danville city,17,138.0,0.0
17057,Fulton,Fulton County,25,345.0,0.31999999999999995
17109,McDonough,McDonough County,12,138.0,0.6666666666666667
55071,Manitowoc,Manitowoc County,17,345.0,0.05882352941176472
40129,Roger Mills,Roger Mills County,7,230.0,0.1428571428571429
40041,Delaware,Delaware County,20,345.0,0.09999999999999998
51810,Virginia Beach,Virginia Beach city,27,230.0,0.07407407407407407
51071,Giles,Giles County,7,138.0,0.1428571428571429
17107,Logan,Logan County,24,345.0,0.33333333333333337
56037,Sweetwater,Sweetwater County,40,500.0,0.475
05101,Newton,Newton County,1,69.0,0.0
05037,Cross,Cross County,12,161.0,0.0
44003,Kent,Kent County,25,345.0,0.0
46099,Minnehaha,Minnehaha County,36,345.0,0.11111111111111116
53063,Spokane,Spokane County,70,500.0,0.1428571428571429
08097,Pitkin,Pitkin County,2,115.0,0.5
08014,Broomfield,Broomfield County,4,230.0,0.25
12027,DeSoto,DeSoto County,11,230.0,0.0
51065,Fluvanna,Fluvanna County,11,500.0,0.09090909090909094
51840,Winchester,Winchester city,2,34.5,0.0
51775,Salem,Salem city,11,69.0,0.0
51730,Petersburg,Petersburg city,3,230.0,0.0
48169,Garza,Garza County,10,115.0,0.0
48275,Knox,Knox County,15,345.0,0.0
48353,Nolan,Nolan County,32,345.0,0.0625
48417,Shackelford,Shackelford County,12,345.0,0.08333333333333337
48507,Zavala,Zavala County,12,138.0,0.16666666666666663
29105,Laclede,Laclede County,21,345.0,0.47619047619047616
29117,Livingston,Livingston County,13,161.0,0.15384615384615385
31111,Lincoln,Lincoln County,38,345.0,0.7105263157894737
31117,McPherson,McPherson County,1,69.0,0.0
31071,Garfield,Garfield County,3,69.0,0.33333333333333337
31085,Hayes,Hayes County,3,,1.0
31077,Greeley,Greeley County,3,115.0,0.33333333333333337
37067,Forsyth,Forsyth County,57,230.0,0.052631578947368474
37107,Lenoir,Lenoir County,20,230.0,0.050000000000000044
48247,Jim Hogg,Jim Hogg County,3,138.0,0.0
38003,Barnes,Barnes County,25,230.0,0.31999999999999995
38057,Mercer,Mercer County,45,345.0,0.4666666666666667
29051,Cole,Cole County,18,345.0,0.5
31107,Knox,Knox County,13,115.0,0.23076923076923073
31007,Banner,Banner County,2,,1.0
39165,Warren,Warren County,35,345.0,0.6285714285714286
39157,Tuscarawas,Tuscarawas County,34,138.0,0.08823529411764708
37077,Granville,Granville County,9,230.0,0.2222222222222222
37097,Iredell,Iredell County,63,230.0,0.04761904761904767
38073,Ransom,Ransom County,11,115.0,0.4545454545454546
38093,Stutsman,Stutsman County,30,345.0,0.7333333333333334
31177,Washington,Washington County,6,345.0,0.0
31031,Cherry,Cherry County,6,115.0,0.16666666666666663
31043,Dakota,Dakota County,14,230.0,0.2142857142857143
31157,Scotts Bluff,Scotts Bluff County,39,345.0,0.41025641025641024
32017,Lincoln,Lincoln County,9,138.0,0.5555555555555556
39109,Miami,Miami County,23,345.0,0.6521739130434783
39103,Medina,Medina County,51,345.0,0.0
39169,Wayne,Wayne County,39,138.0,0.07692307692307687
40059,Harper,Harper County,9,138.0,0.0
41067,Washington,Washington County,70,500.0,0.5857142857142856
48173,Glasscock,Glasscock County,24,345.0,0.04166666666666663
48413,Schleicher,Schleicher County,12,345.0,0.0
26143,Roscommon,Roscommon County,10,138.0,0.09999999999999998
26113,Missaukee,Missaukee County,6,69.0,0.0
26111,Midland,Midland County,40,345.0,0.050000000000000044
34037,Sussex,Sussex County,25,500.0,0.0
37045,Cleveland,Cleveland County,66,500.0,0.06060606060606055
37145,Person,Person County,17,500.0,0.0
39089,Licking,Licking County,61,345.0,0.032786885245901676
39067,Harrison,Harrison County,25,138.0,0.0
39003,Allen,Allen County,42,345.0,0.40476190476190477
39129,Pickaway,Pickaway County,28,345.0,0.2142857142857143
42077,Lehigh,Lehigh County,53,500.0,0.09433962264150941
42013,Blair,Blair County,37,230.0,0.43243243243243246
26125,Oakland,Oakland County,162,345.0,0.05555555555555558
26133,Osceola,Osceola County,16,138.0,0.0
26067,Ionia,Ionia County,31,138.0,0.032258064516129004
38079,Rolette,Rolette County,17,230.0,0.7647058823529411
38023,Divide,Divide County,10,115.0,0.09999999999999998
39015,Brown,Brown County,21,345.0,0.8095238095238095
39041,Delaware,Delaware County,26,765.0,0.07692307692307687
39057,Greene,Greene County,27,345.0,0.7037037037037037
39027,Clinton,Clinton County,11,345.0,0.18181818181818177
42069,Lackawanna,Lackawanna County,32,500.0,0.09375
42093,Montour,Montour County,7,230.0,0.0
20181,Sherman,Sherman County,5,115.0,0.4
26025,Calhoun,Calhoun County,82,345.0,0.1097560975609756
26077,Kalamazoo,Kalamazoo County,75,138.0,0.026666666666666616
27007,Beltrami,Beltrami County,27,230.0,0.5185185185185186
27151,Swift,Swift County,17,115.0,0.2941176470588235
38015,Burleigh,Burleigh County,48,230.0,0.27083333333333337
38051,McIntosh,McIntosh County,13,230.0,0.0
39117,Morrow,Morrow County,17,345.0,0.11764705882352944
40109,Oklahoma,Oklahoma County,97,345.0,0.09278350515463918
20103,Leavenworth,Leavenworth County,20,345.0,0.35
01103,Morgan,Morgan County,70,500.0,0.014285714285714235
27051,Grant,Grant County,11,115.0,0.18181818181818177
27059,Isanti,Isanti County,7,69.0,0.0
27111,Otter Tail,Otter Tail County,40,230.0,0.42500000000000004
27093,Meeker,Meeker County,16,115.0,0.125
39049,Franklin,Franklin County,118,345.0,0.4152542372881356
39137,Putnam,Putnam County,27,138.0,0.37037037037037035
39131,Pike,Pike County,13,765.0,0.6153846153846154
40121,Pittsburg,Pittsburg County,22,345.0,0.13636363636363635
40021,Cherokee,Cherokee County,22,161.0,0.045454545454545414
20147,Phillips,Phillips County,4,115.0,0.75
20117,Marshall,Marshall County,11,345.0,0.5454545454545454
27153,Todd,Todd County,12,69.0,0.9166666666666666
27109,Olmsted,Olmsted County,34,345.0,0.02941176470588236
29229,Wright,Wright County,7,161.0,0.5714285714285714
29049,Clinton,Clinton County,11,161.0,0.18181818181818177
29179,Reynolds,Reynolds County,9,345.0,0.11111111111111116
40123,Pontotoc,Pontotoc County,24,138.0,0.5833333333333333
40015,Caddo,Caddo County,34,345.0,0.17647058823529416
21111,Jefferson,Jefferson County,81,345.0,0.654320987654321
21117,Kenton,Kenton County,23,345.0,0.0
27079,Le Sueur,Le Sueur County,16,345.0,0.5625
27143,Sibley,Sibley County,16,69.0,0.75
29177,Ray,Ray County,4,161.0,0.0
29139,Montgomery,Montgomery County,14,345.0,0.3571428571428571
29101,Johnson,Johnson County,21,161.0,0.4285714285714286
40037,Creek,Creek County,29,345.0,0.2068965517241379
40005,Atoka,Atoka County,6,138.0,0.5
40019,Carter,Carter County,31,345.0,0.29032258064516125
40111,Okmulgee,Okmulgee County,9,138.0,0.0
01007,Bibb,Bibb County,16,500.0,0.0625
01133,Winston,Winston County,9,161.0,0.0
01091,Marengo,Marengo County,27,115.0,0.0
24013,Carroll,Carroll County,15,230.0,0.4666666666666667
25027,Worcester,Worcester County,92,345.0,0.14130434782608692
26159,Van Buren,Van Buren County,24,345.0,0.0
28081,Lee,Lee County,22,161.0,0.0
28091,Marion,Marion County,9,230.0,0.0
28067,Jones,Jones County,26,230.0,0.0
28107,Panola,Panola County,11,230.0,0.09090909090909094
29057,Dade,Dade County,6,345.0,0.0
29007,Audrain,Audrain County,18,345.0,0.2222222222222222
29205,Shelby,Shelby County,7,69.0,0.1428571428571429
29123,Madison,Madison County,6,161.0,0.6666666666666667
29223,Wayne,Wayne County,7,161.0,0.1428571428571429
40103,Noble,Noble County,16,345.0,0.125
40093,Major,Major County,11,138.0,0.09090909090909094
40099,Murray,Murray County,11,138.0,0.18181818181818177
26023,Branch,Branch County,31,138.0,0.06451612903225812
26019,Benzie,Benzie County,6,69.0,0.0
26069,Iosco,Iosco County,19,138.0,0.0
28085,Lincoln,Lincoln County,10,115.0,0.0
28073,Lamar,Lamar County,28,230.0,0.0
28133,Sunflower,Sunflower County,14,230.0,0.0714285714285714
29203,Shannon,Shannon County,3,69.0,0.0
30111,Yellowstone,Yellowstone County,59,500.0,0.15254237288135597
40033,Cotton,Cotton County,6,138.0,0.16666666666666663
40061,Haskell,Haskell County,7,161.0,0.0
27099,Mower,Mower County,24,345.0,0.16666666666666663
27011,Big Stone,Big Stone County,17,115.0,0.5294117647058824
28125,Sharkey,Sharkey County,3,115.0,0.0
28127,Simpson,Simpson County,9,161.0,0.0
30065,Musselshell,Musselshell County,14,100.0,0.1428571428571429
30109,Wibaux,Wibaux County,6,57.0,0.8333333333333334
32021,Mineral,Mineral County,9,120.0,0.7777777777777778
35001,Bernalillo,Bernalillo County,128,345.0,0.1015625
35011,De Baca,De Baca County,4,345.0,0.25
28047,Harrison,Harrison County,32,230.0,0.0
28005,Amite,Amite County,7,115.0,0.0
28153,Wayne,Wayne County,14,230.0,0.0714285714285714
28019,Choctaw,Choctaw County,10,500.0,0.0
28037,Franklin,Franklin County,4,500.0,0.0
31023,Butler,Butler County,5,115.0,0.6
31089,Holt,Holt County,25,345.0,0.07999999999999996
35047,San Miguel,San Miguel County,6,115.0,0.8333333333333334
36049,Lewis,Lewis County,27,230.0,0.11111111111111116
36097,Schuyler,Schuyler County,6,115.0,0.6666666666666667
29181,Ripley,Ripley County,7,161.0,0.0
29186,Ste. Genevieve,Ste. Genevieve County,19,345.0,0.8421052631578947
29021,Buchanan,Buchanan County,14,345.0,0.2142857142857143
29107,Lafayette,Lafayette County,25,161.0,0.56
29053,Cooper,Cooper County,7,345.0,0.0
31011,Boone,Boone County,8,115.0,0.375
31143,Polk,Polk County,7,115.0,0.8571428571428572
31093,Howard,Howard County,5,115.0,0.8
31163,Sherman,Sherman County,4,115.0,0.5
31175,Valley,Valley County,14,115.0,0.0
36095,Schoharie,Schoharie County,10,345.0,0.0
36035,Fulton,Fulton County,16,115.0,0.0625
30041,Hill,Hill County,17,115.0,0.05882352941176472
01105,Perry,Perry County,7,115.0,0.0
31065,Furnas,Furnas County,10,,1.0
29167,Polk,Polk County,10,161.0,0.30000000000000004
29151,Osage,Osage County,8,345.0,0.125
29161,Phelps,Phelps County,22,161.0,0.4545454545454546
31139,Pierce,Pierce County,8,69.0,0.25
31045,Dawes,Dawes County,13,230.0,0.07692307692307687
31101,Keith,Keith County,19,345.0,0.0
31149,Rock,Rock County,6,115.0,0.0
36041,Hamilton,Hamilton County,11,46.0,0.18181818181818177
37081,Guilford,Guilford County,83,500.0,0.08433734939759041
48329,Midland,Midland County,63,345.0,0.15873015873015872
48093,Comanche,Comanche County,15,345.0,0.0
48305,Lynn,Lynn County,14,345.0,0.0
48385,Real,Real County,2,69.0,0.0
29055,Crawford,Crawford County,8,161.0,0.125
29083,Henry,Henry County,16,161.0,0.375
29225,Webster,Webster County,10,161.0,0.0
31063,Frontier,Frontier County,10,,1.0
31039,Cuming,Cuming County,14,,1.0
31047,Dawson,Dawson County,29,230.0,0.8275862068965517
31059,Fillmore,Fillmore County,5,,1.0
37035,Catawba,Catawba County,64,230.0,0.046875
37151,Randolph,Randolph County,25,230.0,0.0
37001,Alamance,Alamance County,33,115.0,0.09090909090909094
48297,Live Oak,Live Oak County,17,138.0,0.05882352941176472
48307,McCulloch,McCulloch County,12,345.0,0.16666666666666663
48151,Fisher,Fisher County,12,345.0,0.08333333333333337
48045,Briscoe,Briscoe County,7,345.0,0.4285714285714286
25003,Berkshire,Berkshire County,25,345.0,0.040000000000000036
01013,Butler,Butler County,9,230.0,0.0
26121,Muskegon,Muskegon County,60,138.0,0.01666666666666672
13059,Clarke,Clarke County,25,230.0,0.0
13199,Meriwether,Meriwether County,10,115.0,0.0
16067,Minidoka,Minidoka County,15,345.0,0.2666666666666667
18119,Owen,Owen County,5,230.0,0.0
18037,Dubois,Dubois County,21,345.0,0.04761904761904767
29059,Dallas,Dallas County,5,69.0,0.19999999999999996
31123,Morrill,Morrill County,17,115.0,0.47058823529411764
39083,Knox,Knox County,23,138.0,0.0
39031,Coshocton,Coshocton County,24,345.0,0.08333333333333337
26157,Tuscola,Tuscola County,36,345.0,0.02777777777777779
26031,Cheboygan,Cheboygan County,16,138.0,0.125
13249,Schley,Schley County,2,230.0,0.0
31027,Cedar,Cedar County,16,115.0,0.125
32023,Nye,Nye County,54,230.0,0.5185185185185186
35059,Union,Union County,6,115.0,0.0
18021,Clay,Clay County,13,230.0,0.15384615384615385
54049,Marion,Marion County,30,138.0,0.9666666666666667
40073,Kingfisher,Kingfisher County,22,345.0,0.0
42019,Butler,Butler County,56,500.0,0.375
42131,Wyoming,Wyoming County,10,230.0,0.4
45001,Abbeville,Abbeville County,30,115.0,0.033333333333333326
28093,Marshall,Marshall County,10,161.0,0.0
39105,Meigs,Meigs County,12,138.0,0.25
39093,Lorain,Lorain County,97,345.0,0.09278350515463918
55021,Columbia,Columbia County,41,345.0,0.04878048780487809
46047,Fall River,Fall River County,11,230.0,0.0
47023,Chester,Chester County,4,161.0,0.0
28011,Bolivar,Bolivar County,10,115.0,0.0
28057,Itawamba,Itawamba County,7,161.0,0.0
41009,Columbia,Columbia County,28,500.0,0.8214285714285714
50017,Orange,Orange County,15,230.0,0.1333333333333333
12086,Miami-Dade,Miami-Dade County,148,500.0,0.027027027027026973
48505,Zapata,Zapata County,7,345.0,0.0
48383,Reagan,Reagan County,15,345.0,0.1333333333333333
49031,Piute,Piute County,8,69.0,0.375
21233,Webster,Webster County,21,345.0,0.04761904761904767
21211,Shelby,Shelby County,15,161.0,0.06666666666666665
17005,Bond,Bond County,8,138.0,0.75
17019,Champaign,Champaign County,65,345.0,0.8
55079,Milwaukee,Milwaukee County,77,345.0,0.5064935064935066
56021,Laramie,Laramie County,42,345.0,0.3571428571428571
12059,Holmes,Holmes County,8,230.0,0.0
05027,Columbia,Columbia County,12,500.0,0.0
19123,Mahaska,Mahaska County,8,161.0,0.625
19187,Webster,Webster County,17,345.0,0.17647058823529416
19099,Jasper,Jasper County,12,161.0,0.16666666666666663
19135,Monroe,Monroe County,9,161.0,0.0
19017,Bremer,Bremer County,17,161.0,0.05882352941176472
19157,Poweshiek,Poweshiek County,15,345.0,0.2666666666666667
21087,Green,Green County,5,161.0,0.0
22003,Allen,Allen Parish,15,138.0,0.1333333333333333
08039,Elbert,Elbert County,9,345.0,0.11111111111111116
08003,Alamosa,Alamosa County,16,230.0,0.1875
13233,Polk,Polk County,29,230.0,0.0
37185,Warren,Warren County,11,115.0,0.0
42001,Adams,Adams County,26,500.0,0.42307692307692313
20095,Kingman,Kingman County,11,345.0,0.7272727272727273
20127,Morris,Morris County,1,345.0,0.0
20177,Shawnee,Shawnee County,31,230.0,0.16129032258064513
20159,Rice,Rice County,11,230.0,0.7272727272727273
22061,Lincoln,Lincoln Parish,16,500.0,0.0
23001,Androscoggin,Androscoggin County,17,345.0,0.3529411764705882
13231,Pike,Pike County,8,115.0,0.0
13273,Terrell,Terrell County,12,115.0,0.0
46105,Perkins,Perkins County,6,230.0,0.0
48117,Deaf Smith,Deaf Smith County,21,345.0,0.5238095238095238
16021,Boundary,Boundary County,7,115.0,0.2857142857142857
17045,Edgar,Edgar County,5,138.0,0.6
29217,Vernon,Vernon County,11,161.0,0.4545454545454546
31015,Boyd,Boyd County,2,115.0,0.5
26081,Kent,Kent County,132,345.0,0.007575757575757569
17011,Bureau,Bureau County,26,138.0,0.3846153846153846
17121,Marion,Marion County,27,138.0,0.8888888888888888
18109,Morgan,Morgan County,20,138.0,0.050000000000000044
19127,Marshall,Marshall County,27,345.0,0.18518518518518523
19177,Van Buren,Van Buren County,8,69.0,0.125
20081,Haskell,Haskell County,10,345.0,0.6
17023,Clark,Clark County,10,138.0,0.9
18001,Adams,Adams County,9,138.0,0.0
19109,Kossuth,Kossuth County,26,345.0,0.2692307692307693
20137,Norton,Norton County,2,115.0,0.5
22051,Jefferson,Jefferson Parish,27,230.0,0.14814814814814814
32007,Elko,Elko County,22,345.0,0.5
36015,Chemung,Chemung County,22,345.0,0.7272727272727273
17041,Douglas,Douglas County,12,345.0,0.5833333333333333
54077,Preston,Preston County,11,138.0,0.5454545454545454
17061,Greene,Greene County,14,138.0,0.7142857142857143
21137,Lincoln,Lincoln County,7,69.0,0.0
21143,Lyon,Lyon County,6,161.0,0.33333333333333337
26087,Lapeer,Lapeer County,26,345.0,0.07692307692307687
23029,Washington,Washington County,19,138.0,0.368421052631579
29145,Newton,Newton County,28,161.0,0.6071428571428572
29111,Lewis,Lewis County,7,69.0,0.0
13013,Barrow,Barrow County,12,230.0,0.08333333333333337
37041,Chowan,Chowan County,8,230.0,0.0
39017,Butler,Butler County,89,345.0,0.8651685393258427
56023,Lincoln,Lincoln County,26,230.0,0.5384615384615384
56015,Goshen,Goshen County,30,230.0,0.8666666666666667
05141,Van Buren,Van Buren County,12,161.0,0.0
26079,Kalkaska,Kalkaska County,12,138.0,0.0
27149,Stevens,Stevens County,11,230.0,0.18181818181818177
28097,Montgomery,Montgomery County,3,115.0,0.0
29089,Howard,Howard County,3,34.5,0.6666666666666667
51035,Carroll,Carroll County,6,138.0,0.16666666666666663
17115,Macon,Macon County,51,345.0,0.607843137254902
17139,Moultrie,Moultrie County,8,,1.0
42009,Bedford,Bedford County,18,115.0,0.6111111111111112
47103,Lincoln,Lincoln County,12,161.0,0.0
26131,Ontonagon,Ontonagon County,10,138.0,0.0
29155,Pemiscot,Pemiscot County,15,161.0,0.4
29093,Iron,Iron County,16,138.0,0.375
31001,Adams,Adams County,24,345.0,0.625
35037,Quay,Quay County,10,115.0,0.0
37135,Orange,Orange County,25,230.0,0.0
17159,Richland,Richland County,9,138.0,0.6666666666666667
17053,Ford,Ford County,19,138.0,0.4736842105263158
05051,Garland,Garland County,21,115.0,0.0
48485,Wichita,Wichita County,32,345.0,0.34375
19159,Ringgold,Ringgold County,8,69.0,0.125
29213,Taney,Taney County,19,161.0,0.1578947368421053
29163,Pike,Pike County,12,161.0,0.6666666666666667
29153,Ozark,Ozark County,6,161.0,0.0
29081,Harrison,Harrison County,7,69.0,0.1428571428571429
37037,Chatham,Chatham County,16,230.0,0.0625
40035,Craig,Craig County,8,161.0,0.5
05043,Drew,Drew County,6,115.0,0.0
08047,Gilpin,Gilpin County,3,34.5,0.6666666666666667
19085,Harrison,Harrison County,13,69.0,0.15384615384615385
19097,Jackson,Jackson County,17,161.0,0.3529411764705882
20189,Stevens,Stevens County,9,345.0,0.6666666666666667
33005,Cheshire,Cheshire County,8,345.0,0.125
35025,Lea,Lea County,83,345.0,0.1686746987951807
41069,Wheeler,Wheeler County,5,115.0,0.19999999999999996
42025,Carbon,Carbon County,22,230.0,0.045454545454545414
13085,Dawson,Dawson County,6,230.0,0.0
13161,Jeff Davis,Jeff Davis County,15,230.0,0.0
21219,Todd,Todd County,6,161.0,0.0
01015,Calhoun,Calhoun County,62,230.0,0.08064516129032262
36005,Bronx,Bronx County,20,345.0,0.65
46079,Lake,Lake County,13,69.0,0.0
47087,Jackson,Jackson County,1,161.0,0.0
48255,Karnes,Karnes County,14,345.0,0.0714285714285714
18045,Fountain,Fountain County,14,230.0,0.0
19171,Tama,Tama County,11,161.0,0.36363636363636365
20009,Barton,Barton County,26,230.0,0.3846153846153846
20109,Logan,Logan County,1,,1.0
20101,Lane,Lane County,2,115.0,0.0
21047,Christian,Christian County,29,161.0,0.06896551724137934
21019,Boyd,Boyd County,26,138.0,0.3076923076923077
36107,Tioga,Tioga County,14,115.0,0.7142857142857143
48049,Brown,Brown County,11,345.0,0.0
48483,Wheeler,Wheeler County,13,230.0,0.3846153846153846
49039,Sanpete,Sanpete County,16,138.0,0.9375
51570,Colonial Heights,Colonial Heights city,0,,
21141,Logan,Logan County,12,161.0,0.08333333333333337
26145,Saginaw,Saginaw County,70,345.0,0.014285714285714235
27117,Pipestone,Pipestone County,19,115.0,0.1578947368421053
29215,Texas,Texas County,11,69.0,0.4545454545454546
01123,Tallapoosa,Tallapoosa County,29,230.0,0.0
25019,Nantucket,Nantucket County,2,46.0,0.0
36019,Clinton,Clinton County,50,230.0,0.52
13165,Jenkins,Jenkins County,4,115.0,0.0
13259,Stewart,Stewart County,11,115.0,0.0
16065,Madison,Madison County,11,161.0,0.9090909090909091
13093,Dooly,Dooly County,10,115.0,0.0
13175,Laurens,Laurens County,26,230.0,0.0
29115,Linn,Linn County,8,161.0,0.25
29043,Christian,Christian County,22,161.0,0.5
29141,Morgan,Morgan County,7,161.0,0.1428571428571429
29075,Gentry,Gentry County,5,161.0,0.19999999999999996
40119,Payne,Payne County,41,138.0,0.41463414634146345
40081,Lincoln,Lincoln County,27,138.0,0.14814814814814814
47015,Cannon,Cannon County,1,161.0,0.0
47071,Hardin,Hardin County,9,161.0,0.0
13069,Coffee,Coffee County,10,230.0,0.0
30037,Golden Valley,Golden Valley County,11,100.0,0.0
56009,Converse,Converse County,27,230.0,0.5555555555555556
04003,Cochise,Cochise County,48,345.0,0.02083333333333337
05049,Fulton,Fulton County,4,161.0,0.25
40051,Grady,Grady County,31,345.0,0.06451612903225812
48299,Llano,Llano County,14,138.0,0.0
48209,Hays,Hays County,23,345.0,0.0
31053,Dodge,Dodge County,16,161.0,0.375
31173,Thurston,Thurston County,6,69.0,0.8333333333333334
13211,Morgan,Morgan County,13,230.0,0.0
17141,Ogle,Ogle County,14,345.0,0.6428571428571428
12035,Flagler,Flagler County,8,230.0,0.0
13087,Decatur,Decatur County,17,230.0,0.0
17015,Carroll,Carroll County,5,161.0,0.4
48191,Hall,Hall County,7,345.0,0.0
48235,Irion,Irion County,10,345.0,0.0
48033,Borden,Borden County,13,345.0,0.07692307692307687
49041,Sevier,Sevier County,13,345.0,0.5384615384615384
49021,Iron,Iron County,29,345.0,0.27586206896551724
50023,Washington,Washington County,32,115.0,0.0625
12133,Washington,Washington County,8,230.0,0.0
31017,Brown,Brown County,6,115.0,0.16666666666666663
31105,Kimball,Kimball County,6,115.0,0.8333333333333334
33013,Merrimack,Merrimack County,37,230.0,0.7297297297297297
17025,Clay,Clay County,18,345.0,0.7777777777777778
17087,Johnson,Johnson County,10,69.0,0.6
17155,Putnam,Putnam County,6,138.0,0.6666666666666667
19145,Page,Page County,10,345.0,0.09999999999999998
19061,Dubuque,Dubuque County,36,345.0,0.08333333333333337
20035,Cowley,Cowley County,24,138.0,0.04166666666666663
13223,Paulding,Paulding County,18,230.0,0.0
13023,Bleckley,Bleckley County,3,115.0,0.0
46045,Edmunds,Edmunds County,12,115.0,0.0
46067,Hutchinson,Hutchinson County,11,115.0,0.0
46059,Hand,Hand County,13,230.0,0.07692307692307687
35006,Cibola,Cibola County,12,115.0,0.5833333333333333
35057,Torrance,Torrance County,25,345.0,0.24
35028,Los Alamos,Los Alamos County,6,115.0,0.33333333333333337
18079,Jennings,Jennings County,8,161.0,0.125
18041,Fayette,Fayette County,11,138.0,0.09090909090909094
18137,Ripley,Ripley County,14,345.0,0.0714285714285714
18121,Parke,Parke County,10,138.0,0.19999999999999996
21075,Fulton,Fulton County,9,69.0,0.11111111111111116
27105,Nobles,Nobles County,18,345.0,0.2777777777777778
28113,Pike,Pike County,12,115.0,0.0
46081,Lawrence,Lawrence County,23,230.0,0.0
46015,Brule,Brule County,10,230.0,0.0
46107,Potter,Potter County,9,230.0,0.0
36109,Tompkins,Tompkins County,25,115.0,0.76
36023,Cortland,Cortland County,30,345.0,0.19999999999999996
36099,Seneca,Seneca County,15,115.0,0.8666666666666667
18101,Martin,Martin County,8,138.0,0.125
18073,Jasper,Jasper County,27,345.0,0.11111111111111116
19153,Polk,Polk County,68,345.0,0.2647058823529411
48309,McLennan,McLennan County,44,345.0,0.06818181818181823
48251,Johnson,Johnson County,37,345.0,0.10810810810810811
48451,Tom Green,Tom Green County,40,345.0,0.07499999999999996
48133,Eastland,Eastland County,16,345.0,0.3125
48285,Lavaca,Lavaca County,10,138.0,0.0
48113,Dallas,Dallas County,244,345.0,0.1598360655737705
48013,Atascosa,Atascosa County,18,345.0,0.11111111111111116
38063,Nelson,Nelson County,14,115.0,0.6428571428571428
38061,Mountrail,Mountrail County,40,345.0,0.375
38089,Stark,Stark County,34,345.0,0.05882352941176472
19049,Dallas,Dallas County,21,345.0,0.0
19021,Buena Vista,Buena Vista County,23,161.0,0.08695652173913049
19015,Boone,Boone County,18,345.0,0.33333333333333337
19141,O'Brien,O'Brien County,16,345.0,0.25
19091,Humboldt,Humboldt County,11,161.0,0.09090909090909094
48101,Cottle,Cottle County,3,138.0,0.0
48183,Gregg,Gregg County,26,138.0,0.5384615384615384
48233,Hutchinson,Hutchinson County,21,230.0,0.0
48127,Dimmit,Dimmit County,8,138.0,0.125
48447,Throckmorton,Throckmorton County,7,345.0,0.0
48337,Montague,Montague County,16,138.0,0.25
48159,Franklin,Franklin County,10,345.0,0.09999999999999998
48445,Terry,Terry County,17,115.0,0.05882352941176472
38083,Sheridan,Sheridan County,5,,1.0
39091,Logan,Logan County,17,138.0,0.8235294117647058
39063,Hancock,Hancock County,45,345.0,0.37777777777777777
39121,Noble,Noble County,13,138.0,0.0
20051,Ellis,Ellis County,23,345.0,0.5217391304347826
20143,Ottawa,Ottawa County,1,,1.0
20169,Saline,Saline County,13,345.0,0.23076923076923073
20155,Reno,Reno County,31,345.0,0.6451612903225806
20105,Lincoln,Lincoln County,4,230.0,0.5
30011,Carter,Carter County,4,69.0,0.5
30079,Prairie,Prairie County,8,,1.0
31037,Colfax,Colfax County,10,,1.0
31041,Custer,Custer County,25,345.0,0.040000000000000036
48461,Upton,Upton County,32,345.0,0.25
48163,Frio,Frio County,15,138.0,0.1333333333333333
48179,Gray,Gray County,12,345.0,0.0
48425,Somervell,Somervell County,4,345.0,0.5
48211,Hemphill,Hemphill County,4,69.0,0.0
48107,Crosby,Crosby County,13,345.0,0.8461538461538461
48433,Stonewall,Stonewall County,8,138.0,0.0
27121,Pope,Pope County,12,,1.0
39023,Clark,Clark County,34,345.0,0.05882352941176472
39059,Guernsey,Guernsey County,24,765.0,0.04166666666666663
39005,Ashland,Ashland County,28,138.0,0.0
39159,Union,Union County,16,765.0,0.5625
20031,Coffey,Coffey County,14,345.0,0.0714285714285714
20171,Scott,Scott County,6,345.0,0.33333333333333337
20087,Jefferson,Jefferson County,4,115.0,0.25
20179,Sheridan,Sheridan County,9,115.0,0.5555555555555556
20071,Greeley,Greeley County,3,115.0,0.33333333333333337
31181,Webster,Webster County,11,345.0,0.6363636363636364
31019,Buffalo,Buffalo County,35,230.0,0.4
31013,Box Butte,Box Butte County,17,115.0,0.0
27159,Wadena,Wadena County,15,230.0,0.33333333333333337
28099,Neshoba,Neshoba County,11,161.0,0.0
28065,Jefferson Davis,Jefferson Davis County,10,161.0,0.0
28115,Pontotoc,Pontotoc County,4,161.0,0.0
40049,Garvin,Garvin County,28,138.0,0.1785714285714286
40131,Rogers,Rogers County,25,345.0,0.19999999999999996
20187,Stanton,Stanton County,5,115.0,0.0
21173,Montgomery,Montgomery County,10,138.0,0.0
21057,Cumberland,Cumberland County,1,161.0,0.0
31003,Antelope,Antelope County,18,345.0,0.5555555555555556
32027,Pershing,Pershing County,24,120.0,0.7916666666666666
35049,Santa Fe,Santa Fe County,27,345.0,0.7037037037037037
28135,Tallahatchie,Tallahatchie County,4,161.0,0.0
29039,Cedar,Cedar County,10,161.0,0.30000000000000004
29001,Adair,Adair County,11,345.0,0.5454545454545454
29169,Pulaski,Pulaski County,18,345.0,0.2222222222222222
41071,Yamhill,Yamhill County,16,230.0,0.3125
41049,Morrow,Morrow County,38,500.0,0.5
22121,West Baton Rouge,West Baton Rouge Parish,21,230.0,0.19047619047619047
22049,Jackson,Jackson Parish,4,115.0,0.25
26075,Jackson,Jackson County,54,345.0,0.0
36039,Greene,Greene County,14,345.0,0.0
36057,Montgomery,Montgomery County,11,115.0,0.36363636363636365
29079,Grundy,Grundy County,11,161.0,0.09090909090909094
29211,Sullivan,Sullivan County,12,161.0,0.25
29131,Miller,Miller County,12,161.0,0.25
29015,Benton,Benton County,14,161.0,0.0714285714285714
42011,Berks,Berks County,82,230.0,0.09756097560975607
42087,Mifflin,Mifflin County,18,230.0,0.05555555555555558
26095,Luce,Luce County,5,69.0,0.0
26039,Crawford,Crawford County,9,138.0,0.0
27037,Dakota,Dakota County,53,345.0,0.24528301886792447
37197,Yadkin,Yadkin County,17,100.0,0.0
37063,Durham,Durham County,53,500.0,0.037735849056603765
40083,Logan,Logan County,20,345.0,0.09999999999999998
40097,Mayes,Mayes County,45,345.0,0.4222222222222223
42075,Lebanon,Lebanon County,22,230.0,0.045454545454545414
51197,Wythe,Wythe County,5,765.0,0.0
51045,Craig,Craig County,2,69.0,0.0
51660,Harrisonburg,Harrisonburg city,12,230.0,0.0
27123,Ramsey,Ramsey County,23,345.0,0.8260869565217391
27035,Crow Wing,Crow Wing County,22,230.0,0.13636363636363635
27005,Becker,Becker County,28,230.0,0.4642857142857143
37191,Wayne,Wayne County,26,230.0,0.0
37061,Duplin,Duplin County,20,230.0,0.0
42119,Union,Union County,8,69.0,0.0
42081,Lycoming,Lycoming County,31,230.0,0.16129032258064513
51640,Galax,Galax city,2,138.0,0.0
53013,Columbia,Columbia County,9,230.0,0.5555555555555556
55087,Outagamie,Outagamie County,79,345.0,0.3417721518987342
27003,Anoka,Anoka County,32,345.0,0.34375
27095,Mille Lacs,Mille Lacs County,11,230.0,0.0
27029,Clearwater,Clearwater County,16,115.0,0.4375
37003,Alexander,Alexander County,13,100.0,0.23076923076923073
38031,Foster,Foster County,6,115.0,0.8333333333333334
38045,LaMoure,LaMoure County,16,115.0,0.8125
38069,Pierce,Pierce County,16,230.0,0.5
42079,Luzerne,Luzerne County,85,500.0,0.05882352941176472
13307,Webster,Webster County,5,115.0,0.0
46037,Day,Day County,13,115.0,0.6923076923076923
55077,Marquette,Marquette County,8,69.0,0.0
55103,Richland,Richland County,11,69.0,0.09090909090909094
56017,Hot Springs,Hot Springs County,14,230.0,0.6428571428571428
28025,Clay,Clay County,8,500.0,0.125
28139,Tippah,Tippah County,5,161.0,0.0
28119,Quitman,Quitman County,1,115.0,0.0
39073,Hocking,Hocking County,10,138.0,0.19999999999999996
39175,Wyandot,Wyandot County,12,,1.0
39151,Stark,Stark County,125,345.0,0.11199999999999999
46125,Turner,Turner County,11,69.0,0.0
46033,Custer,Custer County,8,69.0,0.0
46017,Buffalo,Buffalo County,3,345.0,0.0
17193,White,White County,23,345.0,0.8695652173913043
18043,Floyd,Floyd County,18,345.0,0.16666666666666663
18007,Benton,Benton County,15,345.0,0.1333333333333333
28123,Scott,Scott County,18,161.0,0.11111111111111116
28101,Newton,Newton County,11,115.0,0.09090909090909094
29121,Macon,Macon County,15,69.0,0.33333333333333337
29067,Douglas,Douglas County,5,69.0,0.0
39141,Ross,Ross County,24,345.0,0.25
39077,Huron,Huron County,32,69.0,0.0
39047,Fayette,Fayette County,9,345.0,0.2222222222222222
46063,Harding,Harding County,6,69.0,0.0
47075,Haywood,Haywood County,17,500.0,0.0
18039,Elkhart,Elkhart County,50,345.0,0.06000000000000005
18033,DeKalb,DeKalb County,31,345.0,0.0
13063,Clayton,Clayton County,28,500.0,0.0357142857142857
13171,Lamar,Lamar County,11,230.0,0.0
27041,Douglas,Douglas County,17,115.0,0.5882352941176471
28031,Covington,Covington County,11,161.0,0.0
29071,Franklin,Franklin County,25,345.0,0.6799999999999999
17001,Adams,Adams County,26,345.0,0.6153846153846154
51690,Martinsville,Martinsville city,6,138.0,0.5
56019,Johnson,Johnson County,8,230.0,0.625
21191,Pendleton,Pendleton County,5,138.0,0.4
26107,Mecosta,Mecosta County,18,138.0,0.0
29185,St. Clair,St. Clair County,9,161.0,0.11111111111111116
30097,Sweet Grass,Sweet Grass County,10,161.0,0.0
35041,Roosevelt,Roosevelt County,28,345.0,0.0714285714285714
29073,Gasconade,Gasconade County,11,345.0,0.18181818181818177
30095,Stillwater,Stillwater County,18,230.0,0.11111111111111116
31113,Logan,Logan County,3,115.0,0.0
35003,Catron,Catron County,5,345.0,0.0
50005,Caledonia,Caledonia County,24,115.0,0.08333333333333337
18087,LaGrange,LaGrange County,16,345.0,0.0
39071,Highland,Highland County,12,138.0,0.33333333333333337
40055,Greer,Greer County,4,69.0,0.25
19033,Cerro Gordo,Cerro Gordo County,30,345.0,0.1333333333333333
05083,Logan,Logan County,10,161.0,0.0
18169,Wabash,Wabash County,16,138.0,0.0625
27085,McLeod,McLeod County,21,230.0,0.23809523809523814
12067,Lafayette,Lafayette County,1,69.0,0.0
48463,Uvalde,Uvalde County,13,138.0,0.0
38039,Griggs,Griggs County,8,69.0,0.625
01083,Limestone,Limestone County,23,500.0,0.04347826086956519
16011,Bingham,Bingham County,22,161.0,0.6818181818181819
48415,Scurry,Scurry County,49,345.0,0.08163265306122447
28159,Winston,Winston County,7,161.0,0.0
30025,Fallon,Fallon County,24,115.0,0.9583333333333334
40153,Woodward,Woodward County,23,345.0,0.17391304347826086
26149,St. Joseph,St. Joseph County,34,138.0,0.11764705882352944
18151,Steuben,Steuben County,20,138.0,0.050000000000000044
01113,Russell,Russell County,23,115.0,0.04347826086956519
21093,Hardin,Hardin County,44,345.0,0.2727272727272727
26053,Gogebic,Gogebic County,18,115.0,0.05555555555555558
40141,Tillman,Tillman County,10,69.0,0.09999999999999998
47013,Campbell,Campbell County,12,161.0,0.08333333333333337
51171,Shenandoah,Shenandoah County,7,138.0,0.5714285714285714
55037,Florence,Florence County,4,138.0,0.25
12093,Okeechobee,Okeechobee County,10,500.0,0.0
22073,Ouachita,Ouachita Parish,24,500.0,0.0
30043,Jefferson,Jefferson County,11,161.0,0.18181818181818177
37027,Caldwell,Caldwell County,37,100.0,0.08108108108108103
48213,Henderson,Henderson County,29,345.0,0.13793103448275867
53025,Grant,Grant County,73,500.0,0.5205479452054795
13151,Henry,Henry County,17,230.0,0.0
48189,Hale,Hale County,34,345.0,0.7058823529411764
39161,Van Wert,Van Wert County,13,345.0,0.46153846153846156
19119,Lyon,Lyon County,11,230.0,0.09090909090909094
01027,Clay,Clay County,12,230.0,0.0
26127,Oceana,Oceana County,24,138.0,0.0
13139,Hall,Hall County,54,500.0,0.07407407407407407
18099,Marshall,Marshall County,25,345.0,0.12
30057,Madison,Madison County,15,161.0,0.0
51073,Gloucester,Gloucester County,5,230.0,0.19999999999999996
27025,Chisago,Chisago County,13,500.0,0.15384615384615385
39145,Scioto,Scioto County,27,138.0,0.6666666666666667
55083,Oconto,Oconto County,21,345.0,0.04761904761904767
51685,Manassas Park,Manassas Park city,1,115.0,0.0
55133,Waukesha,Waukesha County,32,345.0,0.53125
55141,Wood,Wood County,37,345.0,0.10810810810810811
01067,Henry,Henry County,15,115.0,0.0
17119,Madison,Madison County,87,345.0,0.7471264367816092
19129,Mills,Mills County,6,161.0,0.5
55099,Price,Price County,13,115.0,0.15384615384615385
35019,Guadalupe,Guadalupe County,9,345.0,0.4444444444444444
38041,Hettinger,Hettinger County,7,115.0,0.2857142857142857
39119,Muskingum,Muskingum County,30,345.0,0.033333333333333326
39163,Vinton,Vinton County,5,765.0,0.19999999999999996
40039,Custer,Custer County,20,345.0,0.15000000000000002
06075,San Francisco,San Francisco County,82,230.0,0.8536585365853658
48487,Wilbarger,Wilbarger County,22,345.0,0.045454545454545414
28075,Lauderdale,Lauderdale County,24,230.0,0.0
29199,Scotland,Scotland County,5,69.0,0.0
31087,Hitchcock,Hitchcock County,11,,1.0
39037,Darke,Darke County,10,138.0,0.9
18173,Warrick,Warrick County,29,138.0,0.03448275862068961
18105,Monroe,Monroe County,23,230.0,0.08695652173913049
26093,Livingston,Livingston County,27,345.0,0.03703703703703709
47109,McNairy,McNairy County,11,161.0,0.0
53059,Skamania,Skamania County,7,230.0,0.1428571428571429
31075,Grant,Grant County,1,115.0,0.0
40127,Pushmataha,Pushmataha County,10,138.0,0.0
46129,Walworth,Walworth County,12,230.0,0.0
48263,Kent,Kent County,14,345.0,0.0
48363,Palo Pinto,Palo Pinto County,10,138.0,0.30000000000000004
17145,Perry,Perry County,17,345.0,0.5882352941176471
55089,Ozaukee,Ozaukee County,13,345.0,0.3846153846153846
51670,Hopewell,Hopewell city,7,230.0,0.2857142857142857
13067,Cobb,Cobb County,91,500.0,0.03296703296703296
48221,Hood,Hood County,25,345.0,0.12
28017,Chickasaw,Chickasaw County,5,161.0,0.0
55135,Waupaca,Waupaca County,29,138.0,0.27586206896551724
55091,Pepin,Pepin County,3,69.0,0.0
01029,Cleburne,Cleburne County,10,115.0,0.0
13017,Ben Hill,Ben Hill County,11,115.0,0.0
13201,Miller,Miller County,4,115.0,0.0
19143,Osceola,Osceola County,9,161.0,0.11111111111111116
20185,Stafford,Stafford County,7,115.0,0.5714285714285714
28069,Kemper,Kemper County,9,230.0,0.0
29125,Maries,Maries County,8,161.0,0.375
29219,Warren,Warren County,12,345.0,0.41666666666666663
31079,Hall,Hall County,24,115.0,0.29166666666666663
05055,Greene,Greene County,21,161.0,0.0
17013,Calhoun,Calhoun County,4,138.0,0.5
55109,St. Croix,St. Croix County,26,161.0,0.11538461538461542
05065,Izard,Izard County,10,161.0,0.0
12099,Palm Beach,Palm Beach County,101,500.0,0.0
19113,Linn,Linn County,99,345.0,0.38383838383838387
19105,Jones,Jones County,13,161.0,0.0
31073,Gosper,Gosper County,9,230.0,0.4444444444444444
36121,Wyoming,Wyoming County,26,230.0,0.3076923076923077
19173,Taylor,Taylor County,3,69.0,0.6666666666666667
51770,Roanoke,Roanoke city,15,138.0,0.0
55041,Forest,Forest County,1,115.0,0.0
08025,Crowley,Crowley County,2,69.0,0.0
13287,Turner,Turner County,4,115.0,0.0
26117,Montcalm,Montcalm County,30,345.0,0.033333333333333326
31009,Blaine,Blaine County,2,,1.0
31125,Nance,Nance County,1,115.0,0.0
35005,Chaves,Chaves County,29,345.0,0.03448275862068961
37183,Wake,Wake County,90,500.0,0.05555555555555558
38065,Oliver,Oliver County,12,345.0,0.41666666666666663
13193,Macon,Macon County,12,115.0,0.0
18081,Johnson,Johnson County,33,230.0,0.1515151515151515
48027,Bell,Bell County,49,345.0,0.08163265306122447
05009,Boone,Boone County,6,161.0,0.16666666666666663
08063,Kit Carson,Kit Carson County,22,345.0,0.18181818181818177
38021,Dickey,Dickey County,19,230.0,0.3157894736842105
39045,Fairfield,Fairfield County,36,345.0,0.0
39097,Madison,Madison County,19,345.0,0.26315789473684215
12115,Sarasota,Sarasota County,31,230.0,0.0
48259,Kendall,Kendall County,12,345.0,0.0
48365,Panola,Panola County,17,138.0,0.47058823529411764
48171,Gillespie,Gillespie County,13,138.0,0.15384615384615385
13149,Heard,Heard County,14,500.0,0.0
39087,Lawrence,Lawrence County,20,765.0,0.5
42105,Potter,Potter County,14,115.0,0.2142857142857143
46051,Grant,Grant County,26,345.0,0.11538461538461542
48111,Dallam,Dallam County,11,230.0,0.09090909090909094
40091,McIntosh,McIntosh County,11,161.0,0.18181818181818177
40149,Washita,Washita County,10,345.0,0.09999999999999998
05035,Crittenden,Crittenden County,13,500.0,0.0
41041,Lincoln,Lincoln County,27,230.0,0.8518518518518519
18093,Lawrence,Lawrence County,20,345.0,0.09999999999999998
18103,Miami,Miami County,16,345.0,0.0
19081,Hancock,Hancock County,17,161.0,0.11764705882352944
19095,Iowa,Iowa County,14,345.0,0.3571428571428571
20193,Thomas,Thomas County,11,345.0,0.6363636363636364
17157,Randolph,Randolph County,19,345.0,0.5263157894736843
17085,Jo Daviess,Jo Daviess County,22,69.0,0.4545454545454546
27161,Waseca,Waseca County,7,115.0,0.0
27083,Lyon,Lyon County,107,345.0,0.028037383177570097
28077,Lawrence,Lawrence County,4,115.0,0.0
31167,Stanton,Stanton County,7,345.0,0.7142857142857143
35061,Valencia,Valencia County,22,115.0,0.09090909090909094
47067,Hancock,Hancock County,2,161.0,0.0
17059,Gallatin,Gallatin County,7,161.0,0.2857142857142857
20079,Harvey,Harvey County,12,138.0,0.5833333333333333
21009,Barren,Barren County,21,161.0,0.04761904761904767
18155,Switzerland,Switzerland County,10,138.0,0.30000000000000004
19071,Fremont,Fremont County,4,69.0,0.0
20175,Seward,Seward County,15,115.0,0.19999999999999996
39065,Hardin,Hardin County,16,345.0,0.5
40017,Canadian,Canadian County,29,345.0,0.2068965517241379
48441,Taylor,Taylor County,56,345.0,0.0357142857142857
18029,Dearborn,Dearborn County,23,345.0,0.21739130434782605
20089,Jewell,Jewell County,5,115.0,0.6
21213,Simpson,Simpson County,8,161.0,0.0
23011,Kennebec,Kennebec County,34,345.0,0.2941176470588235
51550,Chesapeake,Chesapeake city,22,500.0,0.045454545454545414
17165,Saline,Saline County,27,161.0,0.8888888888888888
21185,Oldham,Oldham County,8,345.0,0.375
01021,Chilton,Chilton County,27,115.0,0.07407407407407407
23009,Hancock,Hancock County,16,115.0,0.375
36093,Schenectady,Schenectady County,24,345.0,0.375
37109,Lincoln,Lincoln County,35,230.0,0.08571428571428574
38049,McHenry,McHenry County,24,230.0,0.7916666666666666
27133,Rock,Rock County,13,161.0,0.23076923076923073
28023,Clarke,Clarke County,13,230.0,0.0
35009,Curry,Curry County,22,345.0,0.13636363636363635
36073,Orleans,Orleans County,11,115.0,0.7272727272727273
54055,Mercer,Mercer County,10,138.0,0.0
55013,Burnett,Burnett County,21,69.0,0.1428571428571429
26101,Manistee,Manistee County,19,138.0,0.10526315789473684
28059,Jackson,Jackson County,40,500.0,0.0
39113,Montgomery,Montgomery County,48,138.0,0.9375
39115,Morgan,Morgan County,8,138.0,0.0
40107,Okfuskee,Okfuskee County,10,161.0,0.09999999999999998
13071,Colquitt,Colquitt County,19,230.0,0.0
13005,Bacon,Bacon County,4,230.0,0.0
19115,Louisa,Louisa County,12,161.0,0.5
56001,Albany,Albany County,14,230.0,0.5714285714285714
05087,Madison,Madison County,7,69.0,0.1428571428571429
29009,Barry,Barry County,13,161.0,0.23076923076923073
35029,Luna,Luna County,18,345.0,0.5
13035,Butts,Butts County,9,115.0,0.11111111111111116
42053,Forest,Forest County,3,,1.0
54005,Boone,Boone County,35,138.0,0.2571428571428571
55081,Monroe,Monroe County,28,161.0,0.0357142857142857
55067,Langlade,Langlade County,4,115.0,0.0
19019,Buchanan,Buchanan County,21,345.0,0.1428571428571429
20059,Franklin,Franklin County,6,161.0,0.5
20195,Trego,Trego County,9,115.0,0.5555555555555556
51043,Clarke,Clarke County,5,138.0,0.19999999999999996
45039,Fairfield,Fairfield County,20,230.0,0.0
47077,Henderson,Henderson County,8,161.0,0.0
48473,Waller,Waller County,11,345.0,0.18181818181818177
48087,Collingsworth,Collingsworth County,2,138.0,0.0
13277,Tift,Tift County,14,500.0,0.0
18097,Marion,Marion County,98,345.0,0.11224489795918369
18065,Henry,Henry County,22,345.0,0.045454545454545414
18181,White,White County,27,765.0,0.07407407407407407
01039,Covington,Covington County,31,230.0,0.0
05105,Perry,Perry County,6,115.0,0.0
12019,Clay,Clay County,34,230.0,0.0
46025,Clark,Clark County,13,345.0,0.0
47007,Bledsoe,Bledsoe County,2,161.0,0.0
48439,Tarrant,Tarrant County,132,345.0,0.1515151515151515
19181,Warren,Warren County,7,345.0,0.1428571428571429
19103,Johnson,Johnson County,51,345.0,0.5294117647058824
19137,Montgomery,Montgomery County,8,69.0,0.375
20065,Graham,Graham County,8,115.0,0.75
01077,Lauderdale,Lauderdale County,50,161.0,0.020000000000000018
13131,Grady,Grady County,9,115.0,0.0
20011,Bourbon,Bourbon County,8,161.0,0.125
21145,McCracken,McCracken County,35,500.0,0.22857142857142854
21171,Monroe,Monroe County,4,161.0,0.0
48123,DeWitt,DeWitt County,11,138.0,0.0
26045,Eaton,Eaton County,36,345.0,0.08333333333333337
27057,Hubbard,Hubbard County,24,230.0,0.25
20003,Anderson,Anderson County,2,,1.0
20083,Hodgeman,Hodgeman County,4,69.0,0.5
22089,St. Charles,St. Charles Parish,30,500.0,0.09999999999999998
26161,Washtenaw,Washtenaw County,87,345.0,0.011494252873563204
16019,Bonneville,Bonneville County,34,161.0,0.5294117647058824
17183,Vermilion,Vermilion County,47,345.0,0.8085106382978724
20007,Barber,Barber County,10,345.0,0.4
27081,Lincoln,Lincoln County,25,345.0,0.12
28027,Coahoma,Coahoma County,7,115.0,0.0
30091,Sheridan,Sheridan County,14,115.0,0.9285714285714286
28071,Lafayette,Lafayette County,15,161.0,0.06666666666666665
28015,Carroll,Carroll County,4,115.0,0.0
17093,Kendall,Kendall County,14,765.0,0.1428571428571429
55045,Green,Green County,16,138.0,0.0625
55125,Vilas,Vilas County,10,138.0,0.30000000000000004
05123,St. Francis,St. Francis County,12,161.0,0.0
20183,Smith,Smith County,5,115.0,0.8
35053,Socorro,Socorro County,6,345.0,0.5
51830,Williamsburg,Williamsburg city,1,34.5,0.0
31165,Sioux,Sioux County,1,69.0,0.0
36021,Columbia,Columbia County,18,115.0,0.33333333333333337
39099,Mahoning,Mahoning County,133,138.0,0.5563909774436091
29047,Clay,Clay County,35,345.0,0.08571428571428574
29135,Moniteau,Moniteau County,8,161.0,0.375
31119,Madison,Madison County,29,230.0,0.7931034482758621
05079,Lincoln,Lincoln County,5,115.0,0.19999999999999996
08045,Garfield,Garfield County,21,345.0,0.38095238095238093
13057,Cherokee,Cherokee County,34,500.0,0.08823529411764708
26043,Dickinson,Dickinson County,15,345.0,0.06666666666666665
20073,Greenwood,Greenwood County,3,138.0,0.0
26065,Ingham,Ingham County,56,138.0,0.0535714285714286
40151,Woods,Woods County,12,345.0,0.16666666666666663
44001,Bristol,Bristol County,4,115.0,0.0
51678,Lexington,Lexington city,0,,
54105,Wirt,Wirt County,0,,
55069,Lincoln,Lincoln County,10,115.0,0.4
47083,Houston,Houston County,1,161.0,0.0
48115,Dawson,Dawson County,16,345.0,0.0
26123,Newaygo,Newaygo County,22,138.0,0.045454545454545414
27033,Cottonwood,Cottonwood County,18,115.0,0.11111111111111116
27087,Mahnomen,Mahnomen County,3,,1.0
17117,Macoupin,Macoupin County,18,138.0,0.8333333333333334
05047,Franklin,Franklin County,11,161.0,0.0
01017,Chambers,Chambers County,21,230.0,0.04761904761904767
48097,Cooke,Cooke County,25,345.0,0.040000000000000036
17191,Wayne,Wayne County,10,138.0,0.9
