fips,NAME,NAMELSAD,max_voltage_kv,has_any_line,frac_km_unknown_voltage,km_ge765,km_lt69_unknown,km_v115,km_v138,km_v230,km_v345,km_v500,km_v69
01003,Baldwin,Baldwin County,500.0,True,0.07186358099878197,0,59,500,0,225,0,37,0
01069,Houston,Houston County,500.0,True,0.2183288409703504,0,81,138,0,136,0,16,0
01005,Barbour,Barbour County,500.0,True,0.24516129032258063,0,76,194,0,21,0,19,0
01119,Sumter,Sumter County,230.0,True,0.4806201550387597,0,124,48,0,86,0,0,0
05091,Miller,Miller County,138.0,True,0.12568306010928962,0,23,0,59,0,0,0,101
05133,Sevier,Sevier County,138.0,True,0.0,0,0,0,52,0,0,0,71
05093,Mississippi,Mississippi County,500.0,True,0.05778894472361809,0,23,0,283,0,0,92,0
06037,Los Angeles,Los Angeles County,1000.0,True,0.37276190476190474,64,1957,22,467,1794,0,931,15
06087,Santa Cruz,Santa Cruz County,500.0,True,0.42857142857142855,0,75,84,0,11,0,5,0
06097,Sonoma,Sonoma County,230.0,True,0.39537444933920707,0,359,187,0,362,0,0,0
06013,Contra Costa,Contra Costa County,500.0,True,0.13296011196641008,0,190,441,9,672,0,86,31
06003,Alpine,Alpine County,120.0,True,1.0,0,2,0,0,0,0,0,0
08067,La Plata,La Plata County,345.0,True,0.043209876543209874,0,21,361,0,0,51,0,53
08113,San Miguel,San Miguel County,345.0,True,0.06635071090047394,0,14,120,0,40,37,0,0
10001,Kent,Kent County,230.0,True,0.011560693641618497,0,4,0,67,134,0,0,141
12123,Taylor,Taylor County,230.0,True,0.0,0,0,30,0,70,0,0,59
12017,Citrus,Citrus County,500.0,True,0.0,0,0,120,0,183,0,77,100
12071,Lee,Lee County,500.0,True,0.1275252525252525,0,101,0,284,375,0,32,0
12101,Pasco,Pasco County,500.0,True,0.14375,0,69,116,0,115,0,31,149
12033,Escambia,Escambia County,230.0,True,0.14465408805031446,0,69,239,0,169,0,0,0
12037,Franklin,Franklin County,230.0,True,0.013422818791946308,0,2,0,0,15,0,0,132
12065,Jefferson,Jefferson County,230.0,True,0.0,0,0,73,0,11,0,0,36
13185,Lowndes,Lowndes County,230.0,True,0.024615384615384615,0,8,194,0,77,0,0,46
13127,Glynn,Glynn County,500.0,True,0.26625386996904027,0,86,102,0,85,0,50,0
13051,Chatham,Chatham County,500.0,True,0.20238095238095238,0,85,223,0,93,0,19,0
13179,Liberty,Liberty County,500.0,True,0.33986928104575165,0,52,57,0,16,0,28,0
13073,Columbia,Columbia County,230.0,True,0.3033175355450237,0,64,116,0,31,0,0,0
13137,Habersham,Habersham County,115.0,True,0.41379310344827586,0,60,85,0,0,0,0,0
16041,Franklin,Franklin County,345.0,True,0.0,0,0,0,69,176,89,0,68
16033,Clark,Clark County,230.0,True,0.05517241379310345,0,8,60,0,67,0,0,10
16079,Shoshone,Shoshone County,500.0,True,0.0,0,0,23,0,57,0,143,89
17031,Cook,Cook County,345.0,True,0.06811797752808989,0,97,0,798,0,529,0,0
16073,Owyhee,Owyhee County,500.0,True,0.2708333333333333,0,52,61,25,5,0,49,0
16035,Clearwater,Clearwater County,500.0,True,0.0,0,0,10,25,0,0,31,52
18123,Perry,Perry County,765.0,True,0.0,12,0,0,46,0,0,0,49
18075,Jay,Jay County,138.0,True,0.5327102803738317,0,57,0,50,0,0,0,0
19045,Clinton,Clinton County,345.0,True,0.15315315315315314,0,34,19,85,0,33,0,51
04009,Graham,Graham County,345.0,True,0.12396694214876033,0,45,0,0,131,116,0,71
19195,Worth,Worth County,161.0,True,0.1926605504587156,0,21,0,56,0,0,0,32
20199,Wallace,Wallace County,115.0,True,0.0,0,0,62,0,0,0,0,3
01117,Shelby,Shelby County,230.0,True,0.2838283828382838,0,172,209,0,225,0,0,0
01055,Etowah,Etowah County,230.0,True,0.21810699588477367,0,53,146,0,44,0,0,0
01051,Elmore,Elmore County,230.0,True,0.12853470437017994,0,50,323,0,16,0,0,0
01099,Monroe,Monroe County,230.0,True,0.4152823920265781,0,125,116,0,60,0,0,0
21095,Harlan,Harlan County,500.0,True,0.16025641025641027,0,50,0,101,0,0,32,129
22075,Plaquemines,Plaquemines Parish,230.0,True,0.30434782608695654,0,42,85,0,11,0,0,0
22117,Washington,Washington Parish,500.0,True,0.4195583596214511,0,133,68,0,65,0,51,0
22017,Caddo,Caddo Parish,345.0,True,0.3064516129032258,0,209,0,274,0,92,0,107
01035,Conecuh,Conecuh County,230.0,True,0.056179775280898875,0,15,155,0,97,0,0,0
01085,Lowndes,Lowndes County,500.0,True,0.23036649214659685,0,44,112,0,9,0,26,0
23015,Lincoln,Lincoln County,345.0,True,0.0,0,0,118,0,0,59,0,0
23017,Oxford,Oxford County,115.0,True,0.0,0,0,238,0,0,0,0,0
24005,Baltimore,Baltimore County,500.0,True,0.03080872913992298,0,24,514,0,181,0,60,0
24025,Harford,Harford County,500.0,True,0.0,0,0,93,0,128,0,23,0
24041,Talbot,Talbot County,138.0,True,0.0,0,0,0,24,0,0,0,58
24015,Cecil,Cecil County,500.0,True,0.2196969696969697,0,29,0,0,53,0,40,10
25009,Essex,Essex County,345.0,True,0.06227106227106227,0,17,200,0,3,53,0,0
25005,Bristol,Bristol County,345.0,True,0.05073649754500818,0,31,476,0,0,104,0,0
25021,Norfolk,Norfolk County,345.0,True,0.0021141649048625794,0,1,228,0,54,190,0,0
26041,Delta,Delta County,138.0,True,0.06722689075630252,0,24,0,176,0,0,0,157
26055,Grand Traverse,Grand Traverse County,345.0,True,0.18272425249169436,0,55,0,95,0,51,0,100
26007,Alpena,Alpena County,138.0,True,0.038461538461538464,0,5,0,125,0,0,0,0
26103,Marquette,Marquette County,345.0,True,0.0014326647564469914,0,1,0,496,0,83,0,118
26147,St. Clair,St. Clair County,345.0,True,0.10394736842105264,0,79,332,90,5,254,0,0
26071,Iron,Iron County,138.0,True,0.2564102564102564,0,30,0,50,0,0,0,37
27027,Clay,Clay County,345.0,True,0.06666666666666667,0,20,31,0,98,36,0,115
27091,Martin,Martin County,345.0,True,0.1303030303030303,0,43,0,65,0,12,0,210
28033,DeSoto,DeSoto County,500.0,True,0.11805555555555555,0,34,68,79,84,0,23,0
28157,Wilkinson,Wilkinson County,115.0,True,0.7560975609756098,0,31,10,0,0,0,0,0
29113,Lincoln,Lincoln County,345.0,True,0.07103825136612021,0,13,0,157,0,13,0,0
30001,Beaverhead,Beaverhead County,230.0,True,0.13732394366197184,0,78,191,0,146,0,0,153
30105,Valley,Valley County,230.0,True,0.024311183144246355,0,15,144,0,171,0,0,287
31033,Cheyenne,Cheyenne County,345.0,True,0.019943019943019943,0,7,85,0,114,113,0,32
31049,Deuel,Deuel County,345.0,True,0.0051813471502590676,0,1,52,0,47,51,0,42
34015,Gloucester,Gloucester County,500.0,True,0.28703703703703703,0,93,0,0,138,0,61,32
36013,Chautauqua,Chautauqua County,230.0,True,0.0819327731092437,0,39,326,0,111,0,0,0
36045,Jefferson,Jefferson County,115.0,True,0.09057971014492754,0,25,251,0,0,0,0,0
36059,Nassau,Nassau County,500.0,True,0.47041420118343197,0,159,0,0,0,26,20,133
37133,Onslow,Onslow County,230.0,True,0.5623342175066313,0,212,0,0,165,0,0,0
37009,Ashe,Ashe County,230.0,True,0.9875,0,158,0,0,2,0,0,0
37169,Stokes,Stokes County,230.0,True,0.08490566037735849,0,18,0,0,43,0,0,151
37053,Currituck,Currituck County,230.0,True,0.34,0,51,0,0,99,0,0,0
37173,Swain,Swain County,161.0,True,0.0,0,0,0,94,0,0,0,0
37131,Northampton,Northampton County,500.0,True,0.06134969325153374,0,10,58,0,89,0,6,0
38035,Grand Forks,Grand Forks County,345.0,True,0.13535031847133758,0,85,42,0,173,72,0,256
38067,Pembina,Pembina County,230.0,True,0.2897727272727273,0,51,69,0,50,0,0,6
39123,Ottawa,Ottawa County,345.0,True,0.14444444444444443,0,26,0,88,0,66,0,0
45051,Horry,Horry County,230.0,True,0.025,0,18,559,0,143,0,0,0
40079,Le Flore,Le Flore County,345.0,True,0.02348993288590604,0,7,0,77,0,17,0,197
40023,Choctaw,Choctaw County,345.0,True,0.0,0,0,0,213,0,92,0,0
40113,Osage,Osage County,345.0,True,0.029957203994293864,0,21,0,397,0,80,0,203
41015,Curry,Curry County,230.0,True,0.0,0,0,171,0,57,0,0,0
41045,Malheur,Malheur County,500.0,True,0.0,0,0,366,47,9,0,103,127
41001,Baker,Baker County,230.0,True,0.0,0,0,122,135,155,0,0,64
42111,Somerset,Somerset County,230.0,True,0.40948275862068967,0,95,119,5,13,0,0,0
42133,York,York County,500.0,True,0.06205923836389281,0,44,318,0,236,0,109,2
45003,Aiken,Aiken County,230.0,True,0.12349726775956284,0,113,655,0,147,0,0,0
45091,York,York County,500.0,True,0.10681586978636826,0,105,0,0,294,0,78,506
46127,Union,Union County,345.0,True,0.0,0,0,0,0,43,33,0,149
46009,Bon Homme,Bon Homme County,230.0,True,0.24836601307189543,0,76,89,0,76,0,0,65
46089,McPherson,McPherson County,345.0,True,0.8582677165354331,0,109,0,0,0,18,0,0
47065,Hamilton,Hamilton County,500.0,True,0.23923444976076555,0,150,0,381,2,0,94,0
47059,Greene,Greene County,500.0,True,0.011627906976744186,0,5,0,204,0,0,24,197
47091,Johnson,Johnson County,161.0,True,0.0,0,0,0,62,0,0,0,0
48355,Nueces,Nueces County,345.0,True,0.009324009324009324,0,4,0,256,0,86,0,83
48215,Hidalgo,Hidalgo County,345.0,True,0.0068212824010914054,0,5,0,592,0,136,0,0
48061,Cameron,Cameron County,345.0,True,0.0,0,0,0,512,0,47,0,37
48479,Webb,Webb County,345.0,True,0.0041928721174004195,0,2,0,319,0,156,0,0
48057,Calhoun,Calhoun County,345.0,True,0.0,0,0,0,162,0,13,0,91
48323,Maverick,Maverick County,138.0,True,0.0,0,0,0,137,0,0,0,0
48465,Val Verde,Val Verde County,138.0,True,0.0,0,0,0,158,0,0,0,120
48039,Brazoria,Brazoria County,345.0,True,0.0,0,0,0,625,0,220,0,42
48229,Hudspeth,Hudspeth County,115.0,True,0.0,0,0,128,0,0,0,0,118
48203,Harrison,Harrison County,345.0,True,0.03821656050955414,0,24,0,206,0,146,0,252
48387,Red River,Red River County,345.0,True,0.0,0,0,0,45,0,27,0,46
48315,Marion,Marion County,345.0,True,0.25177304964539005,0,71,0,137,0,54,0,20
49045,Tooele,Tooele County,138.0,True,0.0,0,0,292,208,0,0,0,121
49023,Juab,Juab County,345.0,True,0.0,0,0,2,109,0,293,0,229
51001,Accomack,Accomack County,138.0,True,0.022857142857142857,0,4,0,24,0,0,0,147
51095,James City,James City County,500.0,True,0.0,0,0,35,0,70,0,4,0
51131,Northampton,Northampton County,69.0,True,0.0,0,0,0,0,0,0,0,37
51057,Essex,Essex County,230.0,True,0.8333333333333334,0,55,0,0,11,0,0,0
51107,Loudoun,Loudoun County,500.0,True,0.1942675159235669,0,61,8,17,169,0,59,0
51083,Halifax,Halifax County,500.0,True,0.04433497536945813,0,9,121,0,70,0,3,0
53067,Thurston,Thurston County,500.0,True,0.0,0,0,151,12,207,0,111,195
53029,Island,Island County,115.0,True,0.0,0,0,141,0,0,0,0,58
54047,McDowell,McDowell County,765.0,True,0.23529411764705882,27,56,0,149,0,0,0,6
54011,Cabell,Cabell County,765.0,True,0.1134453781512605,56,27,0,64,0,39,0,52
54073,Pleasants,Pleasants County,765.0,True,0.006289308176100629,33,1,0,93,0,0,32,0
54037,Jefferson,Jefferson County,500.0,True,0.0,0,0,0,72,0,0,25,0
54065,Morgan,Morgan County,500.0,True,0.0,0,0,0,38,0,0,19,0
17125,Mason,Mason County,138.0,True,0.0,0,0,0,129,0,0,0,12
54003,Berkeley,Berkeley County,500.0,True,0.006097560975609756,0,1,0,133,0,0,30,0
17007,Boone,Boone County,345.0,True,0.0,0,0,0,71,0,22,0,0
55011,Buffalo,Buffalo County,345.0,True,0.015267175572519083,0,6,0,147,0,40,0,200
55121,Trempealeau,Trempealeau County,345.0,True,0.005813953488372093,0,2,0,113,0,24,0,205
55075,Marinette,Marinette County,345.0,True,0.03696098562628337,0,18,0,243,0,80,0,146
56029,Park,Park County,230.0,True,0.02,0,11,166,62,199,0,0,112
56039,Teton,Teton County,161.0,True,0.047619047619047616,0,11,209,9,0,0,0,2
06057,Nevada,Nevada County,115.0,True,0.3553008595988539,0,124,207,0,0,0,0,18
05085,Lonoke,Lonoke County,500.0,True,0.045454545454545456,0,12,161,0,0,0,91,0
05099,Nevada,Nevada County,500.0,True,0.0,0,0,68,0,0,0,41,0
05013,Calhoun,Calhoun County,500.0,True,0.3925925925925926,0,53,30,0,0,0,52,0
06007,Butte,Butte County,500.0,True,0.09187279151943463,0,104,509,0,379,0,140,0
06089,Shasta,Shasta County,500.0,True,0.17628607277289837,0,281,323,0,674,0,305,11
06047,Merced,Merced County,500.0,True,0.13545454545454547,0,149,356,0,303,0,163,129
06009,Calaveras,Calaveras County,230.0,True,0.2263681592039801,0,91,131,0,180,0,0,0
06033,Lake,Lake County,230.0,True,0.3446153846153846,0,112,205,0,8,0,0,0
06115,Yuba,Yuba County,230.0,True,0.3402985074626866,0,228,206,0,236,0,0,0
08035,Douglas,Douglas County,345.0,True,0.0,0,0,221,0,218,124,0,0
08019,Clear Creek,Clear Creek County,230.0,True,0.0,0,0,33,0,80,0,0,0
08049,Grand,Grand County,230.0,True,0.0,0,0,202,42,56,0,0,46
08029,Delta,Delta County,345.0,True,0.08571428571428572,0,27,99,15,59,25,0,90
08091,Ouray,Ouray County,345.0,True,0.0,0,0,13,0,18,7,0,47
08055,Huerfano,Huerfano County,230.0,True,0.1423948220064725,0,44,102,56,62,0,0,45
08111,San Juan,San Juan County,115.0,True,0.0,0,0,46,0,0,0,0,0
09140,Naugatuck Valley,Naugatuck Valley Planning Region,345.0,True,0.0078125,0,3,352,0,0,29,0,0
12107,Putnam,Putnam County,500.0,True,0.06405693950177936,0,36,156,0,261,0,109,0
12001,Alachua,Alachua County,230.0,True,0.01078167115902965,0,4,13,191,47,0,0,116
12129,Wakulla,Wakulla County,230.0,True,0.16243654822335024,0,32,48,0,74,0,0,43
12041,Gilchrist,Gilchrist County,230.0,True,0.0,0,0,0,0,70,0,0,86
13089,DeKalb,DeKalb County,500.0,True,0.014527845036319613,0,6,211,0,172,0,24,0
13157,Jackson,Jackson County,230.0,True,0.1450980392156863,0,37,101,0,117,0,0,0
13267,Tattnall,Tattnall County,230.0,True,0.24031007751937986,0,31,89,0,9,0,0,0
13031,Bulloch,Bulloch County,230.0,True,0.27672955974842767,0,44,75,0,40,0,0,0
13075,Cook,Cook County,230.0,True,0.02654867256637168,0,3,72,0,38,0,0,0
13289,Twiggs,Twiggs County,500.0,True,0.17142857142857143,0,42,87,0,104,0,12,0
13303,Washington,Washington County,500.0,True,0.14285714285714285,0,44,78,0,123,0,63,0
13301,Warren,Warren County,500.0,True,0.4074074074074074,0,66,73,0,12,0,11,0
16085,Valley,Valley County,115.0,True,0.013605442176870748,0,2,43,0,0,0,0,102
16023,Butte,Butte County,230.0,True,0.08287292817679558,0,30,35,23,212,0,0,62
16077,Power,Power County,345.0,True,0.05409582689335394,0,35,0,143,212,255,0,2
17017,Cass,Cass County,345.0,True,0.0,0,0,0,17,0,15,0,94
18035,Delaware,Delaware County,345.0,True,0.07804878048780488,0,32,0,285,0,93,0,0
18013,Brown,Brown County,230.0,True,0.0,0,0,0,0,28,0,0,41
18027,Daviess,Daviess County,765.0,True,0.0,4,0,0,116,0,171,0,93
19041,Clay,Clay County,345.0,True,0.0,0,0,0,86,0,39,0,136
20139,Osage,Osage County,345.0,True,0.0,0,0,78,0,46,52,0,0
20097,Kiowa,Kiowa County,345.0,True,0.16753926701570682,0,32,53,0,0,106,0,0
20069,Gray,Gray County,345.0,True,0.5743589743589743,0,112,41,0,0,42,0,0
20067,Grant,Grant County,345.0,True,0.0,0,0,100,0,0,41,0,93
21183,Ohio,Ohio County,345.0,True,0.0,0,0,0,161,0,18,0,154
21193,Perry,Perry County,161.0,True,0.34868421052631576,0,53,0,57,0,0,0,42
21115,Johnson,Johnson County,765.0,True,0.0,25,0,0,26,0,0,0,75
21061,Edmonson,Edmonson County,69.0,True,0.0,0,0,0,0,0,0,0,28
21167,Mercer,Mercer County,345.0,True,0.0,0,0,0,82,0,35,0,100
21237,Wolfe,Wolfe County,69.0,True,0.0,0,0,0,0,0,0,0,57
22033,East Baton Rouge,East Baton Rouge Parish,500.0,True,0.3721244925575101,0,275,0,81,278,0,19,86
22099,St. Martin,St. Martin Parish,500.0,True,0.2651162790697674,0,57,0,98,0,0,8,52
22025,Catahoula,Catahoula Parish,115.0,True,0.42857142857142855,0,60,80,0,0,0,0,0
22069,Natchitoches,Natchitoches Parish,500.0,True,0.373134328358209,0,75,41,0,42,0,43,0
23023,Sagadahoc,Sagadahoc County,345.0,True,0.21153846153846154,0,33,65,0,0,58,0,0
26135,Oscoda,Oscoda County,345.0,True,0.19230769230769232,0,30,0,71,0,45,0,10
27097,Morrison,Morrison County,230.0,True,0.5714285714285714,0,156,80,0,37,0,0,0
27013,Blue Earth,Blue Earth County,345.0,True,0.02064896755162242,0,7,50,29,0,37,0,216
27147,Steele,Steele County,161.0,True,0.011560693641618497,0,2,0,47,0,0,0,124
27065,Kanabec,Kanabec County,69.0,True,0.0,0,0,0,0,0,0,0,81
27015,Brown,Brown County,345.0,True,0.0,0,0,0,0,0,15,0,154
28145,Union,Union County,500.0,True,0.2342857142857143,0,41,0,97,0,0,37,0
28053,Humphreys,Humphreys County,230.0,True,0.2,0,14,52,0,4,0,0,0
29041,Chariton,Chariton County,161.0,True,0.0,0,0,0,105,0,0,0,117
29065,Dent,Dent County,345.0,True,0.05660377358490566,0,9,0,40,0,47,0,63
30077,Powell,Powell County,500.0,True,0.054924242424242424,0,29,38,0,218,0,122,121
30031,Gallatin,Gallatin County,230.0,True,0.08029197080291971,0,44,258,19,56,0,0,171
30059,Meagher,Meagher County,500.0,True,0.0,0,0,0,0,0,0,134,152
30089,Sanders,Sanders County,500.0,True,0.0,0,0,0,0,409,0,84,236
30007,Broadwater,Broadwater County,500.0,True,0.0,0,0,57,19,13,0,118,44
30023,Deer Lodge,Deer Lodge County,230.0,True,0.04090909090909091,0,9,55,22,73,0,0,61
31185,York,York County,345.0,True,0.5606694560669456,0,134,69,0,0,36,0,0
34027,Morris,Morris County,500.0,True,0.1016949152542373,0,42,23,0,280,0,68,0
35033,Mora,Mora County,115.0,True,0.0,0,0,75,0,0,0,0,25
36111,Ulster,Ulster County,345.0,True,0.0029411764705882353,0,1,109,0,0,77,0,153
36051,Livingston,Livingston County,230.0,True,0.22413793103448276,0,52,116,0,29,0,0,35
36123,Yates,Yates County,115.0,True,0.23529411764705882,0,32,104,0,0,0,0,0
37153,Richmond,Richmond County,500.0,True,0.0,0,0,32,0,259,0,27,0
37051,Cumberland,Cumberland County,500.0,True,0.4074074074074074,0,286,116,0,242,0,58,0
37085,Harnett,Harnett County,500.0,True,0.12442396313364056,0,27,48,0,119,0,23,0
37199,Yancey,Yancey County,230.0,True,0.25517241379310346,0,37,70,0,38,0,0,0
37065,Edgecombe,Edgecombe County,230.0,True,0.6141732283464567,0,78,4,0,45,0,0,0
37193,Wilkes,Wilkes County,500.0,True,0.0,0,0,0,0,102,0,37,145
37117,Martin,Martin County,230.0,True,0.2803030303030303,0,37,0,0,95,0,0,0
37099,Jackson,Jackson County,230.0,True,0.02857142857142857,0,6,0,163,41,0,0,0
39075,Holmes,Holmes County,138.0,True,0.39316239316239315,0,46,0,65,0,0,0,6
39069,Henry,Henry County,345.0,True,0.25274725274725274,0,23,0,58,0,10,0,0
40027,Cleveland,Cleveland County,345.0,True,0.022181146025878003,0,12,0,294,0,85,0,150
40029,Coal,Coal County,345.0,True,0.0,0,0,0,180,0,43,0,1
40075,Kiowa,Kiowa County,138.0,True,0.23636363636363636,0,65,0,136,0,0,0,74
41017,Deschutes,Deschutes County,1000.0,True,0.0,45,0,393,0,126,0,118,107
41047,Marion,Marion County,500.0,True,0.10120481927710843,0,84,220,0,389,0,128,9
42027,Centre,Centre County,230.0,True,0.029411764705882353,0,4,22,0,110,0,0,0
42041,Cumberland,Cumberland County,500.0,True,0.49065420560747663,0,105,41,0,47,0,20,1
42035,Clinton,Clinton County,345.0,True,0.33014354066985646,0,69,0,0,47,50,0,43
42003,Allegheny,Allegheny County,345.0,True,0.09428571428571429,0,99,0,858,0,93,0,0
42129,Westmoreland,Westmoreland County,500.0,True,0.042435424354243544,0,23,15,434,11,0,59,0
45077,Pickens,Pickens County,500.0,True,0.18277945619335348,0,121,0,0,304,0,86,151
45085,Sumter,Sumter County,230.0,True,0.08983451536643026,0,38,87,0,162,0,0,136
45063,Lexington,Lexington County,230.0,True,0.07046070460704607,0,52,527,0,105,0,0,54
45055,Kershaw,Kershaw County,230.0,True,0.10669456066945607,0,51,74,0,114,0,0,239
45089,Williamsburg,Williamsburg County,230.0,True,0.13518886679920478,0,68,152,0,215,0,0,68
46093,Meade,Meade County,230.0,True,0.10352422907488987,0,47,157,0,197,0,0,53
46103,Pennington,Pennington County,230.0,True,0.15841584158415842,0,96,128,73,155,0,0,154
46085,Lyman,Lyman County,230.0,True,0.0,0,0,0,0,2,0,0,140
46057,Hamlin,Hamlin County,230.0,True,0.27312775330396477,0,62,31,0,51,0,0,83
47093,Knox,Knox County,500.0,True,0.09146968139773895,0,89,0,460,0,0,86,338
47033,Crockett,Crockett County,500.0,True,0.35443037974683544,0,28,0,24,0,0,27,0
47085,Humphreys,Humphreys County,500.0,True,0.01680672268907563,0,8,0,338,0,0,79,51
47001,Anderson,Anderson County,500.0,True,0.06483790523690773,0,26,0,223,0,0,47,105
47021,Cheatham,Cheatham County,500.0,True,0.0,0,0,0,61,0,0,60,25
48481,Wharton,Wharton County,345.0,True,0.0,0,0,0,333,0,206,0,59
48001,Anderson,Anderson County,345.0,True,0.0,0,0,0,248,0,19,0,15
48157,Fort Bend,Fort Bend County,345.0,True,0.0,0,0,0,463,0,308,0,1
48257,Kaufman,Kaufman County,345.0,True,0.0,0,0,0,231,0,205,0,28
48471,Walker,Walker County,345.0,True,0.0,0,0,0,188,0,51,0,11
48495,Winkler,Winkler County,138.0,True,0.0,0,0,0,186,0,0,0,112
48125,Dickens,Dickens County,345.0,True,0.04043126684636118,0,15,0,34,90,207,0,25
48053,Burnet,Burnet County,138.0,True,0.0,0,0,0,284,0,0,0,38
48267,Kimble,Kimble County,345.0,True,0.0,0,0,0,25,0,228,0,59
48287,Lee,Lee County,345.0,True,0.0,0,0,0,64,0,17,0,29
48289,Leon,Leon County,345.0,True,0.0,0,0,0,194,0,152,0,78
48063,Camp,Camp County,345.0,True,0.2857142857142857,0,46,0,10,0,45,0,60
48449,Titus,Titus County,345.0,True,0.1674641148325359,0,35,0,49,0,21,0,104
48455,Trinity,Trinity County,138.0,True,0.0,0,0,0,37,0,0,0,19
48477,Washington,Washington County,345.0,True,0.0,0,0,0,164,0,23,0,31
48341,Moore,Moore County,345.0,True,0.0,0,0,153,0,40,56,0,44
48155,Foard,Foard County,345.0,True,0.0,0,0,0,68,0,259,0,62
49057,Weber,Weber County,345.0,True,0.048027444253859346,0,28,180,42,151,84,0,98
49051,Wasatch,Wasatch County,345.0,True,0.03314917127071823,0,6,35,56,0,36,0,48
49013,Duchesne,Duchesne County,345.0,True,0.0,0,0,0,224,0,83,0,89
49017,Garfield,Garfield County,345.0,True,0.1079136690647482,0,45,45,55,98,12,0,162
51087,Henrico,Henrico County,500.0,True,0.05555555555555555,0,18,111,0,173,0,22,0
51187,Warren,Warren County,500.0,True,0.19658119658119658,0,23,0,52,0,0,42,0
51015,Augusta,Augusta County,500.0,True,0.039886039886039885,0,14,126,0,83,0,128,0
51037,Charlotte,Charlotte County,500.0,True,0.0,0,0,64,0,10,0,14,0
51121,Montgomery,Montgomery County,765.0,True,0.16317991631799164,37,39,0,156,0,7,0,0
51019,Bedford,Bedford County,765.0,True,0.08602150537634409,49,32,39,229,0,0,0,23
51155,Pulaski,Pulaski County,765.0,True,0.24444444444444444,19,33,0,83,0,0,0,0
51109,Louisa,Louisa County,500.0,True,0.34545454545454546,0,57,9,0,52,0,47,0
51137,Orange,Orange County,500.0,True,0.0,0,0,104,0,0,0,14,0
51091,Highland,Highland County,500.0,True,0.2765957446808511,0,13,0,0,0,0,34,0
53041,Lewis,Lewis County,500.0,True,0.0,0,0,227,4,206,0,108,79
53065,Stevens,Stevens County,230.0,True,0.0,0,0,182,0,141,0,0,115
53017,Douglas,Douglas County,500.0,True,0.0,0,0,259,38,592,132,305,59
54109,Wyoming,Wyoming County,765.0,True,0.24786324786324787,39,87,0,225,0,0,0,0
54041,Lewis,Lewis County,138.0,True,0.4375,0,35,0,45,0,0,0,0
54001,Barbour,Barbour County,138.0,True,0.22077922077922077,0,17,0,60,0,0,0,0
55111,Sauk,Sauk County,138.0,True,0.08835341365461848,0,22,0,125,0,0,0,102
55035,Eau Claire,Eau Claire County,345.0,True,0.0,0,0,0,74,0,59,0,282
31005,Arthur,Arthur County,115.0,True,0.0,0,0,39,0,0,0,0,0
38007,Billings,Billings County,345.0,True,0.6952789699570815,0,162,0,0,31,40,0,0
09110,Capitol,Capitol Planning Region,345.0,True,0.01749271137026239,0,12,481,0,0,193,0,0
10003,New Castle,New Castle County,500.0,True,0.04658901830282862,0,28,0,259,271,0,21,22
10005,Sussex,Sussex County,230.0,True,0.16974169741697417,0,92,0,208,139,0,0,103
11001,District of Columbia,District of Columbia,230.0,True,0.0,0,0,39,42,21,0,0,23
12075,Levy,Levy County,230.0,True,0.006872852233676976,0,2,0,0,67,0,0,222
12057,Hillsborough,Hillsborough County,230.0,True,0.16400765794511807,0,257,125,35,566,0,0,584
12009,Brevard,Brevard County,230.0,True,0.02857142857142857,0,24,222,244,350,0,0,0
12113,Santa Rosa,Santa Rosa County,230.0,True,0.061567164179104475,0,33,375,0,128,0,0,0
12131,Walton,Walton County,230.0,True,0.0970873786407767,0,50,381,0,84,0,0,0
12029,Dixie,Dixie County,69.0,True,0.37623762376237624,0,38,0,0,0,0,0,63
12073,Leon,Leon County,230.0,True,0.1271393643031785,0,52,239,0,48,0,0,70
12079,Madison,Madison County,230.0,True,0.0,0,0,130,0,23,0,0,10
13049,Charlton,Charlton County,500.0,True,0.0,0,0,84,0,19,0,52,0
13215,Muscogee,Muscogee County,500.0,True,0.4244604316546763,0,59,71,0,9,0,0,0
13105,Elbert,Elbert County,230.0,True,0.36231884057971014,0,50,60,0,28,0,0,0
13103,Effingham,Effingham County,500.0,True,0.1724137931034483,0,50,40,0,130,0,70,0
16059,Lemhi,Lemhi County,115.0,True,0.0,0,0,139,0,0,0,0,34
16069,Nez Perce,Nez Perce County,500.0,True,0.0,0,0,29,22,84,0,50,85
01089,Madison,Madison County,500.0,True,0.525679758308157,0,348,0,245,0,0,69,0
04005,Coconino,Coconino County,500.0,True,0.09754948162111216,0,207,0,23,227,642,876,147
04027,Yuma,Yuma County,500.0,True,0.10849056603773585,0,69,0,183,0,0,131,253
04012,La Paz,La Paz County,500.0,True,0.3939051918735892,0,349,0,237,180,0,120,0
04001,Apache,Apache County,500.0,True,0.0,0,0,61,0,91,303,209,297
05139,Union,Union County,500.0,True,0.032,0,12,201,0,0,41,121,0
05017,Chicot,Chicot County,230.0,True,0.17123287671232876,0,25,98,0,23,0,0,0
05107,Phillips,Phillips County,230.0,True,0.028455284552845527,0,7,130,0,109,0,0,0
05041,Desha,Desha County,115.0,True,0.0,0,0,118,0,0,0,0,0
05131,Sebastian,Sebastian County,500.0,True,0.0,0,0,0,125,0,0,34,107
05007,Benton,Benton County,345.0,True,0.1056,0,66,0,273,0,67,0,219
05015,Carroll,Carroll County,161.0,True,0.0,0,0,0,123,0,0,0,98
05121,Randolph,Randolph County,161.0,True,0.20161290322580644,0,25,0,99,0,0,0,0
05021,Clay,Clay County,161.0,True,0.0,0,0,0,105,0,0,0,22
06073,San Diego,San Diego County,500.0,True,0.0,0,0,0,96,933,0,183,1414
06065,Riverside,Riverside County,500.0,True,0.1628721541155867,0,558,822,848,410,0,570,218
06041,Marin,Marin County,230.0,True,0.6527777777777778,0,141,27,0,48,0,0,0
06081,San Mateo,San Mateo County,230.0,True,0.3130630630630631,0,139,122,0,183,0,0,0
06017,El Dorado,El Dorado County,230.0,True,0.12435233160621761,0,48,46,0,292,0,0,0
08077,Mesa,Mesa County,345.0,True,0.0,0,0,33,85,162,74,0,142
08123,Weld,Weld County,345.0,True,0.02140368342458935,0,43,583,40,918,142,0,283
08069,Larimer,Larimer County,345.0,True,0.0,0,0,280,0,223,60,0,97
08107,Routt,Routt County,345.0,True,0.0,0,0,149,124,301,73,0,52
36025,Delaware,Delaware County,345.0,True,0.14634146341463414,0,84,273,0,0,217,0,0
37031,Carteret,Carteret County,230.0,True,0.5436241610738255,0,81,54,0,14,0,0,0
37165,Scotland,Scotland County,500.0,True,0.19457013574660634,0,43,33,0,119,0,26,0
37019,Brunswick,Brunswick County,230.0,True,0.4052795031055901,0,261,42,0,341,0,0,0
37129,New Hanover,New Hanover County,230.0,True,0.4129353233830846,0,83,7,0,111,0,0,0
37119,Mecklenburg,Mecklenburg County,500.0,True,0.12874779541446207,0,146,0,0,314,0,46,628
37137,Pamlico,Pamlico County,230.0,True,0.0,0,0,0,0,24,0,0,0
37013,Beaufort,Beaufort County,230.0,True,0.6935483870967742,0,172,0,0,76,0,0,0
37089,Henderson,Henderson County,230.0,True,0.3014354066985646,0,63,101,0,29,0,0,16
37113,Macon,Macon County,161.0,True,0.2765957446808511,0,52,0,136,0,0,0,0
37139,Pasquotank,Pasquotank County,230.0,True,0.5909090909090909,0,26,0,0,18,0,0,0
37007,Anson,Anson County,500.0,True,0.028985507246376812,0,6,47,0,116,0,38,0
38017,Cass,Cass County,345.0,True,0.20570948782535683,0,245,224,0,316,123,0,283
38099,Walsh,Walsh County,230.0,True,0.47980997624703087,0,202,22,0,39,0,0,158
38053,McKenzie,McKenzie County,345.0,True,0.1636029411764706,0,178,589,0,118,174,0,29
39167,Washington,Washington County,345.0,True,0.18446601941747573,0,57,0,100,0,141,0,11
39009,Athens,Athens County,345.0,True,0.1814516129032258,0,45,0,117,0,24,0,62
40089,McCurtain,McCurtain County,345.0,True,0.0,0,0,0,370,0,116,0,0
41007,Clatsop,Clatsop County,230.0,True,0.0,0,0,116,0,47,0,0,0
41039,Lane,Lane County,500.0,True,0.0067618332081141996,0,9,700,4,317,0,142,159
41051,Multnomah,Multnomah County,500.0,True,0.047156726768377254,0,34,513,0,113,0,54,7
41035,Klamath,Klamath County,500.0,True,0.0,0,0,131,0,278,0,386,367
41055,Sherman,Sherman County,500.0,True,0.024806201550387597,0,16,88,0,93,0,358,90
41021,Gilliam,Gilliam County,500.0,True,0.006521739130434782,0,3,219,0,63,0,138,37
42055,Franklin,Franklin County,500.0,True,0.06046511627906977,0,13,25,120,0,0,36,21
42017,Bucks,Bucks County,500.0,True,0.1925601750547046,0,88,17,47,150,0,75,80
42123,Warren,Warren County,230.0,True,0.0,0,0,67,0,98,0,0,0
42103,Pike,Pike County,500.0,True,0.29508196721311475,0,54,0,0,49,0,49,31
42029,Chester,Chester County,500.0,True,0.1385390428211587,0,55,0,17,265,0,51,9
44007,Providence,Providence County,345.0,True,0.06718346253229975,0,26,240,0,0,121,0,0
45013,Beaufort,Beaufort County,230.0,True,0.2235294117647059,0,76,203,0,61,0,0,0
45007,Anderson,Anderson County,500.0,True,0.1568627450980392,0,128,0,0,234,0,21,433
45069,Marlboro,Marlboro County,230.0,True,0.0,0,0,2,0,75,0,0,151
45043,Georgetown,Georgetown County,230.0,True,0.0,0,0,333,0,146,0,0,0
47019,Carter,Carter County,161.0,True,0.1848341232227488,0,39,0,152,0,0,0,20
47073,Hawkins,Hawkins County,500.0,True,0.055205047318611984,0,35,0,306,43,0,118,132
47025,Claiborne,Claiborne County,161.0,True,0.0,0,0,0,26,0,0,0,72
47055,Giles,Giles County,161.0,True,0.381294964028777,0,53,0,86,0,0,0,0
47123,Monroe,Monroe County,161.0,True,0.0,0,0,0,105,0,0,0,41
47009,Blount,Blount County,500.0,True,0.18491484184914841,0,76,0,308,0,0,26,1
48071,Chambers,Chambers County,345.0,True,0.03139013452914798,0,7,0,166,0,46,0,4
48167,Galveston,Galveston County,345.0,True,0.0,0,0,0,534,0,82,0,0
48003,Andrews,Andrews County,230.0,True,0.0,0,0,1,192,90,0,0,18
48037,Bowie,Bowie County,345.0,True,0.05745062836624776,0,32,2,104,0,200,0,219
48205,Hartley,Hartley County,115.0,True,0.0,0,0,77,0,0,0,0,38
48043,Brewster,Brewster County,138.0,True,0.0,0,0,0,32,0,0,0,207
49037,San Juan,San Juan County,345.0,True,0.037257824143070044,0,25,8,165,0,150,0,323
49047,Uintah,Uintah County,345.0,True,0.0,0,0,0,393,0,97,0,181
49033,Rich,Rich County,230.0,True,0.0,0,0,0,26,84,0,0,90
51051,Dickenson,Dickenson County,765.0,True,0.26519337016574585,31,48,0,69,0,0,0,33
51191,Washington,Washington County,500.0,True,0.3090277777777778,0,89,0,158,0,0,41,0
04013,Maricopa,Maricopa County,500.0,True,0.08330185115224782,0,441,120,32,1767,361,893,1680
04007,Gila,Gila County,500.0,True,0.0633116883116883,0,39,123,0,0,124,330,0
04021,Pinal,Pinal County,500.0,True,0.07247058823529412,0,154,622,29,647,84,490,99
16029,Caribou,Caribou County,345.0,True,0.12471655328798185,0,55,71,54,127,61,0,73
17153,Pulaski,Pulaski County,345.0,True,0.0,0,0,0,59,0,31,0,112
17185,Wabash,Wabash County,345.0,True,0.0,0,0,0,21,0,18,0,0
17161,Rock Island,Rock Island County,345.0,True,0.08045977011494253,0,28,0,139,0,109,0,72
17097,Lake,Lake County,345.0,True,0.0,0,0,0,315,0,250,0,0
18129,Posey,Posey County,345.0,True,0.006711409395973154,0,2,0,112,0,38,0,146
18061,Harrison,Harrison County,765.0,True,0.051181102362204724,7,13,0,27,0,54,0,153
18089,Lake,Lake County,765.0,True,0.08075370121130551,26,60,0,456,0,201,0,0
18161,Union,Union County,345.0,True,0.05521472392638037,0,9,0,62,0,44,0,48
18177,Wayne,Wayne County,345.0,True,0.11764705882352941,0,40,0,77,0,70,0,153
19163,Scott,Scott County,345.0,True,0.17467248908296942,0,40,0,125,0,50,0,14
19063,Emmet,Emmet County,69.0,True,0.0,0,0,0,0,0,0,0,32
19149,Plymouth,Plymouth County,345.0,True,0.0,0,0,0,123,111,74,0,306
20131,Nemaha,Nemaha County,161.0,True,0.0,0,0,57,64,0,0,0,0
01043,Cullman,Cullman County,500.0,True,0.19322033898305085,0,57,7,177,0,0,54,0
01121,Talladega,Talladega County,230.0,True,0.2170212765957447,0,102,229,0,139,0,0,0
21101,Henderson,Henderson County,345.0,True,0.0,0,0,0,93,0,24,0,228
01087,Macon,Macon County,115.0,True,0.06936416184971098,0,12,161,0,0,0,0,0
21195,Pike,Pike County,765.0,True,0.27848101265822783,27,110,0,126,0,0,0,132
01033,Colbert,Colbert County,500.0,True,0.04982817869415808,0,29,0,531,0,0,22,0
01131,Wilcox,Wilcox County,115.0,True,0.3382352941176471,0,46,90,0,0,0,0,0
01009,Blount,Blount County,500.0,True,0.39603960396039606,0,120,118,10,31,0,24,0
21013,Bell,Bell County,500.0,True,0.03765690376569038,0,9,0,70,0,7,25,128
21135,Lewis,Lewis County,765.0,True,0.1206896551724138,65,14,0,0,0,0,0,37
22087,St. Bernard,St. Bernard Parish,230.0,True,0.0,0,0,31,0,34,0,0,0
22105,Tangipahoa,Tangipahoa Parish,500.0,True,0.23015873015873015,0,58,59,0,102,0,33,0
22071,Orleans,Orleans Parish,230.0,True,0.0,0,0,80,0,139,0,0,4
22029,Concordia,Concordia Parish,115.0,True,0.2714285714285714,0,76,204,0,0,0,0,0
01025,Clarke,Clarke County,230.0,True,0.43513513513513513,0,161,148,0,61,0,0,0
22035,East Carroll,East Carroll Parish,115.0,True,0.0,0,0,14,0,0,0,0,0
22115,Vernon,Vernon Parish,500.0,True,0.13059701492537312,0,35,0,78,51,0,13,91
22123,West Carroll,West Carroll Parish,115.0,True,0.07352941176470588,0,5,63,0,0,0,0,0
22037,East Feliciana,East Feliciana Parish,500.0,True,0.1875,0,36,0,10,35,0,74,37
23027,Waldo,Waldo County,345.0,True,0.0,0,0,137,0,0,89,0,0
01041,Crenshaw,Crenshaw County,230.0,True,0.3333333333333333,0,47,91,0,3,0,0,0
01065,Hale,Hale County,230.0,True,0.08080808080808081,0,16,104,0,78,0,0,0
23025,Somerset,Somerset County,345.0,True,0.013404825737265416,0,5,341,0,0,27,0,0
24037,St. Mary's,St. Mary's County,230.0,True,0.0,0,0,0,0,101,0,0,179
24039,Somerset,Somerset County,138.0,True,0.0,0,0,0,35,0,0,0,34
24021,Frederick,Frederick County,500.0,True,0.030162412993039442,0,13,0,61,277,0,80,0
24035,Queen Anne's,Queen Anne's County,230.0,True,0.0,0,0,0,71,31,0,0,113
24029,Kent,Kent County,230.0,True,0.0,0,0,0,16,31,0,0,72
25007,Dukes,Dukes County,,False,,0,0,0,0,0,0,0,0
25017,Middlesex,Middlesex County,450.0,True,0.026143790849673203,0,20,429,0,64,198,0,54
26109,Menominee,Menominee County,345.0,True,0.28448275862068967,0,66,0,48,0,0,0,118
26141,Presque Isle,Presque Isle County,138.0,True,0.375609756097561,0,77,0,92,0,0,0,36
27031,Cook,Cook County,138.0,True,0.1981981981981982,0,22,12,17,0,0,0,60
27167,Wilkin,Wilkin County,345.0,True,0.08633093525179857,0,12,4,0,105,18,0,0
27137,St. Louis,St. Louis County,500.0,True,0.11304347826086956,0,208,936,68,284,19,121,204
27077,Lake of the Woods,Lake of the Woods County,500.0,True,0.05319148936170213,0,10,0,0,57,0,61,60
27119,Polk,Polk County,230.0,True,0.023076923076923078,0,12,199,0,125,0,0,184
27089,Marshall,Marshall County,115.0,True,0.0,0,0,148,0,0,0,0,213
27107,Norman,Norman County,230.0,True,0.0,0,0,0,0,52,0,0,69
28001,Adams,Adams County,115.0,True,0.047244094488188976,0,6,121,0,0,0,0,0
28151,Washington,Washington County,230.0,True,0.27755102040816326,0,68,38,0,139,0,0,0
28087,Lowndes,Lowndes County,500.0,True,0.22012578616352202,0,70,0,230,0,0,18,0
28149,Warren,Warren County,500.0,True,0.0,0,0,179,0,0,0,44,0
28021,Claiborne,Claiborne County,500.0,True,0.16279069767441862,0,14,37,0,0,0,35,0
28103,Noxubee,Noxubee County,161.0,True,0.0,0,0,0,69,0,0,0,0
28143,Tunica,Tunica County,230.0,True,0.02631578947368421,0,4,77,0,71,0,0,0
29143,New Madrid,New Madrid County,500.0,True,0.03537735849056604,0,15,0,205,0,58,18,128
29031,Cape Girardeau,Cape Girardeau County,345.0,True,0.23555555555555555,0,53,0,87,0,56,0,29
29189,St. Louis,St. Louis County,345.0,True,0.024074074074074074,0,13,0,451,0,76,0,0
29171,Putnam,Putnam County,69.0,True,0.0,0,0,0,0,0,0,0,62
29023,Butler,Butler County,345.0,True,0.0,0,0,0,117,0,44,0,121
29037,Cass,Cass County,345.0,True,0.027777777777777776,0,11,0,327,0,37,0,21
30003,Big Horn,Big Horn County,500.0,True,0.006426735218508998,0,5,258,0,327,0,52,136
30081,Ravalli,Ravalli County,115.0,True,0.021505376344086023,0,6,47,0,0,0,0,226
30071,Phillips,Phillips County,230.0,True,0.0,0,0,0,0,81,0,0,93
30005,Blaine,Blaine County,230.0,True,0.0,0,0,0,0,93,0,0,215
30085,Roosevelt,Roosevelt County,230.0,True,0.015021459227467811,0,7,191,77,46,0,0,145
30083,Richland,Richland County,115.0,True,0.088,0,33,151,0,0,0,0,191
31169,Thayer,Thayer County,115.0,True,0.43386243386243384,0,82,69,0,0,0,0,38
32033,White Pine,White Pine County,500.0,True,0.0,0,0,0,0,263,103,67,0
33015,Rockingham,Rockingham County,450.0,True,0.0099601593625498,0,5,239,0,32,226,0,0
33017,Strafford,Strafford County,345.0,True,0.0,0,0,83,0,0,62,0,0
34009,Cape May,Cape May County,230.0,True,0.22119815668202766,0,48,0,62,15,0,0,92
34023,Middlesex,Middlesex County,500.0,True,0.14478764478764478,0,75,0,69,322,0,52,0
34007,Camden,Camden County,500.0,True,0.16908212560386474,0,35,0,0,119,0,47,6
35045,San Juan,San Juan County,500.0,True,0.015225334957369063,0,25,355,0,196,813,55,198
35055,Taos,Taos County,345.0,True,0.0,0,0,79,0,0,31,0,0
36103,Suffolk,Suffolk County,138.0,True,0.2650273224043716,0,291,0,335,0,0,0,472
36047,Kings,Kings County,345.0,True,0.0,0,0,0,6,0,5,0,0
36105,Sullivan,Sullivan County,345.0,True,0.195906432748538,0,67,116,0,0,136,0,23
13123,Gilmer,Gilmer County,230.0,True,0.5223880597014925,0,35,0,0,32,0,0,0
13305,Wayne,Wayne County,500.0,True,0.01948051948051948,0,3,89,0,0,0,62,0
13189,McDuffie,McDuffie County,500.0,True,0.34810126582278483,0,55,62,0,6,0,35,0
13029,Bryan,Bryan County,500.0,True,0.15254237288135594,0,18,74,0,13,0,13,0
13025,Brantley,Brantley County,500.0,True,0.359375,0,46,0,0,60,0,22,0
13279,Toombs,Toombs County,500.0,True,0.15492957746478872,0,33,40,0,125,0,15,0
13107,Emanuel,Emanuel County,230.0,True,0.09210526315789473,0,14,64,0,74,0,0,0
13317,Wilkes,Wilkes County,115.0,True,0.0,0,0,31,0,0,0,0,0
13133,Greene,Greene County,230.0,True,0.4536082474226804,0,44,29,0,24,0,0,0
13263,Talbot,Talbot County,500.0,True,0.0,0,0,31,0,37,0,8,0
13205,Mitchell,Mitchell County,500.0,True,0.47593582887700536,0,89,16,0,60,0,22,0
13283,Treutlen,Treutlen County,230.0,True,0.18181818181818182,0,12,31,0,23,0,0,0
13197,Marion,Marion County,500.0,True,0.4090909090909091,0,45,7,0,24,0,34,0
13079,Crawford,Crawford County,500.0,True,0.1796875,0,23,24,0,64,0,17,0
13007,Baker,Baker County,500.0,True,0.3902439024390244,0,32,10,0,0,0,40,0
16037,Custer,Custer County,230.0,True,0.16377171215880892,0,66,75,0,211,0,0,51
16015,Boise,Boise County,230.0,True,0.0,0,0,4,0,31,0,0,15
18145,Shelby,Shelby County,765.0,True,0.0,39,0,0,67,43,70,0,107
18053,Grant,Grant County,138.0,True,0.1391941391941392,0,38,0,207,0,0,0,28
18175,Washington,Washington County,765.0,True,0.0,40,0,0,36,57,0,0,58
18159,Tipton,Tipton County,765.0,True,0.0,21,0,0,0,22,0,0,0
19069,Franklin,Franklin County,161.0,True,0.08888888888888889,0,16,0,164,0,0,0,0
19073,Greene,Greene County,161.0,True,0.16521739130434782,0,19,0,96,0,0,0,0
19027,Carroll,Carroll County,161.0,True,0.0,0,0,0,41,0,0,0,104
19117,Lucas,Lucas County,161.0,True,0.0,0,0,0,18,0,0,0,27
20113,McPherson,McPherson County,345.0,True,0.17407407407407408,0,47,112,0,58,53,0,0
20145,Pawnee,Pawnee County,345.0,True,0.25757575757575757,0,51,62,0,42,30,0,13
20161,Riley,Riley County,345.0,True,0.0,0,0,43,0,46,13,0,0
21179,Nelson,Nelson County,345.0,True,0.0,0,0,0,42,0,11,0,157
21085,Grayson,Grayson County,138.0,True,0.0,0,0,0,56,0,0,0,85
21033,Caldwell,Caldwell County,161.0,True,0.0,0,0,0,93,0,0,0,66
21175,Morgan,Morgan County,69.0,True,0.0,0,0,0,0,0,0,0,104
21155,Marion,Marion County,345.0,True,0.0,0,0,0,79,0,28,0,49
21209,Scott,Scott County,345.0,True,0.12755102040816327,0,25,0,75,0,11,0,85
21079,Garrard,Garrard County,345.0,True,0.0,0,0,0,22,0,69,0,108
21177,Muhlenberg,Muhlenberg County,500.0,True,0.04567307692307692,0,19,0,218,0,0,29,150
21031,Butler,Butler County,161.0,True,0.0,0,0,0,86,0,0,0,30
21107,Hopkins,Hopkins County,345.0,True,0.056451612903225805,0,21,0,60,0,6,0,285
21121,Knox,Knox County,500.0,True,0.04519774011299435,0,8,0,55,0,51,0,63
21187,Owen,Owen County,765.0,True,0.0,29,0,0,76,0,42,0,89
21071,Floyd,Floyd County,765.0,True,0.32063492063492066,43,101,0,90,0,0,0,81
21181,Nicholas,Nicholas County,345.0,True,0.0,0,0,0,0,0,20,0,64
21011,Bath,Bath County,138.0,True,0.0,0,0,0,20,0,0,0,59
21205,Rowan,Rowan County,138.0,True,0.0,0,0,0,78,0,0,0,68
21099,Hart,Hart County,161.0,True,0.09195402298850575,0,16,0,84,0,0,0,74
21153,Magoffin,Magoffin County,69.0,True,0.0,0,0,0,0,0,0,0,65
21197,Powell,Powell County,161.0,True,0.0,0,0,0,25,0,0,0,55
21063,Elliott,Elliott County,138.0,True,0.0,0,0,0,25,0,0,0,31
22059,LaSalle,LaSalle Parish,115.0,True,0.5701754385964912,0,65,49,0,0,0,0,0
22039,Evangeline,Evangeline Parish,230.0,True,0.0,0,0,0,124,71,0,0,0
22015,Bossier,Bossier Parish,345.0,True,0.6545454545454545,0,144,0,37,0,39,0,0
22041,Franklin,Franklin Parish,115.0,True,0.2028985507246377,0,14,55,0,0,0,0,0
22045,Iberia,Iberia Parish,230.0,True,0.17901234567901234,0,29,0,98,8,0,0,27
22081,Red River,Red River Parish,500.0,True,0.38461538461538464,0,30,0,0,37,0,11,0
22043,Grant,Grant Parish,230.0,True,0.2727272727272727,0,18,0,0,48,0,0,0
22067,Morehouse,Morehouse Parish,500.0,True,0.0,0,0,191,0,0,0,23,0
22021,Caldwell,Caldwell Parish,115.0,True,0.0,0,0,65,0,0,0,0,0
23021,Piscataquis,Piscataquis County,115.0,True,0.8275862068965517,0,48,10,0,0,0,0,0
51093,Isle of Wight,Isle of Wight County,500.0,True,0.0,0,0,29,0,131,0,75,0
51005,Alleghany,Alleghany County,230.0,True,0.0,0,0,0,74,28,0,0,0
51153,Prince William,Prince William County,500.0,True,0.02050113895216401,0,9,174,0,138,0,118,0
51193,Westmoreland,Westmoreland County,230.0,True,0.0,0,0,0,0,23,0,0,0
51133,Northumberland,Northumberland County,,False,,0,0,0,0,0,0,0,0
51103,Lancaster,Lancaster County,115.0,True,0.0,0,0,29,0,0,0,0,0
51143,Pittsylvania,Pittsylvania County,230.0,True,0.4,0,148,94,68,21,0,0,39
51059,Fairfax,Fairfax County,500.0,True,0.012219959266802444,0,6,16,0,437,0,32,0
53055,San Juan,San Juan County,115.0,True,0.0,0,0,1,0,0,0,0,71
53035,Kitsap,Kitsap County,230.0,True,0.0,0,0,64,0,45,0,0,200
53011,Clark,Clark County,345.0,True,0.0,0,0,380,0,163,33,0,12
53045,Mason,Mason County,230.0,True,0.0,0,0,223,0,306,0,0,41
53053,Pierce,Pierce County,500.0,True,0.0018198362147406734,0,2,730,49,224,0,57,37
53075,Whitman,Whitman County,500.0,True,0.0,0,0,244,6,127,0,66,82
53019,Ferry,Ferry County,115.0,True,0.4296875,0,55,70,0,0,0,0,3
54099,Wayne,Wayne County,765.0,True,0.05327868852459016,39,13,0,154,0,19,0,19
54059,Mingo,Mingo County,138.0,True,0.2972972972972973,0,33,0,78,0,0,0,0
54063,Monroe,Monroe County,345.0,True,0.0,0,0,0,21,0,3,0,0
54103,Wetzel,Wetzel County,765.0,True,0.039473684210526314,16,3,0,57,0,0,0,0
54107,Wood,Wood County,765.0,True,0.0,22,0,0,186,0,0,0,0
54095,Tyler,Tyler County,765.0,True,0.0,21,0,0,52,0,0,10,0
17189,Washington,Washington County,345.0,True,0.15254237288135594,0,27,0,77,13,60,0,0
54023,Grant,Grant County,500.0,True,0.15428571428571428,0,27,9,0,0,0,139,0
55023,Crawford,Crawford County,161.0,True,0.0,0,0,0,82,0,0,0,204
17039,De Witt,De Witt County,345.0,True,0.10429447852760736,0,17,0,40,0,106,0,0
06107,Tulare,Tulare County,230.0,True,0.6412593206296603,0,774,38,12,383,0,0,0
56033,Sheridan,Sheridan County,230.0,True,0.0,0,0,0,6,175,0,0,87
56041,Uinta,Uinta County,230.0,True,0.23768115942028986,0,82,187,25,14,0,0,37
05129,Searcy,Searcy County,161.0,True,0.0,0,0,0,98,0,0,0,0
05103,Ouachita,Ouachita County,115.0,True,0.3161290322580645,0,49,106,0,0,0,0,0
05145,White,White County,500.0,True,0.1092436974789916,0,26,58,91,0,0,63,0
05011,Bradley,Bradley County,115.0,True,0.0,0,0,61,0,0,0,0,0
05019,Clark,Clark County,500.0,True,0.016574585635359115,0,3,132,0,0,0,46,0
06067,Sacramento,Sacramento County,500.0,True,0.33366783743100853,0,665,404,0,867,0,19,38
06069,San Benito,San Benito County,500.0,True,0.06164383561643835,0,18,55,0,181,0,38,0
06005,Amador,Amador County,230.0,True,0.634020618556701,0,123,27,0,44,0,0,0
06101,Sutter,Sutter County,500.0,True,0.2836218375499334,0,213,167,0,278,0,93,0
06113,Yolo,Yolo County,500.0,True,0.1700787401574803,0,108,196,0,191,0,140,0
06011,Colusa,Colusa County,500.0,True,0.34970238095238093,0,235,45,0,324,0,68,0
06063,Plumas,Plumas County,230.0,True,0.7372448979591837,0,289,12,0,91,0,0,0
08005,Arapahoe,Arapahoe County,345.0,True,0.0,0,0,140,9,337,96,0,45
08013,Boulder,Boulder County,230.0,True,0.041237113402061855,0,12,192,0,86,0,0,1
08037,Eagle,Eagle County,230.0,True,0.06699751861042183,0,27,181,0,184,0,0,11
08053,Hinsdale,Hinsdale County,115.0,True,0.0,0,0,16,0,0,0,0,0
12023,Columbia,Columbia County,230.0,True,0.023668639053254437,0,4,99,0,41,0,0,25
12055,Highlands,Highlands County,230.0,True,0.23384615384615384,0,76,0,0,56,0,0,193
12097,Osceola,Osceola County,500.0,True,0.03409090909090909,0,18,0,0,208,0,123,179
12013,Calhoun,Calhoun County,230.0,True,0.09523809523809523,0,18,123,0,48,0,0,0
12077,Liberty,Liberty County,230.0,True,0.0,0,0,15,0,32,0,0,43
12125,Union,Union County,115.0,True,0.0,0,0,42,0,0,0,0,0
13153,Houston,Houston County,500.0,True,0.08595988538681948,0,30,232,0,68,0,19,0
13121,Fulton,Fulton County,500.0,True,0.029453015427769985,0,21,276,0,363,0,53,0
13019,Berrien,Berrien County,115.0,True,0.13829787234042554,0,13,81,0,0,0,0,0
13181,Lincoln,Lincoln County,115.0,True,0.0,0,0,55,0,0,0,0,0
13261,Sumter,Sumter County,500.0,True,0.016233766233766232,0,5,199,0,67,0,37,0
13009,Baldwin,Baldwin County,230.0,True,0.07741935483870968,0,12,78,0,65,0,0,0
45015,Berkeley,Berkeley County,230.0,True,0.021321961620469083,0,20,448,0,470,0,0,0
45075,Orangeburg,Orangeburg County,230.0,True,0.15925925925925927,0,129,371,0,276,0,0,34
45079,Richland,Richland County,230.0,True,0.03277060575968222,0,33,510,0,399,0,0,65
45027,Clarendon,Clarendon County,230.0,True,0.11594202898550725,0,32,107,0,75,0,0,62
45067,Marion,Marion County,230.0,True,0.0,0,0,103,0,104,0,0,95
45031,Darlington,Darlington County,230.0,True,0.0,0,0,90,0,269,0,0,220
45087,Union,Union County,500.0,True,0.08950617283950617,0,29,133,0,12,0,34,116
45061,Lee,Lee County,230.0,True,0.04065040650406504,0,5,2,0,77,0,0,39
45017,Calhoun,Calhoun County,230.0,True,0.015463917525773196,0,3,130,0,61,0,0,0
46111,Sanborn,Sanborn County,230.0,True,0.5080645161290323,0,126,62,0,58,0,0,2
46055,Haakon,Haakon County,230.0,True,0.06719367588932806,0,17,94,0,94,0,0,48
46075,Jones,Jones County,115.0,True,0.0,0,0,15,0,0,0,0,63
46071,Jackson,Jackson County,115.0,True,0.28703703703703703,0,62,69,0,0,0,0,85
46041,Dewey,Dewey County,115.0,True,0.9702380952380952,0,163,5,0,0,0,0,0
47127,Moore,Moore County,500.0,True,0.0,0,0,0,29,0,0,9,0
47107,McMinn,McMinn County,500.0,True,0.17959183673469387,0,44,0,149,0,0,24,28
47149,Rutherford,Rutherford County,500.0,True,0.01,0,3,0,288,0,0,9,0
47035,Cumberland,Cumberland County,500.0,True,0.08080808080808081,0,16,0,129,0,0,53,0
47031,Coffee,Coffee County,500.0,True,0.0,0,0,0,105,0,0,13,0
47045,Dyer,Dyer County,161.0,True,0.0,0,0,0,104,0,0,0,92
47005,Benton,Benton County,500.0,True,0.0,0,0,0,164,0,0,43,34
47105,Loudon,Loudon County,500.0,True,0.015772870662460567,0,5,0,164,0,0,35,113
47041,DeKalb,DeKalb County,500.0,True,0.0,0,0,0,50,0,0,6,0
47081,Hickman,Hickman County,161.0,True,0.0,0,0,0,280,0,0,0,0
47003,Bedford,Bedford County,500.0,True,0.22119815668202766,0,48,0,124,0,0,45,0
47029,Cocke,Cocke County,161.0,True,0.528,0,66,0,59,0,0,0,0
47135,Perry,Perry County,161.0,True,0.7297297297297297,0,27,0,10,0,0,0,0
47121,Meigs,Meigs County,500.0,True,0.0,0,0,0,63,0,0,121,0
48453,Travis,Travis County,345.0,True,0.0,0,0,0,846,0,165,0,127
48339,Montgomery,Montgomery County,345.0,True,0.0,0,0,0,421,22,87,0,19
48187,Guadalupe,Guadalupe County,345.0,True,0.0,0,0,0,302,0,324,0,67
48423,Smith,Smith County,345.0,True,0.00980392156862745,0,5,0,157,0,206,0,142
48475,Ward,Ward County,138.0,True,0.0,0,0,0,157,0,0,0,174
48103,Crane,Crane County,345.0,True,0.0,0,0,0,170,0,1,0,82
48437,Swisher,Swisher County,345.0,True,0.0,0,0,69,0,49,109,0,212
48223,Hopkins,Hopkins County,345.0,True,0.05917159763313609,0,10,0,28,0,23,0,108
48015,Austin,Austin County,345.0,True,0.0,0,0,0,202,0,19,0,18
48059,Callahan,Callahan County,345.0,True,0.0,0,0,0,178,0,33,0,67
48073,Cherokee,Cherokee County,345.0,True,0.0,0,0,0,247,0,86,0,87
48499,Wood,Wood County,138.0,True,0.22781065088757396,0,77,0,98,0,0,0,163
48333,Mills,Mills County,345.0,True,0.0,0,0,0,72,0,120,0,0
48083,Coleman,Coleman County,345.0,True,0.10459183673469388,0,41,0,51,0,260,0,40
48317,Martin,Martin County,345.0,True,0.0,0,0,0,120,0,85,0,71
48051,Burleson,Burleson County,138.0,True,0.0,0,0,0,94,0,0,0,0
48469,Victoria,Victoria County,345.0,True,0.0,0,0,0,287,0,71,0,162
48399,Runnels,Runnels County,345.0,True,0.1607565011820331,0,68,0,114,0,177,0,64
48379,Rains,Rains County,345.0,True,0.0,0,0,0,25,0,7,0,5
48065,Carson,Carson County,345.0,True,0.0,0,0,175,0,88,169,0,97
48047,Brooks,Brooks County,345.0,True,0.0,0,0,0,73,0,56,0,2
48243,Jeff Davis,Jeff Davis County,138.0,True,0.0,0,0,0,24,0,0,0,19
49035,Salt Lake,Salt Lake County,345.0,True,0.26081170991350633,0,392,148,552,4,277,0,130
26137,Otsego,Otsego County,345.0,True,0.1440677966101695,0,34,0,110,0,49,0,43
26129,Ogemaw,Ogemaw County,345.0,True,0.0,0,0,0,52,0,41,0,0
27145,Stearns,Stearns County,400.0,True,0.17345399698340874,0,115,136,0,0,184,0,228
27127,Redwood,Redwood County,345.0,True,0.0,0,0,18,0,0,124,0,167
27113,Pennington,Pennington County,115.0,True,0.0,0,0,63,0,0,0,0,48
28029,Copiah,Copiah County,500.0,True,0.0,0,0,62,0,0,0,41,0
28083,Leflore,Leflore County,230.0,True,0.06285714285714286,0,11,121,0,43,0,0,0
28137,Tate,Tate County,161.0,True,0.0,0,0,22,11,0,0,0,0
28121,Rankin,Rankin County,230.0,True,0.3299319727891156,0,97,131,58,8,0,0,0
28051,Holmes,Holmes County,230.0,True,0.08029197080291971,0,11,62,0,64,0,0,0
28079,Leake,Leake County,161.0,True,0.0,0,0,45,114,0,0,0,0
28111,Perry,Perry County,161.0,True,0.12173913043478261,0,28,53,82,0,0,0,67
29029,Camden,Camden County,161.0,True,0.29411764705882354,0,55,0,51,0,0,0,81
29159,Pettis,Pettis County,161.0,True,0.0,0,0,0,204,0,0,0,0
29025,Caldwell,Caldwell County,69.0,True,0.0,0,0,0,0,0,0,0,48
30093,Silver Bow,Silver Bow County,230.0,True,0.005025125628140704,0,2,173,0,79,0,0,144
30019,Daniels,Daniels County,115.0,True,0.0,0,0,29,0,0,0,0,52
31069,Garden,Garden County,115.0,True,0.0,0,0,104,0,0,0,0,0
31159,Seward,Seward County,345.0,True,0.0,0,0,73,0,0,52,0,0
31103,Keya Paha,Keya Paha County,69.0,True,0.0,0,0,0,0,0,0,0,39
31115,Loup,Loup County,69.0,True,0.0,0,0,0,0,0,0,0,16
32001,Churchill,Churchill County,1000.0,True,0.018475750577367205,38,8,183,0,143,61,0,0
32015,Lander,Lander County,345.0,True,0.0,0,0,54,0,118,63,0,0
34035,Somerset,Somerset County,500.0,True,0.10526315789473684,0,20,0,0,141,0,29,0
35043,Sandoval,Sandoval County,345.0,True,0.029023746701846966,0,22,335,0,24,320,0,57
35051,Sierra,Sierra County,345.0,True,0.0,0,0,155,0,0,191,0,0
36077,Otsego,Otsego County,345.0,True,0.4479166666666667,0,172,85,0,0,127,0,0
36053,Madison,Madison County,345.0,True,0.3130434782608696,0,72,112,0,0,46,0,0
36017,Chenango,Chenango County,345.0,True,0.4341317365269461,0,145,152,0,0,37,0,0
37023,Burke,Burke County,230.0,True,0.22816901408450704,0,81,0,0,108,0,0,166
37101,Johnston,Johnston County,500.0,True,0.108,0,27,49,0,149,0,25,0
37093,Hoke,Hoke County,500.0,True,0.12698412698412698,0,24,36,0,114,0,15,0
37125,Moore,Moore County,230.0,True,0.33497536945812806,0,68,84,0,51,0,0,0
37127,Nash,Nash County,230.0,True,0.3493975903614458,0,87,57,0,105,0,0,0
37087,Haywood,Haywood County,161.0,True,0.0,0,0,202,0,0,0,0,0
37021,Buncombe,Buncombe County,230.0,True,0.09302325581395349,0,28,244,0,29,0,0,0
37163,Sampson,Sampson County,230.0,True,0.4892086330935252,0,136,77,0,65,0,0,0
37177,Tyrrell,Tyrrell County,115.0,True,0.0,0,0,12,0,0,0,0,0
38055,McLean,McLean County,400.0,True,0.24975798644724104,0,258,207,0,441,83,0,44
38005,Benson,Benson County,230.0,True,0.3544857768052516,0,162,99,0,60,0,0,136
38091,Steele,Steele County,345.0,True,0.24120603015075376,0,48,0,0,59,10,0,82
39033,Crawford,Crawford County,345.0,True,0.46445497630331756,0,98,0,84,0,29,0,0
40117,Pawnee,Pawnee County,345.0,True,0.0,0,0,0,60,0,48,0,91
40125,Pottawatomie,Pottawatomie County,345.0,True,0.028145695364238412,0,17,0,306,0,126,0,155
40087,McClain,McClain County,138.0,True,0.0,0,0,0,129,0,0,0,77
40137,Stephens,Stephens County,345.0,True,0.08144796380090498,0,36,0,190,0,59,0,157
40011,Blaine,Blaine County,345.0,True,0.0,0,0,0,111,0,78,0,98
41005,Clackamas,Clackamas County,500.0,True,0.039247751430907606,0,48,447,0,325,0,333,70
41061,Union,Union County,230.0,True,0.0,0,0,21,0,93,0,0,80
13265,Taliaferro,Taliaferro County,115.0,True,0.0,0,0,60,0,0,0,0,0
42091,Montgomery,Montgomery County,500.0,True,0.19148936170212766,0,99,0,55,252,0,95,16
42043,Dauphin,Dauphin County,500.0,True,0.10693069306930693,0,54,13,0,147,0,49,242
42097,Northumberland,Northumberland County,500.0,True,0.2074468085106383,0,78,0,0,87,0,26,185
01101,Montgomery,Montgomery County,500.0,True,0.12366412213740458,0,81,342,0,177,0,55,0
21003,Allen,Allen County,161.0,True,0.0,0,0,0,39,0,0,0,13
01001,Autauga,Autauga County,500.0,True,0.04180064308681672,0,13,164,0,95,0,39,0
21133,Letcher,Letcher County,161.0,True,0.7741935483870968,0,72,0,21,0,0,0,0
21035,Calloway,Calloway County,500.0,True,0.07643312101910828,0,12,0,65,0,0,31,49
22109,Terrebonne,Terrebonne Parish,230.0,True,0.3815028901734104,0,66,20,1,86,0,0,0
22085,Sabine,Sabine Parish,500.0,True,0.48727272727272725,0,134,11,29,49,0,52,0
23031,York,York County,345.0,True,0.2490118577075099,0,126,195,0,0,185,0,0
24009,Calvert,Calvert County,500.0,True,0.05217391304347826,0,12,0,0,44,0,102,72
24043,Washington,Washington County,500.0,True,0.045,0,9,0,157,13,0,21,0
25023,Plymouth,Plymouth County,345.0,True,0.09408194233687406,0,62,363,0,0,234,0,0
25011,Franklin,Franklin County,345.0,True,0.0036036036036036037,0,2,262,0,77,78,0,136
26089,Leelanau,Leelanau County,138.0,True,0.725,0,29,0,5,0,0,0,6
26083,Keweenaw,Keweenaw County,69.0,True,0.0,0,0,0,0,0,0,0,16
26047,Emmet,Emmet County,138.0,True,0.0,0,0,0,89,0,0,0,39
26099,Macomb,Macomb County,345.0,True,0.0275,0,22,463,0,0,315,0,0
27069,Kittson,Kittson County,115.0,True,0.12138728323699421,0,21,59,0,0,0,0,93
28009,Benton,Benton County,500.0,True,0.0,0,0,0,32,0,0,30,0
29087,Holt,Holt County,345.0,True,0.3660130718954248,0,56,0,0,0,47,0,50
29157,Perry,Perry County,345.0,True,0.6243093922651933,0,113,0,52,0,16,0,0
30009,Carbon,Carbon County,230.0,True,0.0026246719160104987,0,1,72,0,45,0,0,263
31061,Franklin,Franklin County,345.0,True,0.0,0,0,0,0,0,40,0,64
34011,Cumberland,Cumberland County,230.0,True,0.3233082706766917,0,43,0,41,30,0,0,19
34025,Monmouth,Monmouth County,500.0,True,0.11678832116788321,0,32,0,0,229,0,13,0
34021,Mercer,Mercer County,500.0,True,0.12562814070351758,0,25,0,47,106,0,21,0
35039,Rio Arriba,Rio Arriba County,345.0,True,0.0,0,0,56,0,0,177,0,233
36061,New York,New York County,345.0,True,0.0,0,0,0,1,0,60,0,0
36081,Queens,Queens County,348.0,True,0.2638888888888889,0,19,0,37,0,5,0,11
36009,Cattaraugus,Cattaraugus County,345.0,True,0.17772511848341233,0,75,286,0,0,61,0,0
36115,Washington,Washington County,115.0,True,0.1925925925925926,0,52,218,0,0,0,0,0
36031,Essex,Essex County,115.0,True,0.6086956521739131,0,98,63,0,0,0,0,0
37039,Cherokee,Cherokee County,161.0,True,0.0043859649122807015,0,1,0,227,0,0,0,0
37091,Hertford,Hertford County,230.0,True,0.47863247863247865,0,56,12,0,49,0,0,0
37121,Mitchell,Mitchell County,230.0,True,0.2727272727272727,0,12,12,0,20,0,0,0
38105,Williams,Williams County,345.0,True,0.10286320254506894,0,97,420,0,151,131,0,144
39039,Defiance,Defiance County,138.0,True,0.19205298013245034,0,29,0,122,0,0,0,0
39035,Cuyahoga,Cuyahoga County,345.0,True,0.0,0,0,0,655,0,176,0,0
40095,Marshall,Marshall County,138.0,True,0.014814814814814815,0,2,0,133,0,0,0,0
42049,Erie,Erie County,345.0,True,0.03550295857988166,0,12,194,0,74,58,0,0
44005,Newport,Newport County,115.0,True,0.08695652173913043,0,6,63,0,0,0,0,0
45029,Colleton,Colleton County,230.0,True,0.07321131447587355,0,44,162,0,234,0,0,161
45073,Oconee,Oconee County,500.0,True,0.4278481012658228,0,169,28,0,49,0,55,94
47111,Macon,Macon County,161.0,True,0.38461538461538464,0,30,0,48,0,0,0,0
47183,Weakley,Weakley County,500.0,True,0.0,0,0,0,140,0,0,44,117
48007,Aransas,Aransas County,138.0,True,0.0,0,0,0,31,0,0,0,11
48409,San Patricio,San Patricio County,345.0,True,0.0989247311827957,0,46,0,267,0,81,0,71
48141,El Paso,El Paso County,345.0,True,0.0,0,0,436,0,0,67,0,216
48321,Matagorda,Matagorda County,345.0,True,0.0,0,0,0,231,0,281,0,111
48377,Presidio,Presidio County,138.0,True,0.0,0,0,0,17,0,0,0,156
49019,Grand,Grand County,345.0,True,0.0,0,0,10,82,0,78,0,83
49005,Cache,Cache County,345.0,True,0.07191780821917808,0,21,13,66,102,18,0,72
50009,Essex,Essex County,450.0,True,0.09803921568627451,0,10,11,0,0,81,0,0
51185,Tazewell,Tazewell County,765.0,True,0.056074766355140186,25,12,0,141,0,0,0,36
51195,Wise,Wise County,161.0,True,0.14646464646464646,0,29,0,124,0,0,0,45
51027,Buchanan,Buchanan County,765.0,True,0.0,5,0,0,77,0,0,0,108
53009,Clallam,Clallam County,230.0,True,0.016304347826086956,0,6,111,15,76,0,0,160
53047,Okanogan,Okanogan County,500.0,True,0.03818615751789976,0,16,333,2,52,0,7,9
17043,DuPage,DuPage County,345.0,True,0.03125,0,21,0,326,0,325,0,0
17049,Effingham,Effingham County,345.0,True,0.0,0,0,0,46,0,1,0,119
55029,Door,Door County,138.0,True,0.0,0,0,0,42,0,0,0,145
06099,Stanislaus,Stanislaus County,500.0,True,0.2206172028890348,0,336,380,0,420,0,92,295
56045,Weston,Weston County,230.0,True,0.0,0,0,65,96,154,0,0,123
05069,Jefferson,Jefferson County,500.0,True,0.0,0,0,335,0,112,0,17,0
05057,Hempstead,Hempstead County,345.0,True,0.0,0,0,94,54,0,8,0,47
05025,Cleveland,Cleveland County,500.0,True,0.04838709677419355,0,3,48,0,0,0,11,0
05147,Woodruff,Woodruff County,161.0,True,0.0,0,0,12,61,0,0,0,69
06105,Trinity,Trinity County,230.0,True,0.3103448275862069,0,72,149,0,11,0,0,0
08059,Jefferson,Jefferson County,230.0,True,0.0,0,0,220,0,171,0,0,50
08117,Summit,Summit County,230.0,True,0.0,0,0,66,0,92,0,0,9
08109,Saguache,Saguache County,230.0,True,0.0,0,0,105,0,84,0,0,129
08065,Lake,Lake County,230.0,True,0.011428571428571429,0,2,70,0,95,0,0,8
08027,Custer,Custer County,115.0,True,0.0,0,0,7,0,0,0,0,18
12069,Lake,Lake County,500.0,True,0.010714285714285714,0,6,0,0,180,0,2,372
12083,Marion,Marion County,500.0,True,0.19615384615384615,0,153,0,0,265,0,19,343
49015,Emery,Emery County,345.0,True,0.0,0,0,16,86,0,320,0,86
51179,Stafford,Stafford County,500.0,True,0.13333333333333333,0,18,30,0,38,0,49,0
51031,Campbell,Campbell County,765.0,True,0.1291866028708134,33,27,48,101,0,0,0,0
51139,Page,Page County,138.0,True,0.33884297520661155,0,41,12,68,0,0,0,0
51127,New Kent,New Kent County,500.0,True,0.0,0,0,16,0,115,0,0,0
51111,Lunenburg,Lunenburg County,500.0,True,0.0,0,0,62,0,25,0,33,0
51161,Roanoke,Roanoke County,765.0,True,0.13454545454545455,31,37,0,158,0,49,0,0
51007,Amelia,Amelia County,115.0,True,0.9666666666666667,0,29,1,0,0,0,0,0
51167,Russell,Russell County,765.0,True,0.032388663967611336,28,8,0,205,0,0,0,6
51047,Culpeper,Culpeper County,500.0,True,0.17045454545454544,0,15,47,0,0,0,26,0
51159,Richmond,Richmond County,230.0,True,0.0,0,0,20,0,29,0,0,0
51053,Dinwiddie,Dinwiddie County,500.0,True,0.0,0,0,77,0,46,0,87,0
51097,King and Queen,King and Queen County,230.0,True,0.27450980392156865,0,14,0,0,37,0,0,0
51610,Falls Church,Falls Church city,230.0,True,0.0,0,0,0,0,4,0,0,0
51113,Madison,Madison County,115.0,True,0.7090909090909091,0,39,16,0,0,0,0,0
51580,Covington,Covington city,138.0,True,0.0,0,0,0,6,0,0,0,0
53037,Kittitas,Kittitas County,500.0,True,0.0035335689045936395,0,4,204,3,376,105,440,0
53007,Chelan,Chelan County,500.0,True,0.019659239842726082,0,15,439,0,51,161,96,1
54085,Ritchie,Ritchie County,500.0,True,0.0,0,0,0,37,0,0,7,0
54019,Fayette,Fayette County,345.0,True,0.009259259259259259,0,3,0,146,0,26,0,149
54083,Randolph,Randolph County,138.0,True,0.0989010989010989,0,18,0,164,0,0,0,0
54093,Tucker,Tucker County,500.0,True,0.3804347826086957,0,35,0,35,0,0,22,0
54007,Braxton,Braxton County,138.0,True,0.41975308641975306,0,34,0,47,0,0,0,0
54021,Gilmer,Gilmer County,138.0,True,0.12195121951219512,0,5,0,36,0,0,0,0
55057,Juneau,Juneau County,138.0,True,0.0,0,0,0,28,0,0,0,197
55107,Rusk,Rusk County,345.0,True,0.0,0,0,77,45,0,47,0,142
56013,Fremont,Fremont County,230.0,True,0.0979431929480901,0,100,16,15,527,0,0,363
56003,Big Horn,Big Horn County,230.0,True,0.0,0,0,25,0,31,0,0,349
56025,Natrona,Natrona County,230.0,True,0.015841584158415842,0,16,238,0,727,0,0,29
01097,Mobile,Mobile County,500.0,True,0.10586176727909011,0,121,613,0,382,0,27,0
01129,Washington,Washington County,230.0,True,0.0026455026455026454,0,1,245,0,132,0,0,0
01107,Pickens,Pickens County,115.0,True,0.92,0,115,10,0,0,0,0,0
01073,Jefferson,Jefferson County,500.0,True,0.051440329218107,0,75,909,34,313,0,127,0
04015,Mohave,Mohave County,500.0,True,0.08723653395784543,0,149,73,13,518,221,466,268
05073,Lafayette,Lafayette County,115.0,True,0.0,0,0,54,0,0,0,0,63
06071,San Bernardino,San Bernardino County,500.0,True,0.16138328530259366,0,1008,1075,696,1151,0,2290,26
06001,Alameda,Alameda County,500.0,True,0.13204633204633204,0,171,460,0,592,0,69,3
06051,Mono,Mono County,1000.0,True,0.18052256532066507,85,76,250,0,10,0,0,0
09180,Southeastern Connecticut,Southeastern Connecticut Planning Region,345.0,True,0.047109207708779445,0,22,285,0,0,160,0,0
12127,Volusia,Volusia County,500.0,True,0.027196652719665274,0,26,475,0,309,0,105,41
12031,Duval,Duval County,500.0,True,0.08579088471849866,0,96,16,336,514,0,47,110
13245,Richmond,Richmond County,230.0,True,0.16109422492401215,0,53,138,0,138,0,0,0
13213,Murray,Murray County,500.0,True,0.17679558011049723,0,32,73,0,64,0,12,0
16087,Washington,Washington County,230.0,True,0.0,0,0,24,19,433,0,0,64
04025,Yavapai,Yavapai County,500.0,True,0.32367549668874174,0,391,0,0,315,189,313,0
17003,Alexander,Alexander County,345.0,True,0.0,0,0,0,18,0,16,0,81
18147,Spencer,Spencer County,765.0,True,0.08875739644970414,56,30,0,100,0,0,0,152
18083,Knox,Knox County,765.0,True,0.012987012987012988,41,8,0,134,0,250,0,183
19051,Davis,Davis County,161.0,True,0.0,0,0,0,24,0,0,0,94
18051,Gibson,Gibson County,345.0,True,0.0,0,0,0,115,0,119,0,194
51067,Franklin,Franklin County,765.0,True,0.07446808510638298,33,14,0,141,0,0,0,0
51149,Prince George,Prince George County,500.0,True,0.0,0,0,55,0,53,0,35,0
51061,Fauquier,Fauquier County,500.0,True,0.02654867256637168,0,6,48,0,47,0,125,0
51017,Bath,Bath County,500.0,True,0.42857142857142855,0,33,0,0,0,0,44,0
51033,Caroline,Caroline County,500.0,True,0.28270042194092826,0,67,122,0,7,0,41,0
54033,Harrison,Harrison County,500.0,True,0.030303030303030304,0,8,0,206,0,0,50,0
54067,Nicholas,Nicholas County,138.0,True,0.031088082901554404,0,6,0,169,0,0,0,18
54017,Doddridge,Doddridge County,500.0,True,0.2823529411764706,0,24,0,38,0,0,23,0
54013,Calhoun,Calhoun County,138.0,True,0.0,0,0,0,34,0,0,0,0
56035,Sublette,Sublette County,230.0,True,0.17486338797814208,0,32,14,0,85,0,0,52
48269,King,King County,345.0,True,0.0,0,0,0,17,0,52,0,19
12053,Hernando,Hernando County,500.0,True,0.010638297872340425,0,3,121,0,60,0,30,68
12047,Hamilton,Hamilton County,230.0,True,0.0,0,0,187,0,24,0,0,35
13251,Screven,Screven County,500.0,True,0.0,0,0,96,0,0,0,54,0
13313,Whitfield,Whitfield County,500.0,True,0.1556122448979592,0,61,131,33,132,0,35,0
16007,Bear Lake,Bear Lake County,345.0,True,0.0,0,0,10,69,56,176,0,77
16049,Idaho,Idaho County,230.0,True,0.4945054945054945,0,90,0,0,9,0,0,83
05003,Ashley,Ashley County,115.0,True,0.26785714285714285,0,45,123,0,0,0,0,0
06053,Monterey,Monterey County,500.0,True,0.5138539042821159,0,408,124,0,203,0,59,0
06027,Inyo,Inyo County,1000.0,True,0.145933014354067,206,122,276,0,232,0,0,0
06085,Santa Clara,Santa Clara County,500.0,True,0.12087912087912088,0,132,585,0,310,0,65,0
06023,Humboldt,Humboldt County,115.0,True,0.7490494296577946,0,394,132,0,0,0,0,0
08023,Costilla,Costilla County,69.0,True,0.0,0,0,0,0,0,0,0,49
08057,Jackson,Jackson County,345.0,True,0.0,0,0,51,0,77,61,0,0
08033,Dolores,Dolores County,345.0,True,0.0,0,0,89,0,31,31,0,22
37055,Dare,Dare County,230.0,True,0.13380281690140844,0,19,0,0,123,0,0,0
37015,Bertie,Bertie County,230.0,True,0.17293233082706766,0,23,0,0,110,0,0,0
39095,Lucas,Lucas County,345.0,True,0.28117359413202936,0,115,0,200,0,94,0,0
39125,Paulding,Paulding County,138.0,True,0.6388888888888888,0,92,0,48,0,0,0,4
42125,Washington,Washington County,500.0,True,0.09922178988326848,0,51,0,373,0,37,53,0
42045,Delaware,Delaware County,230.0,True,0.17307692307692307,0,36,0,51,101,0,0,20
42127,Wayne,Wayne County,500.0,True,0.11891891891891893,0,22,0,0,58,0,23,82
42095,Northampton,Northampton County,500.0,True,0.1033434650455927,0,68,10,56,246,0,22,256
45053,Jasper,Jasper County,230.0,True,0.15258855585831063,0,56,109,0,167,0,0,35
45065,McCormick,McCormick County,115.0,True,0.2710843373493976,0,45,121,0,0,0,0,0
46023,Charles Mix,Charles Mix County,345.0,True,0.2109090909090909,0,116,86,0,188,79,0,81
47157,Shelby,Shelby County,500.0,True,0.1194620253164557,0,151,0,954,1,0,158,0
48245,Jefferson,Jefferson County,230.0,True,0.01835985312117503,0,15,0,430,165,0,0,207
48067,Cass,Cass County,345.0,True,0.06818181818181818,0,27,0,34,0,111,0,224
49025,Kane,Kane County,500.0,True,0.13819095477386933,0,55,0,53,141,0,49,100
49003,Box Elder,Box Elder County,345.0,True,0.04090419806243272,0,38,183,168,169,243,0,128
51141,Patrick,Patrick County,138.0,True,0.009708737864077669,0,1,0,59,0,0,0,43
18167,Vigo,Vigo County,345.0,True,0.07628865979381444,0,37,0,179,47,128,0,94
13001,Appling,Appling County,500.0,True,0.0,0,0,67,0,78,0,105,0
13113,Fayette,Fayette County,500.0,True,0.0,0,0,71,0,45,0,36,0
13021,Bibb,Bibb County,500.0,True,0.09561752988047809,0,24,195,0,24,0,8,0
13219,Oconee,Oconee County,230.0,True,0.025974025974025976,0,2,44,0,31,0,0,0
13311,White,White County,,True,1.0,0,63,0,0,0,0,0,0
13027,Brooks,Brooks County,230.0,True,0.37142857142857144,0,39,10,0,56,0,0,0
13183,Long,Long County,500.0,True,0.0,0,0,91,0,0,0,3,0
13141,Hancock,Hancock County,500.0,True,0.1583011583011583,0,41,53,0,134,0,31,0
16005,Bannock,Bannock County,345.0,True,0.04288939051918736,0,19,64,64,54,187,0,55
16061,Lewis,Lewis County,115.0,True,0.0,0,0,18,0,0,0,0,75
17129,Menard,Menard County,138.0,True,0.0,0,0,0,45,0,0,0,53
17175,Stark,Stark County,138.0,True,0.16463414634146342,0,27,0,137,0,0,0,0
19025,Calhoun,Calhoun County,345.0,True,0.0,0,0,0,2,0,38,0,130
19125,Marion,Marion County,69.0,True,0.0,0,0,0,0,0,0,0,91
20001,Allen,Allen County,161.0,True,0.0,0,0,0,58,0,0,0,71
20135,Ness,Ness County,115.0,True,0.14655172413793102,0,17,99,0,0,0,0,0
21151,Madison,Madison County,345.0,True,0.0027624309392265192,0,1,0,141,0,37,0,183
21029,Bullitt,Bullitt County,345.0,True,0.0,0,0,0,113,0,65,0,94
21217,Taylor,Taylor County,161.0,True,0.03636363636363636,0,2,0,25,0,0,0,28
21025,Breathitt,Breathitt County,161.0,True,0.038461538461538464,0,2,0,7,0,0,0,43
21097,Harrison,Harrison County,765.0,True,0.07926829268292683,9,13,0,54,0,0,0,88
21017,Bourbon,Bourbon County,345.0,True,0.0,0,0,0,32,0,6,0,96
21109,Jackson,Jackson County,161.0,True,0.0,0,0,0,33,0,0,0,66
21165,Menifee,Menifee County,69.0,True,0.0,0,0,0,0,0,0,0,31
22009,Avoyelles,Avoyelles Parish,138.0,True,0.0,0,0,0,97,0,0,0,0
22005,Ascension,Ascension Parish,500.0,True,0.26356589147286824,0,68,0,43,111,0,36,0
22127,Winn,Winn Parish,230.0,True,0.047619047619047616,0,8,109,0,51,0,0,0
23007,Franklin,Franklin County,115.0,True,0.43356643356643354,0,62,81,0,0,0,0,0
25015,Hampshire,Hampshire County,345.0,True,0.07792207792207792,0,18,122,0,0,32,0,59
26119,Montmorency,Montmorency County,138.0,True,0.0,0,0,0,71,0,0,0,53
27053,Hennepin,Hennepin County,345.0,True,0.08259587020648967,0,56,295,0,0,173,0,154
27165,Watonwan,Watonwan County,345.0,True,0.1329479768786127,0,23,0,0,0,35,0,115
28163,Yazoo,Yazoo County,230.0,True,0.12972972972972974,0,24,118,0,43,0,0,0
28089,Madison,Madison County,500.0,True,0.10726643598615918,0,31,51,0,135,0,72,0
29019,Boone,Boone County,345.0,True,0.0,0,0,0,121,0,62,0,107
29063,DeKalb,DeKalb County,345.0,True,0.0,0,0,0,63,0,35,0,115
29195,Saline,Saline County,345.0,True,0.0,0,0,0,183,0,44,0,0
30055,McCone,McCone County,230.0,True,0.0,0,0,41,69,125,0,0,81
30047,Lake,Lake County,230.0,True,0.0,0,0,192,1,109,0,0,218
30013,Cascade,Cascade County,230.0,True,0.018500486854917234,0,19,198,1,179,0,0,630
30015,Chouteau,Chouteau County,230.0,True,0.024745269286754003,0,17,125,0,117,0,0,428
30069,Petroleum,Petroleum County,69.0,True,0.0,0,0,0,0,0,0,0,94
31183,Wheeler,Wheeler County,345.0,True,0.0,0,0,0,0,0,38,0,21
35021,Harding,Harding County,115.0,True,0.0,0,0,69,0,0,0,0,33
36067,Onondaga,Onondaga County,345.0,True,0.21108949416342412,0,217,591,0,0,220,0,0
37057,Davidson,Davidson County,500.0,True,0.2162516382699869,0,165,0,0,125,0,38,435
37141,Pender,Pender County,230.0,True,0.501466275659824,0,171,0,0,170,0,0,0
37167,Stanly,Stanly County,230.0,True,0.1182108626198083,0,37,23,0,44,0,0,209
37123,Montgomery,Montgomery County,230.0,True,0.1145374449339207,0,26,159,0,41,0,0,1
37017,Bladen,Bladen County,230.0,True,0.14392059553349876,0,58,174,0,171,0,0,0
37111,McDowell,McDowell County,230.0,True,0.18652849740932642,0,36,0,0,20,0,0,137
38059,Morton,Morton County,345.0,True,0.29740791268758526,0,218,140,0,120,189,0,66
39021,Champaign,Champaign County,138.0,True,0.42857142857142855,0,42,0,56,0,0,0,0
41023,Grant,Grant County,138.0,True,0.0,0,0,25,108,0,0,0,96
41013,Crook,Crook County,1000.0,True,0.0,53,0,96,0,15,0,147,30
42089,Monroe,Monroe County,500.0,True,0.01775147928994083,0,6,0,88,44,0,2,198
42031,Clarion,Clarion County,345.0,True,0.0,0,0,93,99,0,28,0,0
42005,Armstrong,Armstrong County,500.0,True,0.20962199312714777,0,61,9,133,0,47,41,0
42067,Juniata,Juniata County,500.0,True,0.18120805369127516,0,27,38,0,16,0,39,29
45041,Florence,Florence County,230.0,True,0.003937007874015748,0,2,142,0,177,0,0,187
45071,Newberry,Newberry County,230.0,True,0.04417670682730924,0,33,70,0,192,0,0,452
45009,Bamberg,Bamberg County,230.0,True,0.2088888888888889,0,47,16,0,78,0,0,84
45005,Allendale,Allendale County,115.0,True,0.1858974358974359,0,29,72,0,0,0,0,55
47185,White,White County,500.0,True,0.0,0,0,0,69,0,0,9,0
47145,Roane,Roane County,500.0,True,0.03807615230460922,0,19,0,321,0,0,115,44
47089,Jefferson,Jefferson County,161.0,True,0.4868913857677903,0,130,0,136,0,0,0,1
47057,Grainger,Grainger County,500.0,True,0.07063197026022305,0,19,0,204,0,0,46,0
48395,Robertson,Robertson County,345.0,True,0.0,0,0,23,172,0,208,0,90
48225,Houston,Houston County,345.0,True,0.0,0,0,0,107,0,72,0,23
48373,Polk,Polk County,138.0,True,0.0,0,0,0,104,0,0,0,114
48491,Williamson,Williamson County,345.0,True,0.0,0,0,0,286,0,132,0,105
48411,San Saba,San Saba County,138.0,True,0.0,0,0,0,15,0,0,0,12
48503,Young,Young County,345.0,True,0.0,0,0,4,305,0,341,0,24
48419,Shelby,Shelby County,138.0,True,0.0189873417721519,0,3,0,126,0,0,0,29
48457,Tyler,Tyler County,138.0,True,0.0,0,0,0,96,0,0,0,25
48241,Jasper,Jasper County,500.0,True,0.02976190476190476,0,10,0,226,0,0,21,79
48089,Colorado,Colorado County,138.0,True,0.0,0,0,0,187,0,0,0,65
48025,Bee,Bee County,345.0,True,0.0,0,0,0,80,0,53,0,106
48313,Madison,Madison County,345.0,True,0.0,0,0,0,62,0,49,0,0
48109,Culberson,Culberson County,138.0,True,0.03597122302158273,0,5,1,124,0,0,0,9
48327,Menard,Menard County,345.0,True,0.0,0,0,0,59,0,44,0,67
49055,Wayne,Wayne County,138.0,True,0.0,0,0,85,35,0,0,0,16
51157,Rappahannock,Rappahannock County,500.0,True,0.4574468085106383,0,43,0,9,0,0,42,0
51177,Spotsylvania,Spotsylvania County,500.0,True,0.09090909090909091,0,15,65,0,0,0,85,0
05095,Monroe,Monroe County,500.0,True,0.0,0,0,87,3,32,0,25,60
08043,Fremont,Fremont County,230.0,True,0.021917808219178082,0,8,193,0,94,0,0,70
08015,Chaffee,Chaffee County,230.0,True,0.0,0,0,145,0,50,0,0,14
08051,Gunnison,Gunnison County,230.0,True,0.0,0,0,196,0,104,0,0,12
12117,Seminole,Seminole County,500.0,True,0.0,0,0,45,0,237,0,51,111
12121,Suwannee,Suwannee County,230.0,True,0.0330188679245283,0,14,243,0,64,0,0,103
13229,Pierce,Pierce County,500.0,True,0.05555555555555555,0,11,111,0,50,0,26,0
13033,Burke,Burke County,500.0,True,0.12472160356347439,0,56,122,0,142,0,129,0
46117,Stanley,Stanley County,230.0,True,0.0,0,0,143,0,63,0,0,0
47053,Gibson,Gibson County,500.0,True,0.0949367088607595,0,30,0,144,0,0,33,109
47159,Smith,Smith County,500.0,True,0.023809523809523808,0,3,0,103,0,0,20,0
47143,Rhea,Rhea County,500.0,True,0.043795620437956206,0,6,0,126,0,0,5,0
47063,Hamblen,Hamblen County,500.0,True,0.49214659685863876,0,94,0,89,0,0,8,0
47117,Marshall,Marshall County,500.0,True,0.15037593984962405,0,20,0,72,0,0,41,0
48401,Rusk,Rusk County,345.0,True,0.08392857142857142,0,47,0,159,0,258,0,96
48041,Brazos,Brazos County,345.0,True,0.0,0,0,0,354,0,41,0,100
48119,Delta,Delta County,138.0,True,0.0,0,0,0,2,0,0,0,60
48219,Hockley,Hockley County,345.0,True,0.0,0,0,90,26,98,49,0,164
48407,San Jacinto,San Jacinto County,230.0,True,0.0,0,0,24,50,20,0,0,26
48467,Van Zandt,Van Zandt County,345.0,True,0.0,0,0,0,261,0,185,0,45
48161,Freestone,Freestone County,345.0,True,0.0,0,0,26,102,0,278,0,111
48405,San Augustine,San Augustine County,138.0,True,0.28125,0,27,28,41,0,0,0,0
48345,Motley,Motley County,345.0,True,0.0,0,0,64,0,49,78,0,58
49049,Utah,Utah County,345.0,True,0.016129032258064516,0,26,516,391,0,531,0,148
27129,Renville,Renville County,345.0,True,0.25742574257425743,0,104,83,0,85,45,0,87
27021,Cass,Cass County,250.0,True,0.22375215146299485,0,130,135,0,202,0,0,114
27103,Nicollet,Nicollet County,345.0,True,0.04712041884816754,0,9,73,0,0,13,0,96
28049,Hinds,Hinds County,500.0,True,0.05502846299810247,0,29,259,0,129,0,110,0
28007,Attala,Attala County,500.0,True,0.05789473684210526,0,11,66,13,41,0,59,0
28013,Calhoun,Calhoun County,161.0,True,0.2073170731707317,0,17,0,65,0,0,0,0
29085,Hickory,Hickory County,161.0,True,0.5862068965517241,0,34,0,24,0,0,0,0
30087,Rosebud,Rosebud County,500.0,True,0.0,0,0,199,5,94,0,54,91
30033,Garfield,Garfield County,69.0,True,0.0,0,0,0,0,0,0,0,57
31155,Saunders,Saunders County,161.0,True,0.0,0,0,46,17,0,0,0,56
32011,Eureka,Eureka County,345.0,True,0.0,0,0,120,0,65,202,0,0
36043,Herkimer,Herkimer County,345.0,True,0.22488038277511962,0,94,110,0,88,126,0,0
38071,Ramsey,Ramsey County,230.0,True,0.3511777301927195,0,164,146,0,73,0,0,84
39079,Jackson,Jackson County,345.0,True,0.22413793103448276,0,65,0,100,0,125,0,0
40145,Wagoner,Wagoner County,345.0,True,0.0,0,0,0,189,0,95,0,83
40043,Dewey,Dewey County,345.0,True,0.0,0,0,0,165,0,184,0,87
41043,Linn,Linn County,500.0,True,0.015748031496062992,0,14,357,11,362,0,118,27
42071,Lancaster,Lancaster County,500.0,True,0.06451612903225806,0,76,24,149,311,0,108,510
42033,Clearfield,Clearfield County,345.0,True,0.0,0,0,125,0,98,81,0,0
42113,Sullivan,Sullivan County,,False,,0,0,0,0,0,0,0,0
51036,Charles City,Charles City County,500.0,True,0.0,0,0,13,0,53,0,21,0
51029,Buckingham,Buckingham County,230.0,True,0.5983606557377049,0,73,12,9,28,0,0,0
53043,Lincoln,Lincoln County,500.0,True,0.11547911547911548,0,94,329,3,274,0,91,23
54081,Raleigh,Raleigh County,345.0,True,0.35883905013192613,0,136,0,204,0,30,0,9
54039,Kanawha,Kanawha County,345.0,True,0.1309192200557103,0,94,0,450,0,144,0,30
54087,Roane,Roane County,138.0,True,0.0,0,0,0,46,0,0,0,0
55001,Adams,Adams County,138.0,True,0.0,0,0,0,35,0,0,0,119
01023,Choctaw,Choctaw County,230.0,True,0.7142857142857143,0,120,35,0,13,0,0,0
06091,Sierra,Sierra County,345.0,True,0.6186440677966102,0,73,17,0,0,7,0,21
09170,South Central Connecticut,South Central Connecticut Planning Region,345.0,True,0.023121387283236993,0,8,281,0,0,57,0,0
16031,Cassia,Cassia County,345.0,True,0.0835030549898167,0,41,67,220,0,4,0,159
01047,Dallas,Dallas County,230.0,True,0.08365019011406843,0,22,220,0,21,0,0,0
21127,Lawrence,Lawrence County,765.0,True,0.0,37,0,0,85,0,14,0,16
22111,Union,Union Parish,500.0,True,0.10648148148148148,0,23,123,0,0,0,70,0
24001,Allegany,Allegany County,500.0,True,0.2535211267605634,0,36,0,94,0,0,12,0
26029,Charlevoix,Charlevoix County,138.0,True,0.029197080291970802,0,4,0,60,0,0,0,73
29201,Scott,Scott County,345.0,True,0.125,0,25,0,114,0,19,0,42
35017,Grant,Grant County,345.0,True,0.0,0,0,150,0,0,31,0,79
38085,Sioux,Sioux County,345.0,True,0.7906976744186046,0,68,0,0,0,18,0,0
40147,Washington,Washington County,345.0,True,0.03680981595092025,0,6,0,124,0,0,0,33
45083,Spartanburg,Spartanburg County,500.0,True,0.22727272727272727,0,280,16,0,201,0,47,688
48427,Starr,Starr County,345.0,True,0.0035842293906810036,0,1,0,154,0,109,0,15
48361,Orange,Orange County,345.0,True,0.008908685968819599,0,4,0,255,159,0,0,31
19111,Lee,Lee County,345.0,True,0.10714285714285714,0,18,0,97,0,30,0,23
01109,Pike,Pike County,500.0,True,0.336283185840708,0,114,143,0,43,0,39,0
21139,Livingston,Livingston County,161.0,True,0.051587301587301584,0,13,0,143,0,0,0,96
21027,Breckinridge,Breckinridge County,345.0,True,0.0,0,0,0,186,0,38,0,175
21159,Martin,Martin County,138.0,True,0.0,0,0,0,87,0,0,0,22
21235,Whitley,Whitley County,345.0,True,0.01098901098901099,0,2,0,23,0,47,0,110
21055,Crittenden,Crittenden County,161.0,True,0.0,0,0,0,49,0,0,0,87
22125,West Feliciana,West Feliciana Parish,500.0,True,0.2765957446808511,0,39,0,4,43,0,9,46
24019,Dorchester,Dorchester County,230.0,True,0.0,0,0,0,2,23,0,0,117
24023,Garrett,Garrett County,500.0,True,0.17857142857142858,0,50,27,151,0,0,52,0
24033,Prince George's,Prince George's County,500.0,True,0.006802721088435374,0,6,56,0,644,0,40,136
24011,Caroline,Caroline County,230.0,True,0.0,0,0,0,54,87,0,0,14
26115,Monroe,Monroe County,345.0,True,0.0035211267605633804,0,2,138,104,0,324,0,0
27043,Faribault,Faribault County,161.0,True,0.09722222222222222,0,28,0,85,0,0,0,175
28055,Issaquena,Issaquena County,115.0,True,0.5,0,11,11,0,0,0,0,0
29013,Bates,Bates County,161.0,True,0.0,0,0,0,149,0,0,0,0
29095,Jackson,Jackson County,345.0,True,0.06284658040665435,0,34,0,441,0,66,0,0
29197,Schuyler,Schuyler County,161.0,True,0.0,0,0,0,28,0,0,0,32
30061,Mineral,Mineral County,500.0,True,0.0,0,0,27,0,0,0,226,135
34033,Salem,Salem County,500.0,True,0.2557651991614256,0,122,0,69,64,0,153,69
34041,Warren,Warren County,500.0,True,0.28773584905660377,0,61,0,0,144,0,7,0
34003,Bergen,Bergen County,345.0,True,0.24666666666666667,0,37,0,4,86,23,0,0
34031,Passaic,Passaic County,500.0,True,0.1111111111111111,0,10,0,0,54,0,26,0
35007,Colfax,Colfax County,230.0,True,0.03421461897356143,0,22,270,0,87,0,0,264
36119,Westchester,Westchester County,345.0,True,0.05357142857142857,0,24,44,28,0,352,0,0
36075,Oswego,Oswego County,345.0,True,0.04160688665710186,0,29,367,0,0,301,0,0
13237,Putnam,Putnam County,500.0,True,0.2314410480349345,0,53,0,0,141,0,35,0
13319,Wilkinson,Wilkinson County,230.0,True,0.1456953642384106,0,22,112,0,17,0,0,0
13209,Montgomery,Montgomery County,500.0,True,0.1650485436893204,0,17,53,0,19,0,14,0
16039,Elmore,Elmore County,500.0,True,0.0011061946902654867,0,1,145,272,343,0,98,45
19107,Keokuk,Keokuk County,,True,1.0,0,6,0,0,0,0,0,0
20149,Pottawatomie,Pottawatomie County,345.0,True,0.0,0,0,2,0,54,54,0,0
20163,Rooks,Rooks County,345.0,True,0.18478260869565216,0,17,53,0,0,22,0,0
21119,Knott,Knott County,138.0,True,0.12264150943396226,0,13,0,93,0,0,0,0
21005,Anderson,Anderson County,138.0,True,0.0,0,0,0,5,0,0,0,76
21125,Laurel,Laurel County,345.0,True,0.012244897959183673,0,3,0,75,0,13,0,154
21007,Ballard,Ballard County,161.0,True,0.39622641509433965,0,42,0,30,0,0,0,34
22013,Bienville,Bienville Parish,500.0,True,0.5942028985507246,0,82,13,0,0,0,43,0
22101,St. Mary,St. Mary Parish,230.0,True,0.37628865979381443,0,73,0,97,24,0,0,0
22055,Lafayette,Lafayette Parish,230.0,True,0.26394849785407726,0,123,0,171,108,0,0,64
22063,Livingston,Livingston Parish,500.0,True,0.6117936117936118,0,249,0,0,127,0,31,0
22077,Pointe Coupee,Pointe Coupee Parish,500.0,True,0.43870967741935485,0,68,0,35,20,0,32,0
22091,St. Helena,St. Helena Parish,500.0,True,0.44715447154471544,0,55,31,0,3,0,34,0
53057,Skagit,Skagit County,500.0,True,0.012328767123287671,0,9,256,3,286,0,81,95
53031,Jefferson,Jefferson County,230.0,True,0.0,0,0,107,48,101,0,0,0
53049,Pacific,Pacific County,138.0,True,0.0,0,0,154,28,0,0,0,7
53033,King,King County,500.0,True,0.0,0,0,988,79,661,132,467,56
53061,Snohomish,Snohomish County,500.0,True,0.0,0,0,414,17,539,108,177,304
54071,Pendleton,Pendleton County,500.0,True,0.9333333333333333,0,56,0,0,0,0,4,0
55051,Iron,Iron County,115.0,True,0.5885416666666666,0,113,79,0,0,0,0,0
06039,Madera,Madera County,230.0,True,0.09230769230769231,0,48,222,0,162,0,0,88
06077,San Joaquin,San Joaquin County,500.0,True,0.26587506453278265,0,515,668,0,689,0,65,0
06019,Fresno,Fresno County,500.0,True,0.21182266009852216,0,602,691,0,1174,0,333,42
05001,Arkansas,Arkansas County,230.0,True,0.0,0,0,108,0,139,0,0,65
05067,Jackson,Jackson County,500.0,True,0.013157894736842105,0,3,0,191,0,0,34,0
05029,Conway,Conway County,500.0,True,0.19767441860465115,0,34,0,103,0,0,35,0
05075,Lawrence,Lawrence County,161.0,True,0.2426470588235294,0,33,0,103,0,0,0,0
22113,Vermilion,Vermilion Parish,230.0,True,0.006369426751592357,0,2,0,56,15,0,0,241
24045,Wicomico,Wicomico County,230.0,True,0.0,0,0,0,40,20,0,0,109
26033,Chippewa,Chippewa County,69.0,True,0.0,0,0,0,0,0,0,0,305
27075,Lake,Lake County,138.0,True,0.012987012987012988,0,3,102,126,0,0,0,0
30053,Lincoln,Lincoln County,230.0,True,0.0,0,0,91,20,130,0,0,57
37047,Columbus,Columbus County,230.0,True,0.28651685393258425,0,102,130,0,124,0,0,0
38077,Richland,Richland County,400.0,True,0.5140495867768595,0,311,21,0,184,69,0,20
45019,Charleston,Charleston County,230.0,True,0.09965034965034965,0,57,399,0,116,0,0,0
47147,Robertson,Robertson County,500.0,True,0.0648854961832061,0,17,0,105,0,0,43,97
48201,Harris,Harris County,345.0,True,0.0,0,0,0,2491,0,588,0,70
48403,Sabine,Sabine County,138.0,True,0.18181818181818182,0,20,4,74,0,0,0,12
51099,King George,King George County,230.0,True,0.0,0,0,0,0,38,0,0,0
54057,Mineral,Mineral County,500.0,True,0.04938271604938271,0,8,0,137,0,0,17,0
05109,Pike,Pike County,138.0,True,0.0,0,0,21,13,0,0,0,51
12049,Hardee,Hardee County,230.0,True,0.4227941176470588,0,115,0,0,117,0,0,40
17187,Warren,Warren County,69.0,True,0.0,0,0,0,0,0,0,0,55
22097,St. Landry,St. Landry Parish,500.0,True,0.3029411764705882,0,103,0,145,48,0,44,0
30063,Missoula,Missoula County,500.0,True,0.0,0,0,175,15,156,0,156,206
30051,Liberty,Liberty County,115.0,True,0.0,0,0,62,0,0,0,0,74
38037,Grant,Grant County,115.0,True,0.7360594795539034,0,198,3,0,0,0,0,68
39101,Marion,Marion County,138.0,True,0.2923076923076923,0,57,0,138,0,0,0,0
45035,Dorchester,Dorchester County,230.0,True,0.054276315789473686,0,33,304,0,268,0,0,3
47173,Union,Union County,161.0,True,0.0,0,0,0,0,0,0,0,35
48349,Navarro,Navarro County,345.0,True,0.026587887740029542,0,18,0,252,0,210,0,197
48069,Castro,Castro County,345.0,True,0.18204488778054864,0,73,66,45,114,49,0,54
51041,Chesterfield,Chesterfield County,500.0,True,0.10344827586206896,0,39,88,0,218,0,32,0
31091,Hooker,Hooker County,,True,1.0,0,16,0,0,0,0,0,0
16003,Adams,Adams County,230.0,True,0.0,0,0,48,89,35,0,0,73
01049,DeKalb,DeKalb County,230.0,True,0.5020242914979757,0,124,0,118,5,0,0,0
06111,Ventura,Ventura County,500.0,True,0.5898825654923215,0,653,0,0,450,0,4,0
06093,Siskiyou,Siskiyou County,500.0,True,0.04918032786885246,0,39,203,0,8,0,131,412
09130,Lower Connecticut River Valley,Lower Connecticut River Valley Planning Region,345.0,True,0.0,0,0,185,0,0,157,0,0
37075,Graham,Graham County,161.0,True,0.0,0,0,0,73,0,0,0,0
38097,Traill,Traill County,115.0,True,0.0,0,0,48,0,0,0,0,155
40013,Bryan,Bryan County,345.0,True,0.05921052631578947,0,27,0,260,0,169,0,0
41019,Douglas,Douglas County,500.0,True,0.0,0,0,518,20,276,0,105,116
44009,Washington,Washington County,115.0,True,0.4533333333333333,0,68,82,0,0,0,0,0
47165,Sumner,Sumner County,500.0,True,0.024822695035460994,0,7,0,228,0,0,24,23
48273,Kleberg,Kleberg County,345.0,True,0.0,0,0,0,64,0,79,0,0
51119,Middlesex,Middlesex County,230.0,True,0.29411764705882354,0,10,7,0,17,0,0,0
01115,St. Clair,St. Clair County,230.0,True,0.024539877300613498,0,4,145,0,14,0,0,0
20033,Comanche,Comanche County,115.0,True,0.6833333333333333,0,41,19,0,0,0,0,0
22107,Tensas,Tensas Parish,115.0,True,0.0,0,0,5,0,0,0,0,0
24031,Montgomery,Montgomery County,500.0,True,0.18635607321131448,0,112,0,33,383,0,72,1
26013,Baraga,Baraga County,138.0,True,0.0,0,0,0,125,0,0,0,24
27163,Washington,Washington County,345.0,True,0.08842105263157894,0,42,143,0,53,225,0,12
28109,Pearl River,Pearl River County,500.0,True,0.0,0,0,125,0,41,0,27,3
32031,Washoe,Washoe County,1000.0,True,0.0,231,0,253,0,0,158,0,0
34019,Hunterdon,Hunterdon County,500.0,True,0.21804511278195488,0,58,0,0,122,0,86,0
36071,Orange,Orange County,500.0,True,0.16896551724137931,0,98,132,57,0,197,1,95
51165,Rockingham,Rockingham County,500.0,True,0.2677966101694915,0,79,64,0,107,0,45,0
08093,Park,Park County,230.0,True,0.1308016877637131,0,31,59,0,112,0,0,35
12105,Polk,Polk County,500.0,True,0.20810439560439561,0,303,3,0,701,0,11,438
13217,Newton,Newton County,500.0,True,0.08205128205128205,0,16,128,0,44,0,7,0
17171,Scott,Scott County,345.0,True,0.0,0,0,0,63,0,22,0,156
21051,Clay,Clay County,161.0,True,0.0,0,0,0,17,0,0,0,91
21131,Leslie,Leslie County,161.0,True,0.29347826086956524,0,27,0,65,0,0,0,0
22053,Jefferson Davis,Jefferson Davis Parish,500.0,True,0.0,0,0,0,83,0,0,42,180
27139,Scott,Scott County,345.0,True,0.13978494623655913,0,52,74,0,13,141,0,92
28131,Stone,Stone County,230.0,True,0.11267605633802817,0,16,45,0,31,0,0,50
30049,Lewis and Clark,Lewis and Clark County,230.0,True,0.0,0,0,55,0,74,0,0,269
30073,Pondera,Pondera County,230.0,True,0.0,0,0,79,0,54,0,0,205
31171,Thomas,Thomas County,115.0,True,0.5196078431372549,0,53,49,0,0,0,0,0
36091,Saratoga,Saratoga County,230.0,True,0.14457831325301204,0,60,334,0,21,0,0,0
37079,Greene,Greene County,115.0,True,0.1875,0,12,52,0,0,0,0,0
42099,Perry,Perry County,500.0,True,0.271889400921659,0,59,0,0,51,0,107,0
48459,Upshur,Upshur County,345.0,True,0.3791208791208791,0,138,0,90,0,49,0,87
48381,Randall,Randall County,230.0,True,0.007407407407407408,0,3,229,0,138,0,0,35
48343,Morris,Morris County,345.0,True,0.0,0,0,0,19,0,84,0,107
48301,Loving,Loving County,138.0,True,0.0,0,0,0,46,0,0,0,0
51081,Greensville,Greensville County,500.0,True,0.02459016393442623,0,3,63,0,38,0,18,0
51145,Powhatan,Powhatan County,500.0,True,0.32075471698113206,0,34,0,0,59,0,13,0
12091,Okaloosa,Okaloosa County,230.0,True,0.09959349593495935,0,49,328,0,115,0,0,0
16043,Fremont,Fremont County,161.0,True,0.1270358306188925,0,39,98,25,0,0,0,145
05081,Little River,Little River County,345.0,True,0.01079136690647482,0,3,0,167,0,28,0,80
06045,Mendocino,Mendocino County,115.0,True,0.8240887480190174,0,520,111,0,0,0,0,0
37155,Robeson,Robeson County,500.0,True,0.12935323383084577,0,52,194,0,133,0,23,0
37175,Transylvania,Transylvania County,230.0,True,0.4782608695652174,0,110,48,0,72,0,0,0
40135,Sequoyah,Sequoyah County,345.0,True,0.0,0,0,0,128,0,56,0,232
41033,Josephine,Josephine County,230.0,True,0.0,0,0,204,0,38,0,0,42
42059,Greene,Greene County,500.0,True,0.3644067796610169,0,86,0,54,0,0,96,0
45021,Cherokee,Cherokee County,230.0,True,0.3868131868131868,0,176,70,0,187,0,0,22
47151,Scott,Scott County,161.0,True,0.0,0,0,0,128,0,0,0,21
48261,Kenedy,Kenedy County,345.0,True,0.0,0,0,0,45,0,78,0,0
49043,Summit,Summit County,138.0,True,0.0,0,0,126,2,0,0,0,53
51117,Mecklenburg,Mecklenburg County,500.0,True,0.0,0,0,260,0,17,0,13,0
20023,Cheyenne,Cheyenne County,115.0,True,0.25,0,23,69,0,0,0,0,0
21059,Daviess,Daviess County,345.0,True,0.0,0,0,0,142,0,57,0,267
22119,Webster,Webster Parish,345.0,True,0.2524752475247525,0,51,125,0,0,26,0,0
24017,Charles,Charles County,500.0,True,0.03125,0,15,0,0,192,0,44,229
25025,Suffolk,Suffolk County,345.0,True,0.0,0,0,84,0,0,26,0,0
27073,Lac qui Parle,Lac qui Parle County,230.0,True,0.0,0,0,107,0,96,0,0,168
29099,Jefferson,Jefferson County,345.0,True,0.0,0,0,0,232,0,170,0,0
30029,Flathead,Flathead County,230.0,True,0.0,0,0,117,1,196,0,0,212
32003,Clark,Clark County,500.0,True,0.09801294931904443,0,439,28,548,1998,93,1152,221
34001,Atlantic,Atlantic County,230.0,True,0.5,0,130,0,48,68,0,0,14
36063,Niagara,Niagara County,345.0,True,0.05405405405405406,0,44,532,0,83,155,0,0
13163,Jefferson,Jefferson County,500.0,True,0.27177700348432055,0,78,68,0,96,0,45,0
13309,Wheeler,Wheeler County,500.0,True,0.1111111111111111,0,14,52,0,30,0,30,0
21067,Fayette,Fayette County,345.0,True,0.03927492447129909,0,13,0,127,0,15,0,176
21203,Rockcastle,Rockcastle County,69.0,True,0.0,0,0,0,0,0,0,0,90
21123,Larue,Larue County,345.0,True,0.0,0,0,0,84,0,17,0,70
22047,Iberville,Iberville Parish,500.0,True,0.16897506925207756,0,61,0,72,122,0,86,20
51175,Southampton,Southampton County,500.0,True,0.07058823529411765,0,6,28,0,36,0,15,0
51069,Frederick,Frederick County,500.0,True,0.022304832713754646,0,6,0,178,0,0,85,0
53027,Grays Harbor,Grays Harbor County,500.0,True,0.0,0,0,110,168,135,0,22,140
17027,Clinton,Clinton County,138.0,True,0.660377358490566,0,105,0,54,0,0,0,0
55003,Ashland,Ashland County,161.0,True,0.6855670103092784,0,133,51,10,0,0,0,0
05039,Dallas,Dallas County,500.0,True,0.0,0,0,56,0,0,0,25,0
06021,Glenn,Glenn County,500.0,True,0.31910569105691056,0,157,0,0,288,0,47,0
45059,Laurens,Laurens County,500.0,True,0.37898089171974525,0,119,0,0,31,0,16,148
46095,Mellette,Mellette County,,True,1.0,0,49,0,0,0,0,0,0
46073,Jerauld,Jerauld County,230.0,True,0.38620689655172413,0,56,24,0,65,0,0,0
47119,Maury,Maury County,500.0,True,0.1864801864801865,0,80,0,273,0,0,76,0
47129,Morgan,Morgan County,500.0,True,0.0,0,0,0,24,0,0,21,76
47097,Lauderdale,Lauderdale County,161.0,True,0.0,0,0,0,54,0,0,0,58
48035,Bosque,Bosque County,345.0,True,0.15942028985507245,0,88,0,176,0,220,0,68
48091,Comal,Comal County,345.0,True,0.0,0,0,0,267,0,101,0,3
48239,Jackson,Jackson County,345.0,True,0.0,0,0,0,187,0,128,0,87
48105,Crockett,Crockett County,345.0,True,0.0,0,0,0,151,0,113,0,187
48175,Goliad,Goliad County,345.0,True,0.0,0,0,0,79,0,129,0,40
29027,Callaway,Callaway County,345.0,True,0.0,0,0,0,127,0,123,0,176
30099,Teton,Teton County,230.0,True,0.007712082262210797,0,3,102,0,70,0,0,214
34013,Essex,Essex County,500.0,True,0.025906735751295335,0,5,0,21,167,0,0,0
36065,Oneida,Oneida County,765.0,True,0.2039691289966924,40,185,336,0,101,245,0,0
37147,Pitt,Pitt County,230.0,True,0.4837662337662338,0,149,28,0,131,0,0,0
39055,Geauga,Geauga County,345.0,True,0.0,0,0,0,238,0,92,0,0
40101,Muskogee,Muskogee County,345.0,True,0.0,0,0,0,233,0,287,0,299
41003,Benton,Benton County,230.0,True,0.0,0,0,144,0,42,0,0,51
51023,Botetourt,Botetourt County,765.0,True,0.29343629343629346,14,76,9,84,23,14,39,0
51125,Nelson,Nelson County,138.0,True,0.6288659793814433,0,61,7,29,0,0,0,0
51101,King William,King William County,230.0,True,0.0,0,0,15,0,20,0,0,0
53005,Benton,Benton County,500.0,True,0.0,0,0,492,0,316,45,352,0
54025,Greenbrier,Greenbrier County,138.0,True,0.0,0,0,0,61,0,0,0,22
01071,Jackson,Jackson County,500.0,True,0.04895104895104895,0,35,0,466,15,0,199,0
06015,Del Norte,Del Norte County,115.0,True,0.0,0,0,89,0,0,0,0,77
06025,Imperial,Imperial County,500.0,True,0.10948509485094851,0,202,0,701,261,0,215,466
08083,Montezuma,Montezuma County,345.0,True,0.06846473029045644,0,33,252,15,81,82,0,19
12089,Nassau,Nassau County,500.0,True,0.0,0,0,0,32,73,0,97,21
21089,Greenup,Greenup County,765.0,True,0.07272727272727272,34,12,0,47,0,0,0,72
40133,Seminole,Seminole County,345.0,True,0.053763440860215055,0,25,0,125,0,173,0,142
54043,Lincoln,Lincoln County,765.0,True,0.07272727272727272,16,4,0,35,0,0,0,0
22057,Lafourche,Lafourche Parish,230.0,True,0.3564954682779456,0,118,37,0,176,0,0,0
29069,Dunklin,Dunklin County,500.0,True,0.31899641577060933,0,89,0,72,0,37,13,68
36029,Erie,Erie County,345.0,True,0.14646840148698884,0,197,827,0,277,44,0,0
13269,Taylor,Taylor County,230.0,True,0.25547445255474455,0,35,41,0,61,0,0,0
18183,Whitley,Whitley County,765.0,True,0.14444444444444443,11,26,0,58,0,73,0,12
08115,Sedgwick,Sedgwick County,115.0,True,0.0,0,0,77,0,0,0,0,0
13191,McIntosh,McIntosh County,500.0,True,0.0,0,0,50,0,0,0,28,0
13241,Rabun,Rabun County,115.0,True,0.46153846153846156,0,42,49,0,0,0,0,0
24003,Anne Arundel,Anne Arundel County,500.0,True,0.03992015968063872,0,20,254,0,123,0,104,0
26003,Alger,Alger County,138.0,True,0.0,0,0,0,45,0,0,0,70
34005,Burlington,Burlington County,500.0,True,0.16560509554140126,0,52,0,56,155,0,51,0
38075,Renville,Renville County,115.0,True,0.448,0,56,69,0,0,0,0,0
47155,Sevier,Sevier County,161.0,True,0.28634361233480177,0,65,0,162,0,0,0,0
48391,Refugio,Refugio County,345.0,True,0.05976095617529881,0,15,0,110,0,101,0,25
51181,Surry,Surry County,500.0,True,0.0,0,0,0,0,140,0,90,0
53015,Cowlitz,Cowlitz County,500.0,True,0.0,0,0,254,4,160,0,56,28
08101,Pueblo,Pueblo County,345.0,True,0.043668122270742356,0,50,493,80,312,127,0,83
16013,Blaine,Blaine County,345.0,True,0.0,0,0,0,132,24,80,0,11
16025,Camas,Camas County,138.0,True,0.0,0,0,0,32,0,0,0,0
20047,Edwards,Edwards County,345.0,True,0.4520547945205479,0,66,40,0,17,15,0,8
21049,Clark,Clark County,345.0,True,0.0,0,0,0,78,0,54,0,111
22103,St. Tammany,St. Tammany Parish,500.0,True,0.32891246684350134,0,124,0,0,223,0,30,0
29207,Stoddard,Stoddard County,345.0,True,0.042682926829268296,0,14,0,96,0,58,0,160
30045,Judith Basin,Judith Basin County,230.0,True,0.0,0,0,82,4,105,0,0,272
37161,Rutherford,Rutherford County,500.0,True,0.2388888888888889,0,86,67,0,8,0,19,180
37083,Halifax,Halifax County,500.0,True,0.3130434782608696,0,72,52,0,82,0,24,0
42023,Cameron,Cameron County,230.0,True,0.53125,0,17,0,0,15,0,0,0
45049,Hampton,Hampton County,230.0,True,0.21724137931034482,0,63,90,0,72,0,0,65
47189,Wilson,Wilson County,500.0,True,0.0,0,0,0,324,0,0,64,0
48029,Bexar,Bexar County,345.0,True,0.0,0,0,0,1233,0,383,0,0
48055,Caldwell,Caldwell County,345.0,True,0.0,0,0,0,102,0,146,0,110
48429,Stephens,Stephens County,345.0,True,0.0,0,0,0,150,0,31,0,37
51085,Hanover,Hanover County,500.0,True,0.1965065502183406,0,45,40,0,63,0,81,0
54031,Hardy,Hardy County,500.0,True,0.22695035460992907,0,32,0,21,0,0,88,0
12039,Gadsden,Gadsden County,230.0,True,0.15348837209302327,0,33,91,0,28,0,0,63
13291,Union,Union County,161.0,True,0.041666666666666664,0,3,0,35,0,0,0,34
06061,Placer,Placer County,230.0,True,0.3590504451038576,0,242,166,0,266,0,0,0
37043,Clay,Clay County,161.0,True,0.4358974358974359,0,17,0,12,0,0,0,10
37029,Camden,Camden County,230.0,True,0.38461538461538464,0,5,0,0,8,0,0,0
39043,Erie,Erie County,345.0,True,0.31683168316831684,0,96,0,140,0,45,0,22
42101,Philadelphia,Philadelphia County,230.0,True,0.19008264462809918,0,46,0,44,93,0,0,59
46123,Tripp,Tripp County,115.0,True,0.06097560975609756,0,5,77,0,0,0,0,0
48369,Parmer,Parmer County,138.0,True,0.14942528735632185,0,26,108,0,0,0,0,40
50027,Windsor,Windsor County,345.0,True,0.6627565982404692,0,226,61,0,0,54,0,0
17197,Will,Will County,765.0,True,0.013399153737658674,74,19,0,459,0,866,0,0
05061,Howard,Howard County,138.0,True,0.04878048780487805,0,8,0,42,0,0,0,114
22031,De Soto,De Soto Parish,345.0,True,0.6616541353383458,0,176,0,8,43,39,0,0
23003,Aroostook,Aroostook County,345.0,True,0.20738636363636365,0,146,0,0,0,57,0,501
25013,Hampden,Hampden County,345.0,True,0.016826923076923076,0,7,307,0,0,90,0,12
27173,Yellow Medicine,Yellow Medicine County,345.0,True,0.2511961722488038,0,105,153,0,47,29,0,84
29183,St. Charles,St. Charles County,345.0,True,0.0036101083032490976,0,2,0,446,0,106,0,0
30035,Glacier,Glacier County,230.0,True,0.0,0,0,142,2,63,0,0,193
33007,Coos,Coos County,115.0,True,0.15934065934065933,0,29,153,0,0,0,0,0
13271,Telfair,Telfair County,115.0,True,0.7777777777777778,0,42,12,0,0,0,0,0
16063,Lincoln,Lincoln County,345.0,True,0.02631578947368421,0,6,0,54,23,95,0,50
18067,Howard,Howard County,765.0,True,0.14285714285714285,18,34,0,66,120,0,0,0
18125,Pike,Pike County,765.0,True,0.0,26,0,0,85,0,86,0,123
21065,Estill,Estill County,161.0,True,0.0,0,0,0,43,0,0,0,41
21189,Owsley,Owsley County,161.0,True,0.0,0,0,0,33,0,0,0,30
21229,Washington,Washington County,345.0,True,0.0,0,0,0,42,0,15,0,78
22001,Acadia,Acadia Parish,500.0,True,0.059496567505720827,0,26,0,262,36,0,40,73
51199,York,York County,230.0,True,0.034482758620689655,0,6,87,0,81,0,0,0
53071,Walla Walla,Walla Walla County,500.0,True,0.04012841091492777,0,25,276,0,158,0,158,6
17047,Edwards,Edwards County,345.0,True,0.0,0,0,0,54,0,9,0,53
54027,Hampshire,Hampshire County,500.0,True,0.0,0,0,0,98,0,0,117,0
55007,Bayfield,Bayfield County,161.0,True,0.6013513513513513,0,178,60,58,0,0,0,0
05045,Faulkner,Faulkner County,500.0,True,0.009302325581395349,0,2,60,127,0,0,26,0
08031,Denver,Denver County,230.0,True,0.0,0,0,103,0,57,0,0,0
13077,Coweta,Coweta County,500.0,True,0.08431703204047218,0,50,275,0,218,0,50,0
45047,Greenwood,Greenwood County,230.0,True,0.37681159420289856,0,156,21,0,30,0,0,207
47037,Davidson,Davidson County,500.0,True,0.3704918032786885,0,339,0,512,0,0,48,16
47167,Tipton,Tipton County,500.0,True,0.0,0,0,0,102,0,0,42,40
48371,Pecos,Pecos County,345.0,True,0.0010660980810234541,0,1,0,518,86,38,0,295
13221,Oglethorpe,Oglethorpe County,230.0,True,0.3893805309734513,0,44,25,0,44,0,0,0
13315,Wilcox,Wilcox County,230.0,True,0.21686746987951808,0,18,35,0,30,0,0,0
18071,Jackson,Jackson County,345.0,True,0.11447811447811448,0,34,0,116,67,39,0,41
19161,Sac,Sac County,345.0,True,0.0,0,0,0,41,0,38,0,163
21239,Woodford,Woodford County,345.0,True,0.15714285714285714,0,22,0,63,0,10,0,45
21231,Wayne,Wayne County,161.0,True,0.015873015873015872,0,2,0,71,0,0,0,53
22079,Rapides,Rapides Parish,230.0,True,0.002793296089385475,0,1,0,104,253,0,0,0
55043,Grant,Grant County,161.0,True,0.0,0,0,0,142,0,0,0,331
05117,Prairie,Prairie County,500.0,True,0.0,0,0,62,0,0,0,31,2
06043,Mariposa,Mariposa County,230.0,True,0.07194244604316546,0,10,20,0,0,0,0,109
12095,Orange,Orange County,500.0,True,0.0055248618784530384,0,7,151,0,566,0,75,468
13135,Gwinnett,Gwinnett County,500.0,True,0.04006968641114982,0,23,300,0,182,0,69,0
46005,Beadle,Beadle County,345.0,True,0.033112582781456956,0,20,122,0,113,31,0,318
46137,Ziebach,Ziebach County,115.0,True,0.5376344086021505,0,100,86,0,0,0,0,0
48135,Ector,Ector County,345.0,True,0.0,0,0,0,517,10,91,0,85
48185,Grimes,Grimes County,345.0,True,0.0,0,0,0,268,0,294,0,0
48023,Baylor,Baylor County,345.0,True,0.0,0,0,0,38,0,45,0,94
49011,Davis,Davis County,345.0,True,0.014760147601476014,0,8,108,81,121,157,0,67
27171,Wright,Wright County,400.0,True,0.1932367149758454,0,120,128,0,27,134,0,212
28043,Grenada,Grenada County,230.0,True,0.3333333333333333,0,37,10,21,43,0,0,0
29033,Carroll,Carroll County,161.0,True,0.07608695652173914,0,7,0,52,0,0,0,33
37103,Jones,Jones County,230.0,True,0.45384615384615384,0,59,7,0,64,0,0,0
42051,Fayette,Fayette County,500.0,True,0.11031175059952038,0,46,0,267,0,0,104,0
22011,Beauregard,Beauregard Parish,230.0,True,0.12,0,36,0,129,47,0,0,88
26163,Wayne,Wayne County,345.0,True,0.07888631090487239,0,68,513,0,102,179,0,0
33009,Grafton,Grafton County,450.0,True,0.0022522522522522522,0,1,134,0,210,99,0,0
37095,Hyde,Hyde County,,True,1.0,0,40,0,0,0,0,0,0
47163,Sullivan,Sullivan County,500.0,True,0.21294718909710392,0,125,0,282,19,0,65,96
48075,Childress,Childress County,345.0,True,0.06188925081433225,0,19,0,121,0,119,0,48
51105,Lee,Lee County,500.0,True,0.1111111111111111,0,16,0,30,0,0,29,69
06055,Napa,Napa County,230.0,True,0.270042194092827,0,64,109,0,64,0,0,0
08011,Bent,Bent County,230.0,True,0.0,0,0,121,0,25,0,0,66
51009,Amherst,Amherst County,138.0,True,0.2839506172839506,0,46,11,89,0,0,0,16
51147,Prince Edward,Prince Edward County,230.0,True,0.0,0,0,50,0,30,0,0,0
54045,Logan,Logan County,765.0,True,0.13023255813953488,24,28,0,163,0,0,0,0
06083,Santa Barbara,Santa Barbara County,230.0,True,0.37545126353790614,0,208,244,0,95,0,0,7
12045,Gulf,Gulf County,230.0,True,0.1610738255033557,0,24,24,0,64,0,0,37
13039,Camden,Camden County,500.0,True,0.43089430894308944,0,106,26,0,85,0,29,0
53077,Yakima,Yakima County,500.0,True,0.010392609699769052,0,9,415,15,215,0,140,72
09190,Western Connecticut,Western Connecticut Planning Region,345.0,True,0.0,0,0,259,0,0,45,0,0
45057,Lancaster,Lancaster County,500.0,True,0.20903954802259886,0,74,0,0,57,0,9,214
16083,Twin Falls,Twin Falls County,500.0,True,0.1851179673321234,0,102,10,218,14,81,11,115
19001,Adair,Adair County,345.0,True,0.25316455696202533,0,60,0,79,0,98,0,0
21147,McCreary,McCreary County,161.0,True,0.05154639175257732,0,5,0,41,0,0,0,51
27023,Chippewa,Chippewa County,345.0,True,0.012618296529968454,0,4,67,0,76,0,0,170
30027,Fergus,Fergus County,138.0,True,0.27873563218390807,0,97,32,5,0,0,0,214
37159,Rowan,Rowan County,500.0,True,0.04181818181818182,0,23,0,0,96,0,37,394
42063,Indiana,Indiana County,500.0,True,0.07827476038338659,0,49,203,3,98,123,150,0
49029,Morgan,Morgan County,345.0,True,0.0,0,0,26,0,10,12,0,87
47187,Williamson,Williamson County,500.0,True,0.07046979865771812,0,21,0,195,0,0,82,0
48311,McMullen,McMullen County,345.0,True,0.0,0,0,0,12,0,48,0,43
30039,Granite,Granite County,500.0,True,0.008174386920980926,0,3,45,40,88,0,127,64
01081,Lee,Lee County,230.0,True,0.029354207436399216,0,15,391,0,105,0,0,0
01059,Franklin,Franklin County,500.0,True,0.1,0,26,0,160,0,0,74,0
05143,Washington,Washington County,345.0,True,0.04772727272727273,0,21,0,113,0,20,0,286
05089,Marion,Marion County,161.0,True,0.0,0,0,0,126,0,0,0,0
08009,Baca,Baca County,115.0,True,0.0,0,0,49,0,0,0,0,69
08099,Prowers,Prowers County,230.0,True,0.011185682326621925,0,5,226,43,105,0,0,68
08125,Yuma,Yuma County,230.0,True,0.0,0,0,475,0,75,0,0,0
09150,Northeastern Connecticut,Northeastern Connecticut Planning Region,345.0,True,0.05128205128205128,0,6,67,0,0,44,0,0
12015,Charlotte,Charlotte County,230.0,True,0.3132530120481928,0,104,0,0,228,0,0,0
48153,Floyd,Floyd County,345.0,True,0.0,0,0,90,0,0,205,0,217
27061,Itasca,Itasca County,500.0,True,0.13177339901477833,0,107,315,0,219,0,46,125
31179,Wayne,Wayne County,345.0,True,0.0,0,0,31,0,35,45,0,67
37115,Madison,Madison County,230.0,True,0.21100917431192662,0,23,69,0,17,0,0,0
41031,Jefferson,Jefferson County,1000.0,True,0.0,46,0,0,0,126,0,179,129
01095,Marshall,Marshall County,500.0,True,0.21351351351351353,0,79,41,202,0,0,48,0
22065,Madison,Madison Parish,500.0,True,0.14465408805031446,0,23,79,0,0,0,57,0
26063,Huron,Huron County,345.0,True,0.07418397626112759,0,25,152,0,0,160,0,0
37049,Craven,Craven County,230.0,True,0.056818181818181816,0,15,113,0,136,0,0,0
41065,Wasco,Wasco County,1000.0,True,0.0,89,0,198,0,346,0,415,22
48351,Newton,Newton County,500.0,True,0.0870488322717622,0,41,0,187,3,0,236,4
06109,Tuolumne,Tuolumne County,230.0,True,0.0033112582781456954,0,1,153,0,116,0,0,32
12007,Bradford,Bradford County,230.0,True,0.14018691588785046,0,30,130,19,35,0,0,0
51003,Albemarle,Albemarle County,500.0,True,0.09473684210526316,0,27,74,16,128,0,40,0
53021,Franklin,Franklin County,500.0,True,0.06645056726094004,0,41,340,0,76,0,126,34
12103,Pinellas,Pinellas County,500.0,True,0.2765598650927487,0,164,129,0,256,0,13,31
16027,Canyon,Canyon County,500.0,True,0.0,0,0,58,140,76,0,5,120
08071,Las Animas,Las Animas County,230.0,True,0.05555555555555555,0,17,117,12,98,0,0,62
39061,Hamilton,Hamilton County,345.0,True,0.21932515337423314,0,143,0,315,0,145,0,49
45025,Chesterfield,Chesterfield County,230.0,True,0.0,0,0,98,0,38,0,0,224
18009,Blackford,Blackford County,345.0,True,0.27586206896551724,0,16,0,0,0,42,0,0
27125,Red Lake,Red Lake County,115.0,True,0.011235955056179775,0,1,24,0,0,0,0,64
42061,Huntingdon,Huntingdon County,500.0,True,0.09523809523809523,0,24,82,0,47,0,99,0
47049,Fentress,Fentress County,161.0,True,0.0,0,0,0,36,0,0,0,0
48005,Angelina,Angelina County,345.0,True,0.0,0,0,29,148,0,11,0,7
48347,Nacogdoches,Nacogdoches County,345.0,True,0.0,0,0,16,232,0,91,0,27
47141,Putnam,Putnam County,500.0,True,0.14166666666666666,0,34,0,165,0,0,41,0
49007,Carbon,Carbon County,345.0,True,0.04612159329140461,0,22,80,137,0,83,0,155
36113,Warren,Warren County,115.0,True,0.6185567010309279,0,120,74,0,0,0,0,0
38043,Kidder,Kidder County,400.0,True,0.14734774066797643,0,75,75,0,209,150,0,0
51630,Fredericksburg,Fredericksburg city,230.0,True,0.0,0,0,10,0,6,0,0,0
29227,Worth,Worth County,69.0,True,0.0,0,0,0,0,0,0,0,31
13195,Madison,Madison County,230.0,True,0.2719298245614035,0,31,51,0,32,0,0,0
21069,Fleming,Fleming County,345.0,True,0.0,0,0,0,87,0,11,0,42
24027,Howard,Howard County,500.0,True,0.0,0,0,36,0,101,0,16,0
54075,Pocahontas,Pocahontas County,138.0,True,0.8651685393258427,0,77,0,12,0,0,0,0
28003,Alcorn,Alcorn County,161.0,True,0.1919191919191919,0,19,0,80,0,0,0,0
12119,Sumter,Sumter County,500.0,True,0.0,0,0,0,0,91,0,90,133
04011,Greenlee,Greenlee County,345.0,True,0.0,0,0,0,0,27,177,0,11
04017,Navajo,Navajo County,500.0,True,0.0,0,0,0,41,123,245,392,322
01053,Escambia,Escambia County,500.0,True,0.18032786885245902,0,77,190,0,112,0,48,0
01111,Randolph,Randolph County,230.0,True,0.0,0,0,142,0,34,0,0,0
01075,Lamar,Lamar County,500.0,True,0.45222929936305734,0,71,0,40,0,0,46,0
13281,Towns,Towns County,69.0,True,0.0,0,0,0,0,0,0,0,21
17069,Hardin,Hardin County,161.0,True,0.0,0,0,0,28,0,0,0,46
17067,Hancock,Hancock County,161.0,True,0.0,0,0,0,94,0,0,0,101
17111,McHenry,McHenry County,345.0,True,0.0,0,0,0,208,0,102,0,0
17033,Crawford,Crawford County,138.0,True,0.0,0,0,0,97,0,0,0,93
17077,Jackson,Jackson County,161.0,True,0.11156186612576065,0,55,0,174,0,0,0,264
18163,Vanderburgh,Vanderburgh County,345.0,True,0.02570694087403599,0,10,0,145,0,13,0,221
18165,Vermillion,Vermillion County,345.0,True,0.0,0,0,0,8,27,154,0,91
12081,Manatee,Manatee County,230.0,True,0.45823389021479716,0,192,0,0,227,0,0,0
12063,Jackson,Jackson County,230.0,True,0.01078167115902965,0,4,247,0,120,0,0,0
13143,Haralson,Haralson County,230.0,True,0.2302158273381295,0,32,75,0,32,0,0,0
13055,Chattooga,Chattooga County,230.0,True,0.4358974358974359,0,51,37,0,29,0,0,0
13047,Catoosa,Catoosa County,230.0,True,0.0,0,0,25,55,77,0,0,0
13083,Dade,Dade County,500.0,True,0.24550898203592814,0,41,0,100,12,0,14,0
13253,Seminole,Seminole County,230.0,True,0.0,0,0,32,0,8,0,0,0
20121,Miami,Miami County,345.0,True,0.07065217391304347,0,13,0,82,0,89,0,0
01125,Tuscaloosa,Tuscaloosa County,230.0,True,0.1423785594639866,0,85,347,23,142,0,0,0
20025,Clark,Clark County,345.0,True,0.9047619047619048,0,95,8,0,0,2,0,0
20019,Chautauqua,Chautauqua County,69.0,True,0.0,0,0,0,0,0,0,0,98
01045,Dale,Dale County,500.0,True,0.25598086124401914,0,107,208,0,84,0,19,0
21053,Clinton,Clinton County,161.0,True,0.0,0,0,0,44,0,0,0,35
21163,Meade,Meade County,345.0,True,0.2062780269058296,0,46,0,34,0,24,0,119
21161,Mason,Mason County,765.0,True,0.09929078014184398,29,28,0,142,0,35,0,48
01031,Coffee,Coffee County,230.0,True,0.39338235294117646,0,107,127,0,38,0,0,0
21225,Union,Union County,161.0,True,0.00823045267489712,0,2,0,35,0,0,0,206
18077,Jefferson,Jefferson County,765.0,True,0.0,42,0,0,139,0,111,0,0
18127,Porter,Porter County,765.0,True,0.07360861759425494,25,41,0,241,0,250,0,0
18115,Ohio,Ohio County,345.0,True,0.0,0,0,0,10,0,4,0,10
19057,Des Moines,Des Moines County,161.0,True,0.19811320754716982,0,21,0,63,0,0,0,22
19193,Woodbury,Woodbury County,345.0,True,0.01652892561983471,0,10,0,223,0,136,0,236
19167,Sioux,Sioux County,230.0,True,0.012165450121654502,0,5,0,0,39,0,0,367
19131,Mitchell,Mitchell County,345.0,True,0.0,0,0,0,28,0,15,0,1
20125,Montgomery,Montgomery County,138.0,True,0.07509881422924901,0,19,0,85,0,0,0,149
20021,Cherokee,Cherokee County,345.0,True,0.15555555555555556,0,42,0,95,0,66,0,67
20107,Linn,Linn County,345.0,True,0.0,0,0,0,30,0,106,0,0
20091,Johnson,Johnson County,345.0,True,0.025,0,13,107,304,0,90,0,6
20209,Wyandotte,Wyandotte County,161.0,True,0.17218543046357615,0,26,6,117,0,0,0,2
26005,Allegan,Allegan County,345.0,True,0.2523020257826888,0,137,0,69,0,259,0,78
26009,Antrim,Antrim County,345.0,True,0.075,0,12,0,67,0,20,0,61
26091,Lenawee,Lenawee County,345.0,True,0.2673611111111111,0,77,0,197,0,14,0,0
26001,Alcona,Alcona County,138.0,True,0.0,0,0,0,66,0,0,0,0
27049,Goodhue,Goodhue County,345.0,True,0.14489311163895488,0,61,0,40,0,142,0,178
27155,Traverse,Traverse County,400.0,True,0.0,0,0,59,0,0,24,0,0
27071,Koochiching,Koochiching County,500.0,True,0.43493761140819964,0,244,41,0,166,0,110,0
28039,George,George County,230.0,True,0.10646387832699619,0,28,89,14,31,0,0,101
28041,Greene,Greene County,230.0,True,0.17857142857142858,0,45,81,34,16,0,0,76
28141,Tishomingo,Tishomingo County,500.0,True,0.24083769633507854,0,46,0,126,0,0,19,0
05071,Johnson,Johnson County,500.0,True,0.16184971098265896,0,28,0,85,0,0,2,58
22027,Claiborne,Claiborne Parish,115.0,True,0.6666666666666666,0,84,42,0,0,0,0,0
01011,Bullock,Bullock County,115.0,True,0.12442396313364056,0,27,190,0,0,0,0,0
26097,Mackinac,Mackinac County,138.0,True,0.012779552715654952,0,4,0,104,0,0,0,205
26105,Mason,Mason County,345.0,True,0.04072398190045249,0,9,0,83,0,129,0,0
26021,Berrien,Berrien County,765.0,True,0.2343032159264931,25,153,0,166,0,214,0,95
26027,Cass,Cass County,345.0,True,0.1761006289308176,0,56,0,93,0,132,0,37
29165,Platte,Platte County,345.0,True,0.0211864406779661,0,5,0,137,0,29,0,65
29127,Marion,Marion County,345.0,True,0.0,0,0,0,100,0,48,0,117
29045,Clark,Clark County,345.0,True,0.0,0,0,0,46,0,33,0,54
29129,Mercer,Mercer County,69.0,True,0.0,0,0,0,0,0,0,0,85
31055,Douglas,Douglas County,345.0,True,0.0,0,0,0,198,0,59,0,155
31021,Burt,Burt County,345.0,True,0.0,0,0,53,39,0,42,0,0
31161,Sheridan,Sheridan County,115.0,True,0.45,0,63,77,0,0,0,0,0
31057,Dundy,Dundy County,115.0,True,0.0,0,0,5,0,0,0,0,157
31133,Pawnee,Pawnee County,115.0,True,0.0,0,0,41,0,0,0,0,0
31153,Sarpy,Sarpy County,345.0,True,0.1069182389937107,0,34,0,92,0,82,0,110
31051,Dixon,Dixon County,230.0,True,0.25,0,35,25,0,19,0,0,61
29209,Stone,Stone County,161.0,True,0.0,0,0,0,79,0,0,0,131
29091,Howell,Howell County,161.0,True,0.0,0,0,0,117,0,0,0,207
30067,Park,Park County,230.0,True,0.059734513274336286,0,27,165,0,40,0,0,220
31083,Harlan,Harlan County,115.0,True,0.0,0,0,26,0,0,0,0,91
31025,Cass,Cass County,345.0,True,0.007662835249042145,0,2,0,31,0,101,0,127
31067,Gage,Gage County,345.0,True,0.29239766081871343,0,50,120,0,0,1,0,0
29119,McDonald,McDonald County,345.0,True,0.2163265306122449,0,53,0,67,0,38,0,87
29011,Barton,Barton County,161.0,True,0.8596491228070176,0,49,0,8,0,0,0,0
40143,Tulsa,Tulsa County,345.0,True,0.005035246727089627,0,5,0,712,0,131,0,145
40047,Garfield,Garfield County,345.0,True,0.0,0,0,0,226,0,87,0,88
40031,Comanche,Comanche County,345.0,True,0.0,0,0,0,329,0,69,0,117
45081,Saluda,Saluda County,230.0,True,0.11483253588516747,0,24,81,0,65,0,0,39
46115,Spink,Spink County,115.0,True,0.013020833333333334,0,5,137,0,0,0,0,242
46069,Hyde,Hyde County,345.0,True,0.16666666666666666,0,39,0,0,91,53,0,51
47179,Washington,Washington County,500.0,True,0.06220095693779904,0,26,0,117,66,0,37,172
47079,Henry,Henry County,500.0,True,0.12937062937062938,0,37,0,109,0,0,39,101
36055,Monroe,Monroe County,345.0,True,0.09499136442141623,0,55,420,0,0,84,0,20
36011,Cayuga,Cayuga County,345.0,True,0.3149847094801223,0,103,186,0,0,38,0,0
40077,Latimer,Latimer County,161.0,True,0.1111111111111111,0,20,0,105,0,0,0,55
48085,Collin,Collin County,345.0,True,0.04859335038363171,0,38,0,365,9,352,0,18
48099,Coryell,Coryell County,138.0,True,0.0196078431372549,0,3,0,95,0,0,0,55
46087,McCook,McCook County,230.0,True,0.18835616438356165,0,55,50,0,80,0,0,107
55019,Clark,Clark County,345.0,True,0.0,0,0,52,0,0,91,0,351
55085,Oneida,Oneida County,115.0,True,0.0,0,0,175,0,0,0,0,0
56043,Washakie,Washakie County,115.0,True,0.23417721518987342,0,37,57,0,0,0,0,64
47051,Franklin,Franklin County,500.0,True,0.421875,0,135,0,163,0,0,22,0
37179,Union,Union County,500.0,True,0.24519230769230768,0,102,0,0,67,0,43,204
37187,Washington,Washington County,230.0,True,0.0,0,0,24,0,25,0,0,0
48143,Erath,Erath County,345.0,True,0.038461538461538464,0,15,0,248,0,50,0,77
48139,Ellis,Ellis County,345.0,True,0.03929539295392954,0,29,0,225,0,323,0,161
48331,Milam,Milam County,345.0,True,0.06870229007633588,0,27,0,151,0,133,0,82
56027,Niobrara,Niobrara County,69.0,True,0.34959349593495936,0,86,0,0,0,0,0,160
37171,Surry,Surry County,230.0,True,0.534375,0,171,0,0,11,0,0,138
37033,Caswell,Caswell County,230.0,True,0.24,0,12,0,0,38,0,0,0
48281,Lampasas,Lampasas County,345.0,True,0.0,0,0,0,31,0,140,0,81
48227,Howard,Howard County,345.0,True,0.0,0,0,0,275,0,232,0,127
48131,Duval,Duval County,138.0,True,0.0,0,0,0,54,0,0,0,45
48389,Reeves,Reeves County,138.0,True,0.008298755186721992,0,2,0,59,0,0,0,180
48397,Rockwall,Rockwall County,345.0,True,0.0,0,0,0,102,0,67,0,14
48277,Lamar,Lamar County,345.0,True,0.0,0,0,0,120,0,51,0,75
37005,Alleghany,Alleghany County,500.0,True,0.639344262295082,0,39,0,0,0,0,22,0
37073,Gates,Gates County,230.0,True,0.0,0,0,0,0,51,0,0,0
48021,Bastrop,Bastrop County,345.0,True,0.0,0,0,0,240,0,274,0,66
48253,Jones,Jones County,345.0,True,0.0,0,0,0,202,0,357,0,30
48237,Jack,Jack County,345.0,True,0.0,0,0,3,26,0,294,0,56
48199,Hardin,Hardin County,500.0,True,0.0,0,0,0,170,39,0,14,108
48265,Kerr,Kerr County,345.0,True,0.0,0,0,0,197,0,143,0,2
48283,La Salle,La Salle County,345.0,True,0.0,0,0,0,96,0,49,0,0
48207,Haskell,Haskell County,345.0,True,0.0,0,0,0,185,0,251,0,131
48393,Roberts,Roberts County,345.0,True,0.024390243902439025,0,2,0,0,0,0,0,80
48137,Edwards,Edwards County,138.0,True,0.0,0,0,0,21,0,0,0,103
47039,Decatur,Decatur County,161.0,True,0.5555555555555556,0,25,0,20,0,0,0,0
47027,Clay,Clay County,69.0,True,0.058823529411764705,0,4,0,0,0,0,0,64
48293,Limestone,Limestone County,345.0,True,0.0,0,0,27,124,0,95,0,44
48081,Coke,Coke County,345.0,True,0.23954372623574144,0,63,0,128,0,12,0,60
48011,Armstrong,Armstrong County,345.0,True,0.0,0,0,0,0,0,115,0,0
48319,Mason,Mason County,138.0,True,0.0,0,0,0,88,0,0,0,128
48435,Sutton,Sutton County,345.0,True,0.005128205128205128,0,1,0,81,0,23,0,90
48195,Hansford,Hansford County,345.0,True,0.006230529595015576,0,2,150,0,0,35,0,134
12021,Collier,Collier County,500.0,True,0.016260162601626018,0,6,0,223,110,0,30,0
12011,Broward,Broward County,500.0,True,0.09680365296803653,0,106,0,243,505,0,241,0
47175,Van Buren,Van Buren County,161.0,True,0.4189189189189189,0,31,0,43,0,0,0,0
47133,Overton,Overton County,161.0,True,0.0,0,0,0,70,0,0,0,17
49001,Beaver,Beaver County,500.0,True,0.05303030303030303,0,21,2,110,27,12,106,118
50015,Lamoille,Lamoille County,115.0,True,0.9603960396039604,0,97,4,0,0,0,0,0
12061,Indian River,Indian River County,500.0,True,0.19615384615384615,0,51,0,58,64,0,87,0
12005,Bay,Bay County,230.0,True,0.028523489932885907,0,17,368,0,211,0,0,0
36001,Albany,Albany County,345.0,True,0.19805825242718447,0,102,265,0,0,134,0,14
36037,Genesee,Genesee County,345.0,True,0.08846153846153847,0,23,150,0,0,87,0,0
51173,Smyth,Smyth County,765.0,True,0.11304347826086956,47,26,0,144,0,0,13,0
51063,Floyd,Floyd County,765.0,True,0.0,42,0,0,33,0,0,0,0
51163,Rockbridge,Rockbridge County,500.0,True,0.13245033112582782,0,40,129,0,64,0,69,0
51790,Staunton,Staunton city,230.0,True,0.0,0,0,12,0,7,0,0,0
13061,Clay,Clay County,115.0,True,0.42857142857142855,0,15,20,0,0,0,0,0
13099,Early,Early County,500.0,True,0.16022099447513813,0,29,85,0,21,0,46,0
36069,Ontario,Ontario County,345.0,True,0.27413127413127414,0,71,177,0,0,11,0,0
37025,Cabarrus,Cabarrus County,230.0,True,0.43080357142857145,0,193,0,0,117,0,0,138
37059,Davie,Davie County,230.0,True,0.21518987341772153,0,34,0,0,45,0,0,79
51135,Nottoway,Nottoway County,115.0,True,0.15873015873015872,0,10,53,0,0,0,0,0
51540,Charlottesville,Charlottesville city,230.0,True,0.0,0,0,0,0,10,0,0,0
51600,Fairfax,Fairfax city,,False,,0,0,0,0,0,0,0,0
13111,Fannin,Fannin County,161.0,True,0.027777777777777776,0,1,0,35,0,0,0,0
13045,Carroll,Carroll County,500.0,True,0.19393939393939394,0,64,150,0,90,0,26,0
37105,Lee,Lee County,230.0,True,0.0,0,0,63,0,69,0,0,0
37189,Watauga,Watauga County,161.0,True,0.9878048780487805,0,81,0,1,0,0,0,0
51595,Emporia,Emporia city,115.0,True,0.14285714285714285,0,1,6,0,0,0,0,0
54079,Putnam,Putnam County,765.0,True,0.04310344827586207,93,15,0,139,0,36,0,65
54101,Webster,Webster County,138.0,True,0.4457831325301205,0,37,0,46,0,0,0,0
13275,Thomas,Thomas County,230.0,True,0.416,0,104,40,0,56,0,0,50
13257,Stephens,Stephens County,500.0,True,0.17592592592592593,0,19,70,0,0,0,19,0
37069,Franklin,Franklin County,500.0,True,0.041916167664670656,0,7,88,0,28,0,44,0
37195,Wilson,Wilson County,230.0,True,0.14358974358974358,0,28,123,0,44,0,0,0
54015,Clay,Clay County,138.0,True,0.5172413793103449,0,30,0,28,0,0,0,0
55039,Fond du Lac,Fond du Lac County,345.0,True,0.0,0,0,0,196,0,136,0,169
55015,Calumet,Calumet County,345.0,True,0.14802631578947367,0,45,0,160,0,49,0,50
55017,Chippewa,Chippewa County,345.0,True,0.009456264775413711,0,4,130,79,0,4,0,206
16081,Teton,Teton County,138.0,True,0.007936507936507936,0,1,82,13,0,0,0,30
16075,Payette,Payette County,230.0,True,0.0,0,0,0,44,88,0,0,25
37181,Vance,Vance County,230.0,True,0.0,0,0,72,0,33,0,0,0
13239,Quitman,Quitman County,,False,,0,0,0,0,0,0,0,0
38101,Ward,Ward County,230.0,True,0.3066088840736728,0,283,525,0,96,0,0,19
38027,Eddy,Eddy County,345.0,True,0.5783783783783784,0,107,29,0,0,47,0,2
40069,Johnston,Johnston County,345.0,True,0.06198347107438017,0,15,0,130,0,97,0,0
40063,Hughes,Hughes County,345.0,True,0.0,0,0,0,119,0,40,0,16
40057,Harmon,Harmon County,69.0,True,0.5,0,24,0,0,0,0,0,24
01093,Marion,Marion County,500.0,True,0.3903345724907063,0,105,0,122,0,0,42,0
01019,Cherokee,Cherokee County,230.0,True,0.5487179487179488,0,107,57,0,31,0,0,0
04019,Pima,Pima County,345.0,True,0.022556390977443608,0,33,404,604,100,247,0,75
38047,Logan,Logan County,345.0,True,0.14583333333333334,0,21,51,0,27,45,0,0
38103,Wells,Wells County,345.0,True,0.6450381679389313,0,169,18,0,11,64,0,0
38025,Dunn,Dunn County,345.0,True,0.2428842504743833,0,128,247,0,0,152,0,0
41053,Polk,Polk County,230.0,True,0.075,0,15,174,0,11,0,0,0
42107,Schuylkill,Schuylkill County,230.0,True,0.07580174927113703,0,26,0,0,76,0,0,241
04023,Santa Cruz,Santa Cruz County,138.0,True,0.0,0,0,51,7,0,0,0,0
05127,Scott,Scott County,161.0,True,0.0,0,0,0,4,0,0,0,49
06059,Orange,Orange County,500.0,True,0.4860655737704918,0,593,0,32,469,0,50,76
06079,San Luis Obispo,San Luis Obispo County,500.0,True,0.1204605845881311,0,136,229,0,432,0,277,55
06095,Solano,Solano County,500.0,True,0.14830970556161396,0,136,205,27,376,0,149,24
06049,Modoc,Modoc County,500.0,True,0.0,0,0,67,0,137,42,187,330
39173,Wood,Wood County,345.0,True,0.04060913705583756,0,16,0,221,0,157,0,0
39147,Seneca,Seneca County,345.0,True,0.08241758241758242,0,15,0,132,0,19,0,16
39139,Richland,Richland County,345.0,True,0.1888111888111888,0,54,0,230,0,2,0,0
42065,Jefferson,Jefferson County,345.0,True,0.0,0,0,33,77,0,55,0,0
42037,Columbia,Columbia County,500.0,True,0.1520912547528517,0,40,0,0,138,0,29,56
08085,Montrose,Montrose County,345.0,True,0.21572212065813529,0,118,212,19,76,74,0,48
12087,Monroe,Monroe County,138.0,True,0.053811659192825115,0,12,0,211,0,0,0,0
08021,Conejos,Conejos County,69.0,True,0.0,0,0,0,0,0,0,0,68
39133,Portage,Portage County,345.0,True,0.1424802110817942,0,54,0,135,0,190,0,0
39153,Summit,Summit County,345.0,True,0.12423625254582485,0,61,0,298,0,132,0,0
39011,Auglaize,Auglaize County,765.0,True,0.24074074074074073,39,26,0,22,0,21,0,0
42021,Cambria,Cambria County,500.0,True,0.06267806267806268,0,22,171,0,53,0,105,0
42109,Snyder,Snyder County,500.0,True,0.375,0,60,0,0,16,0,31,53
08061,Kiowa,Kiowa County,230.0,True,0.0,0,0,0,0,61,0,0,35
08075,Logan,Logan County,230.0,True,0.009596928982725527,0,5,307,49,160,0,0,0
09120,Greater Bridgeport,Greater Bridgeport Planning Region,345.0,True,0.0,0,0,126,0,0,1,0,0
39127,Perry,Perry County,345.0,True,0.0696969696969697,0,23,0,58,0,68,0,181
39149,Shelby,Shelby County,765.0,True,0.0,2,0,0,73,0,34,0,9
39019,Carroll,Carroll County,765.0,True,0.16712328767123288,37,61,0,180,0,87,0,0
42047,Elk,Elk County,345.0,True,0.03322259136212625,0,10,54,100,90,47,0,0
42121,Venango,Venango County,345.0,True,0.0,0,0,132,0,0,45,0,0
46049,Faulk,Faulk County,345.0,True,0.0,0,0,0,0,0,43,0,100
46119,Sully,Sully County,345.0,True,0.4782608695652174,0,66,0,0,40,32,0,0
35013,Doña Ana,Doña Ana County,345.0,True,0.024324324324324326,0,18,411,0,0,281,0,30
35035,Otero,Otero County,345.0,True,0.0,0,0,442,0,0,144,0,23
48017,Bailey,Bailey County,345.0,True,0.07161803713527852,0,27,11,0,110,45,0,184
48295,Lipscomb,Lipscomb County,69.0,True,0.0,0,0,0,0,0,0,0,141
49053,Washington,Washington County,500.0,True,0.03150525087514586,0,27,118,226,60,77,176,173
05135,Sharp,Sharp County,161.0,True,0.0,0,0,0,49,0,0,0,31
08001,Adams,Adams County,345.0,True,0.010574018126888218,0,7,165,0,426,31,0,33
08105,Rio Grande,Rio Grande County,115.0,True,0.0,0,0,69,0,0,0,0,170
08121,Washington,Washington County,230.0,True,0.0,0,0,239,0,89,0,0,0
08017,Cheyenne,Cheyenne County,115.0,True,0.0,0,0,78,0,0,0,0,0
13169,Jones,Jones County,500.0,True,0.06629834254143646,0,12,108,0,20,0,41,0
13037,Calhoun,Calhoun County,115.0,True,0.2653061224489796,0,13,36,0,0,0,0,0
13173,Lanier,Lanier County,115.0,True,0.0,0,0,22,0,0,0,0,0
36027,Dutchess,Dutchess County,345.0,True,0.1111111111111111,0,67,290,0,0,224,0,22
17073,Henry,Henry County,345.0,True,0.12658227848101267,0,30,0,187,0,17,0,3
50025,Windham,Windham County,345.0,True,0.20224719101123595,0,54,14,0,4,122,0,73
31109,Lancaster,Lancaster County,345.0,True,0.2157394843962008,0,159,364,19,0,195,0,0
08079,Mineral,Mineral County,69.0,True,0.0,0,0,0,0,0,0,0,25
12043,Glades,Glades County,,True,1.0,0,48,0,0,0,0,0,0
18031,Decatur,Decatur County,765.0,True,0.0,24,0,0,131,0,8,0,56
18113,Noble,Noble County,345.0,True,0.0,0,0,0,147,0,70,0,21
13095,Dougherty,Dougherty County,230.0,True,0.22026431718061673,0,50,147,0,30,0,0,0
17123,Marshall,Marshall County,138.0,True,0.0,0,0,0,50,0,0,0,0
21129,Lee,Lee County,161.0,True,0.0,0,0,0,39,0,0,0,51
22083,Richland,Richland Parish,500.0,True,0.16417910447761194,0,22,86,0,0,0,26,0
17055,Franklin,Franklin County,345.0,True,0.12883435582822086,0,63,0,119,26,43,0,238
31121,Merrick,Merrick County,345.0,True,0.0673076923076923,0,14,50,0,84,60,0,0
31151,Saline,Saline County,345.0,True,0.07857142857142857,0,11,39,0,0,90,0,0
31141,Platte,Platte County,345.0,True,0.029411764705882353,0,8,143,0,68,53,0,0
31035,Clay,Clay County,345.0,True,0.0,0,0,38,0,0,40,0,112
31099,Kearney,Kearney County,345.0,True,0.0,0,0,113,0,0,96,0,122
18149,Starke,Starke County,345.0,True,0.13533834586466165,0,18,0,14,0,101,0,0
18157,Tippecanoe,Tippecanoe County,345.0,True,0.17407407407407408,0,47,0,114,53,56,0,0
18023,Clinton,Clinton County,230.0,True,0.09210526315789473,0,7,0,0,69,0,0,0
18047,Franklin,Franklin County,345.0,True,0.00819672131147541,0,3,0,134,0,68,0,161
18117,Orange,Orange County,345.0,True,0.0,0,0,0,65,0,23,0,99
22007,Assumption,Assumption Parish,230.0,True,0.85,0,34,0,0,6,0,0,0
26049,Genesee,Genesee County,345.0,True,0.0,0,0,0,367,0,200,0,0
26073,Isabella,Isabella County,138.0,True,0.20512820512820512,0,8,0,23,0,0,0,8
36007,Broome,Broome County,345.0,True,0.2966751918158568,0,116,197,0,13,65,0,0
36117,Wayne,Wayne County,345.0,True,0.16923076923076924,0,66,213,0,0,111,0,0
31135,Perkins,Perkins County,115.0,True,0.3687150837988827,0,66,113,0,0,0,0,0
32019,Lyon,Lyon County,1000.0,True,0.0,102,0,196,0,26,0,0,0
32510,Carson City,Carson City,120.0,True,0.0,0,0,92,0,0,0,0,0
18015,Carroll,Carroll County,230.0,True,0.4864864864864865,0,36,0,7,27,0,0,4
19165,Shelby,Shelby County,161.0,True,0.009009009009009009,0,2,0,29,0,0,0,191
19023,Butler,Butler County,161.0,True,0.1267605633802817,0,9,0,62,0,0,0,0
19179,Wapello,Wapello County,345.0,True,0.13875598086124402,0,29,0,127,0,8,0,45
19087,Henry,Henry County,345.0,True,0.0,0,0,0,34,0,40,0,0
26037,Clinton,Clinton County,138.0,True,0.07627118644067797,0,9,0,83,0,0,0,26
26035,Clare,Clare County,138.0,True,,0,0,0,0,0,0,0,0
26165,Wexford,Wexford County,345.0,True,0.0,0,0,0,81,0,3,0,0
26051,Gladwin,Gladwin County,138.0,True,0.0,0,0,0,81,0,0,0,0
26085,Lake,Lake County,138.0,True,0.0,0,0,0,44,0,0,0,77
36089,St. Lawrence,St. Lawrence County,765.0,True,0.07124681933842239,122,84,678,0,295,0,0,0
36079,Putnam,Putnam County,345.0,True,0.28735632183908044,0,50,46,0,0,78,0,0
33001,Belknap,Belknap County,115.0,True,0.01818181818181818,0,1,54,0,0,0,0,0
35027,Lincoln,Lincoln County,115.0,True,0.0,0,0,7,0,0,0,0,66
19183,Washington,Washington County,345.0,True,0.0,0,0,0,0,0,48,0,0
19031,Cedar,Cedar County,115.0,True,0.0,0,0,39,0,0,0,0,37
19101,Jefferson,Jefferson County,161.0,True,0.25,0,13,0,39,0,0,0,0
19079,Hamilton,Hamilton County,,True,,0,0,0,0,0,0,0,0
19047,Crawford,Crawford County,161.0,True,0.0,0,0,0,98,0,0,0,217
27141,Sherburne,Sherburne County,345.0,True,0.008086253369272238,0,3,52,0,38,124,0,154
27067,Kandiyohi,Kandiyohi County,400.0,True,0.07947019867549669,0,24,61,0,20,11,0,186
27039,Dodge,Dodge County,345.0,True,0.21929824561403508,0,25,0,37,0,7,0,45
37149,Polk,Polk County,100.0,True,0.8260869565217391,0,95,0,0,0,0,0,20
17095,Knox,Knox County,345.0,True,0.19480519480519481,0,45,0,103,0,56,0,27
17081,Jefferson,Jefferson County,345.0,True,0.13875598086124402,0,29,0,110,0,70,0,0
17181,Union,Union County,138.0,True,0.0,0,0,0,22,0,0,0,141
19065,Fayette,Fayette County,345.0,True,0.010416666666666666,0,1,0,66,0,29,0,0
20015,Butler,Butler County,345.0,True,0.03896103896103896,0,27,33,160,0,264,0,209
20063,Gove,Gove County,115.0,True,0.3333333333333333,0,38,76,0,0,0,0,0
20055,Finney,Finney County,345.0,True,0.16341463414634147,0,67,180,53,0,110,0,0
20151,Pratt,Pratt County,345.0,True,0.12244897959183673,0,12,74,0,0,12,0,0
27131,Rice,Rice County,161.0,True,0.0,0,0,58,11,0,0,0,163
27001,Aitkin,Aitkin County,250.0,True,0.0,0,0,97,0,94,0,0,95
27019,Carver,Carver County,230.0,True,0.11382113821138211,0,28,111,0,36,0,0,71
37071,Gaston,Gaston County,500.0,True,0.10533515731874145,0,77,0,0,151,0,45,458
37011,Avery,Avery County,161.0,True,0.0,0,0,0,45,0,0,0,0
17009,Brown,Brown County,138.0,True,0.0,0,0,0,32,0,0,0,48
17169,Schuyler,Schuyler County,345.0,True,0.0,0,0,0,27,0,31,0,58
20115,Marion,Marion County,230.0,True,0.18947368421052632,0,18,64,0,13,0,0,0
20093,Kearny,Kearny County,345.0,True,0.0821917808219178,0,12,71,38,0,25,0,0
20029,Cloud,Cloud County,345.0,True,0.018292682926829267,0,3,71,0,60,14,0,16
20049,Elk,Elk County,345.0,True,0.03389830508474576,0,2,0,1,0,51,0,5
20027,Clay,Clay County,230.0,True,0.0,0,0,32,0,38,0,0,0
27009,Benton,Benton County,345.0,True,0.0,0,0,45,0,59,1,0,87
27017,Carlton,Carlton County,500.0,True,0.09407665505226481,0,27,95,0,48,0,39,78
27101,Murray,Murray County,115.0,True,0.29797979797979796,0,59,68,0,0,0,0,71
28117,Prentiss,Prentiss County,500.0,True,0.4065934065934066,0,37,0,53,0,0,1,0
37143,Perquimans,Perquimans County,230.0,True,0.0,0,0,0,0,45,0,0,0
38087,Slope,Slope County,230.0,True,0.0,0,0,3,0,69,0,0,38
50001,Addison,Addison County,345.0,True,0.3953488372093023,0,68,71,0,0,33,0,0
51710,Norfolk,Norfolk city,230.0,True,0.6578947368421053,0,50,3,0,23,0,0,0
20111,Lyon,Lyon County,345.0,True,0.0,0,0,152,0,14,82,0,0
20061,Geary,Geary County,345.0,True,0.12953367875647667,0,25,110,0,18,40,0,0
20207,Woodson,Woodson County,69.0,True,0.0,0,0,0,0,0,0,0,59
20053,Ellsworth,Ellsworth County,230.0,True,0.35074626865671643,0,47,54,0,33,0,0,0
20165,Rush,Rush County,345.0,True,0.14678899082568808,0,32,83,0,18,39,0,46
28129,Smith,Smith County,161.0,True,0.43478260869565216,0,80,91,0,0,0,0,13
28155,Webster,Webster County,161.0,True,0.1794871794871795,0,7,0,32,0,0,0,0
28105,Oktibbeha,Oktibbeha County,500.0,True,0.0736196319018405,0,12,0,107,0,0,28,16
28161,Yalobusha,Yalobusha County,230.0,True,0.023622047244094488,0,3,0,77,47,0,0,0
28061,Jasper,Jasper County,230.0,True,0.12448132780082988,0,30,104,0,53,0,0,54
39001,Adams,Adams County,345.0,True,0.003105590062111801,0,1,0,58,0,200,0,63
39111,Monroe,Monroe County,765.0,True,0.14056224899598393,17,35,0,100,0,97,0,0
51740,Portsmouth,Portsmouth city,230.0,True,0.15384615384615385,0,6,12,0,21,0,0,0
53073,Whatcom,Whatcom County,500.0,True,0.07261724659606657,0,48,265,6,198,0,117,27
53039,Klickitat,Klickitat County,500.0,True,0.008159564823209429,0,9,165,17,416,142,210,144
53069,Wahkiakum,Wahkiakum County,115.0,True,0.0,0,0,44,0,0,0,0,0
20141,Osborne,Osborne County,345.0,True,0.0,0,0,49,0,0,33,0,0
20075,Hamilton,Hamilton County,138.0,True,0.0,0,0,83,44,0,0,0,0
21207,Russell,Russell County,161.0,True,0.0,0,0,0,70,0,0,0,65
21077,Gallatin,Gallatin County,345.0,True,0.0,0,0,0,60,0,46,0,29
28035,Forrest,Forrest County,230.0,True,0.005571030640668524,0,2,142,26,67,0,0,122
28063,Jefferson,Jefferson County,500.0,True,0.0,0,0,47,0,0,0,29,0
29109,Lawrence,Lawrence County,345.0,True,0.048327137546468404,0,13,0,136,0,46,0,74
39029,Columbiana,Columbiana County,345.0,True,0.016,0,8,0,302,0,190,0,0
39025,Clermont,Clermont County,345.0,True,0.09202453987730061,0,45,0,106,0,224,0,114
17103,Lee,Lee County,345.0,True,0.0,0,0,0,201,0,99,0,0
53023,Garfield,Garfield County,500.0,True,0.0,0,0,74,13,33,0,82,26
21073,Franklin,Franklin County,345.0,True,0.22131147540983606,0,27,0,39,0,26,0,30
21045,Casey,Casey County,161.0,True,0.0,0,0,0,38,0,0,0,121
29077,Greene,Greene County,345.0,True,0.07077625570776255,0,31,0,249,0,63,0,95
29003,Andrew,Andrew County,345.0,True,0.22321428571428573,0,50,0,51,0,59,0,64
39107,Mercer,Mercer County,765.0,True,0.0,29,0,0,0,0,0,0,20
39171,Williams,Williams County,138.0,True,0.0,0,0,0,12,0,0,0,25
39085,Lake,Lake County,345.0,True,0.0,0,0,0,256,0,109,0,0
54053,Mason,Mason County,765.0,True,0.05545927209705372,139,32,0,214,0,163,0,29
17051,Fayette,Fayette County,345.0,True,0.14814814814814814,0,28,0,46,0,40,0,75
17105,Livingston,Livingston County,345.0,True,0.0,0,0,0,0,0,217,0,0
21227,Warren,Warren County,161.0,True,0.07377049180327869,0,27,0,174,0,0,0,165
21215,Spencer,Spencer County,161.0,True,0.0,0,0,0,33,0,0,0,21
21043,Carter,Carter County,69.0,True,0.2072072072072072,0,23,0,0,0,0,0,88
21001,Adair,Adair County,69.0,True,0.0,0,0,0,0,0,0,0,51
29187,St. Francois,St. Francois County,345.0,True,0.0,0,0,0,203,0,27,0,12
29061,Daviess,Daviess County,161.0,True,0.0,0,0,0,38,0,0,0,91
29175,Randolph,Randolph County,345.0,True,0.0,0,0,0,167,0,43,0,116
29137,Monroe,Monroe County,69.0,True,0.0,0,0,0,0,0,0,0,60
39051,Fulton,Fulton County,345.0,True,0.4330708661417323,0,55,0,0,0,72,0,0
40007,Beaver,Beaver County,345.0,True,0.19469026548672566,0,88,93,0,0,194,0,77
41027,Hood River,Hood River County,500.0,True,0.0,0,0,75,0,130,0,34,0
17143,Peoria,Peoria County,345.0,True,0.04666666666666667,0,28,0,364,0,93,0,115
17137,Morgan,Morgan County,345.0,True,0.0,0,0,0,102,0,79,0,213
17173,Shelby,Shelby County,345.0,True,0.1625,0,26,0,80,0,36,0,18
13015,Bartow,Bartow County,500.0,True,0.020942408376963352,0,8,164,0,128,0,82,0
13297,Walton,Walton County,230.0,True,0.02564102564102564,0,6,118,0,110,0,0,0
29103,Knox,Knox County,161.0,True,0.0,0,0,0,36,0,0,0,76
29221,Washington,Washington County,161.0,True,0.19469026548672566,0,44,0,172,0,0,0,10
29035,Carter,Carter County,345.0,True,0.0,0,0,0,0,0,31,0,61
29017,Bollinger,Bollinger County,345.0,True,0.0,0,0,0,35,0,39,0,87
42085,Mercer,Mercer County,345.0,True,0.19806763285024154,0,41,0,138,0,9,0,19
42117,Tioga,Tioga County,345.0,True,0.061452513966480445,0,11,101,0,16,51,0,0
42115,Susquehanna,Susquehanna County,230.0,True,0.0,0,0,108,0,9,0,0,13
54029,Hancock,Hancock County,500.0,True,0.6890756302521008,0,82,0,0,0,26,11,0
54069,Ohio,Ohio County,138.0,True,0.0,0,0,0,58,0,0,0,43
54009,Brooke,Brooke County,345.0,True,0.22602739726027396,0,33,0,68,0,34,0,11
13177,Lee,Lee County,500.0,True,0.08029197080291971,0,11,69,0,44,0,13,0
13065,Clinch,Clinch County,115.0,True,0.0,0,0,74,0,0,0,0,0
30103,Treasure,Treasure County,500.0,True,0.0,0,0,29,0,44,0,66,60
30107,Wheatland,Wheatland County,500.0,True,0.037209302325581395,0,16,36,0,59,0,103,216
30021,Dawson,Dawson County,230.0,True,0.0,0,0,138,0,137,0,0,180
42057,Fulton,Fulton County,138.0,True,0.0,0,0,0,48,0,0,0,0
46053,Gregory,Gregory County,230.0,True,0.0,0,0,127,0,8,0,0,0
17203,Woodford,Woodford County,345.0,True,0.0,0,0,0,62,0,179,0,0
17079,Jasper,Jasper County,345.0,True,0.0,0,0,0,55,0,44,0,84
55105,Rock,Rock County,345.0,True,0.0,0,0,0,244,0,98,0,206
05063,Independence,Independence County,500.0,True,0.02834008097165992,0,7,0,212,0,0,28,0
13119,Franklin,Franklin County,500.0,True,0.4631578947368421,0,44,43,0,0,0,8,0
13187,Lumpkin,Lumpkin County,115.0,True,0.5079365079365079,0,32,31,0,0,0,0,0
30017,Custer,Custer County,230.0,True,0.0,0,0,93,0,140,0,0,8
31137,Phelps,Phelps County,345.0,True,0.0,0,0,78,0,0,12,0,166
31081,Hamilton,Hamilton County,345.0,True,0.5668202764976958,0,123,55,0,0,39,0,0
31097,Johnson,Johnson County,345.0,True,0.0,0,0,0,0,0,36,0,41
46039,Deuel,Deuel County,345.0,True,0.20135746606334842,0,89,55,0,84,98,0,116
46021,Campbell,Campbell County,345.0,True,0.17261904761904762,0,29,0,0,39,100,0,0
47069,Hardeman,Hardeman County,161.0,True,0.3456221198156682,0,75,0,142,0,0,0,0
06029,Kern,Kern County,1000.0,True,0.2007620862110026,121,843,890,340,843,0,544,618
55123,Vernon,Vernon County,161.0,True,0.0035714285714285713,0,1,0,77,0,0,0,202
13321,Worth,Worth County,500.0,True,0.0,0,0,70,0,53,0,54,0
31131,Otoe,Otoe County,345.0,True,0.0,0,0,7,55,0,148,0,113
32009,Esmeralda,Esmeralda County,120.0,True,0.15517241379310345,0,36,196,0,0,0,0,0
33011,Hillsborough,Hillsborough County,450.0,True,0.14,0,63,186,0,85,116,0,0
48489,Willacy,Willacy County,345.0,True,0.0,0,0,0,73,0,49,0,4
48271,Kinney,Kinney County,138.0,True,0.0,0,0,0,93,0,0,0,0
48443,Terrell,Terrell County,230.0,True,0.0,0,0,0,2,18,0,0,2
05149,Yell,Yell County,500.0,True,0.0,0,0,24,63,0,0,87,0
05111,Poinsett,Poinsett County,500.0,True,0.08064516129032258,0,15,0,95,0,0,7,69
13293,Upson,Upson County,230.0,True,0.06993006993006994,0,10,77,0,56,0,0,0
13207,Monroe,Monroe County,500.0,True,0.0,0,0,74,0,0,0,86,0
33003,Carroll,Carroll County,115.0,True,0.43703703703703706,0,59,76,0,0,0,0,0
34029,Ocean,Ocean County,230.0,True,0.0992063492063492,0,25,0,0,227,0,0,0
18095,Madison,Madison County,765.0,True,0.14460784313725492,13,59,0,223,0,38,0,75
18069,Huntington,Huntington County,765.0,True,0.0,31,0,0,118,0,23,0,0
18085,Kosciusko,Kosciusko County,765.0,True,0.0,45,0,0,74,0,147,0,0
18107,Montgomery,Montgomery County,345.0,True,0.0038314176245210726,0,1,0,77,64,34,0,85
18049,Fulton,Fulton County,765.0,True,0.0,23,0,0,0,0,16,0,0
20173,Sedgwick,Sedgwick County,345.0,True,0.013651877133105802,0,12,0,327,0,215,0,325
20167,Russell,Russell County,230.0,True,0.0,0,0,108,0,48,0,0,18
20123,Mitchell,Mitchell County,115.0,True,0.0,0,0,40,0,0,0,0,0
20057,Ford,Ford County,345.0,True,0.1982142857142857,0,111,210,0,15,224,0,0
20133,Neosho,Neosho County,345.0,True,0.0,0,0,0,94,0,33,0,60
20205,Wilson,Wilson County,345.0,True,0.0,0,0,0,123,0,38,0,86
20203,Wichita,Wichita County,115.0,True,0.0,0,0,38,0,0,0,0,0
20153,Rawlins,Rawlins County,345.0,True,0.20253164556962025,0,32,111,0,0,15,0,0
21221,Trigg,Trigg County,161.0,True,0.22641509433962265,0,24,0,43,0,0,0,39
48177,Gonzales,Gonzales County,345.0,True,0.0,0,0,0,101,0,32,0,189
48367,Parker,Parker County,345.0,True,0.0,0,0,0,280,0,345,0,90
48325,Medina,Medina County,345.0,True,0.0,0,0,0,259,0,41,0,92
48303,Lubbock,Lubbock County,345.0,True,0.06205923836389281,0,44,269,0,143,37,0,216
18059,Hancock,Hancock County,765.0,True,0.03832752613240418,30,11,0,32,28,96,0,90
21201,Robertson,Robertson County,765.0,True,0.0,14,0,0,13,0,0,0,19
20197,Wabaunsee,Wabaunsee County,345.0,True,0.0,0,0,99,0,23,65,0,0
17147,Piatt,Piatt County,345.0,True,0.0,0,0,0,10,0,26,0,131
17035,Cumberland,Cumberland County,345.0,True,0.0,0,0,0,51,0,68,0,0
21113,Jessamine,Jessamine County,345.0,True,0.0,0,0,0,106,0,20,0,68
21157,Marshall,Marshall County,500.0,True,0.02903225806451613,0,9,0,199,0,0,45,57
48497,Wise,Wise County,345.0,True,0.0,0,0,0,383,0,301,0,62
48031,Blanco,Blanco County,138.0,True,0.0,0,0,0,88,0,0,0,38
48231,Hunt,Hunt County,345.0,True,0.0029940119760479044,0,1,0,119,0,60,0,154
48493,Wilson,Wilson County,345.0,True,0.0,0,0,0,118,0,208,0,0
21021,Boyle,Boyle County,138.0,True,0.011627906976744186,0,1,0,6,0,0,0,79
21223,Trimble,Trimble County,765.0,True,0.0,25,0,0,36,0,76,0,31
17037,DeKalb,DeKalb County,345.0,True,0.05952380952380952,0,10,0,130,0,28,0,0
17135,Montgomery,Montgomery County,345.0,True,0.1641025641025641,0,32,0,82,0,81,0,0
17065,Hamilton,Hamilton County,345.0,True,0.0,0,0,0,45,0,31,0,149
08041,El Paso,El Paso County,345.0,True,0.03312990409764603,0,38,474,0,397,216,0,22
08089,Otero,Otero County,115.0,True,0.004464285714285714,0,1,115,0,0,0,0,108
08073,Lincoln,Lincoln County,345.0,True,0.11538461538461539,0,27,109,0,76,14,0,8
12051,Hendry,Hendry County,500.0,True,0.2077922077922078,0,48,0,73,70,0,40,0
48375,Potter,Potter County,345.0,True,0.0,0,0,252,0,221,139,0,121
48279,Lamb,Lamb County,345.0,True,0.06188925081433225,0,38,159,0,259,6,0,152
48149,Fayette,Fayette County,345.0,True,0.0,0,0,0,258,0,195,0,21
48019,Bandera,Bandera County,138.0,True,0.0,0,0,0,64,0,0,0,73
48335,Mitchell,Mitchell County,345.0,True,0.0,0,0,0,229,0,192,0,81
48009,Archer,Archer County,345.0,True,0.0,0,0,35,211,0,116,0,59
21103,Henry,Henry County,765.0,True,0.0,6,0,0,30,0,27,0,61
21039,Carlisle,Carlisle County,161.0,True,0.0,0,0,0,20,0,0,0,25
54035,Jackson,Jackson County,765.0,True,0.4083333333333333,40,49,0,13,0,11,0,7
55101,Racine,Racine County,345.0,True,0.032467532467532464,0,10,0,121,66,111,0,0
12003,Baker,Baker County,230.0,True,0.0,0,0,62,0,43,0,0,0
13299,Ware,Ware County,230.0,True,0.06521739130434782,0,15,144,0,71,0,0,0
13129,Gordon,Gordon County,500.0,True,0.18269230769230768,0,38,102,0,43,0,25,0
48193,Hamilton,Hamilton County,138.0,True,0.09016393442622951,0,11,0,111,0,0,0,0
48145,Falls,Falls County,345.0,True,0.0,0,0,0,32,0,73,0,154
48095,Concho,Concho County,345.0,True,0.0,0,0,0,8,0,137,0,42
48249,Jim Wells,Jim Wells County,230.0,True,0.0,0,0,0,30,16,0,0,123
48129,Donley,Donley County,345.0,True,0.0273972602739726,0,2,0,0,0,2,0,69
21149,McLean,McLean County,345.0,True,0.0,0,0,0,47,0,24,0,111
22093,St. James,St. James Parish,500.0,True,0.5174825174825175,0,74,0,0,64,0,5,0
55059,Kenosha,Kenosha County,345.0,True,0.05976095617529881,0,15,0,131,0,92,0,13
55127,Walworth,Walworth County,138.0,True,0.0,0,0,0,182,0,0,0,89
13097,Douglas,Douglas County,500.0,True,0.2490842490842491,0,68,51,0,84,0,70,0
45037,Edgefield,Edgefield County,230.0,True,0.1796116504854369,0,37,162,0,7,0,0,0
21081,Grant,Grant County,765.0,True,0.0,23,0,0,37,0,10,0,70
21199,Pulaski,Pulaski County,345.0,True,0.004246284501061571,0,2,0,137,0,102,0,230
22095,St. John the Baptist,St. John the Baptist Parish,500.0,True,0.2679738562091503,0,41,0,0,87,0,25,0
23019,Penobscot,Penobscot County,345.0,True,0.3584,0,224,215,0,0,170,0,16
26015,Barry,Barry County,345.0,True,0.27848101265822783,0,66,0,50,0,66,0,55
55093,Pierce,Pierce County,345.0,True,0.0,0,0,2,36,0,52,0,181
55063,La Crosse,La Crosse County,345.0,True,0.0,0,0,0,129,0,13,0,128
45011,Barnwell,Barnwell County,230.0,True,0.19047619047619047,0,64,140,0,74,0,0,58
45023,Chester,Chester County,230.0,True,0.16731517509727625,0,86,0,0,54,0,0,374
21091,Hancock,Hancock County,345.0,True,0.05202312138728324,0,9,0,90,0,29,0,45
21169,Metcalfe,Metcalfe County,161.0,True,0.0,0,0,0,155,0,0,0,108
26057,Gratiot,Gratiot County,345.0,True,0.21686746987951808,0,36,0,64,0,66,0,0
26155,Shiawassee,Shiawassee County,345.0,True,0.0915032679738562,0,14,0,127,0,12,0,0
51700,Newport News,Newport News city,230.0,True,0.0,0,0,45,0,51,0,0,0
55061,Kewaunee,Kewaunee County,345.0,True,0.0,0,0,0,81,0,22,0,65
55117,Sheboygan,Sheboygan County,345.0,True,0.0,0,0,0,229,0,123,0,65
17063,Grundy,Grundy County,765.0,True,0.001876172607879925,31,1,0,132,0,369,0,0
46003,Aurora,Aurora County,345.0,True,0.19786096256684493,0,37,5,0,12,3,0,130
46035,Davison,Davison County,230.0,True,0.2909090909090909,0,64,90,0,1,0,0,65
46029,Codington,Codington County,345.0,True,0.0,0,0,104,0,72,62,0,107
46061,Hanson,Hanson County,230.0,True,0.0,0,0,46,0,59,0,0,63
46077,Kingsbury,Kingsbury County,69.0,True,0.4875,0,117,0,0,0,0,0,123
46043,Douglas,Douglas County,345.0,True,0.2953020134228188,0,44,26,0,0,0,0,79
13081,Crisp,Crisp County,115.0,True,0.0,0,0,50,0,0,0,0,0
13227,Pickens,Pickens County,230.0,True,0.4444444444444444,0,44,29,0,26,0,0,0
13225,Peach,Peach County,500.0,True,0.0,0,0,62,0,24,0,10,0
51735,Poquoson,Poquoson city,,False,,0,0,0,0,0,0,0,0
51800,Suffolk,Suffolk city,500.0,True,0.05416666666666667,0,13,16,0,139,0,72,0
51169,Scott,Scott County,500.0,True,0.2046783625730994,0,35,0,111,0,0,6,19
55065,Lafayette,Lafayette County,138.0,True,0.07650273224043716,0,14,0,49,0,0,0,120
55095,Polk,Polk County,161.0,True,0.0,0,0,0,78,0,0,0,282
46065,Hughes,Hughes County,230.0,True,0.1896551724137931,0,66,26,0,256,0,0,0
46097,Miner,Miner County,69.0,True,0.5348837209302325,0,69,0,0,0,0,0,60
13167,Johnson,Johnson County,230.0,True,0.5652173913043478,0,39,0,0,30,0,0,0
13091,Dodge,Dodge County,500.0,True,0.28160919540229884,0,49,49,0,41,0,35,0
51115,Mathews,Mathews County,,True,1.0,0,9,0,0,0,0,0,0
51013,Arlington,Arlington County,230.0,True,0.4782608695652174,0,22,0,0,24,0,0,0
55031,Douglas,Douglas County,345.0,True,0.455012853470437,0,177,20,68,0,75,0,49
55009,Brown,Brown County,345.0,True,0.008695652173913044,0,4,0,278,0,81,0,97
47011,Bradley,Bradley County,500.0,True,0.28753993610223644,0,90,0,160,0,0,41,22
13235,Pulaski,Pulaski County,230.0,True,0.14814814814814814,0,8,23,0,23,0,0,0
13125,Glascock,Glascock County,500.0,True,0.19230769230769232,0,10,0,0,21,0,21,0
51510,Alexandria,Alexandria city,230.0,True,0.1111111111111111,0,2,0,0,16,0,0,0
53003,Asotin,Asotin County,230.0,True,0.1875,0,21,53,0,37,0,0,1
17029,Coles,Coles County,345.0,True,0.023622047244094488,0,6,0,96,0,75,0,77
56007,Carbon,Carbon County,245.0,True,0.12780269058295965,0,114,179,0,554,0,0,45
56005,Campbell,Campbell County,230.0,True,0.04398148148148148,0,57,119,66,581,0,0,473
56011,Crook,Crook County,230.0,True,0.0,0,0,76,0,119,0,0,180
47043,Dickson,Dickson County,500.0,True,0.08808290155440414,0,17,0,46,0,0,68,62
47017,Carroll,Carroll County,500.0,True,0.0,0,0,0,120,0,0,45,67
13011,Banks,Banks County,500.0,True,0.07692307692307693,0,9,34,0,47,0,27,0
13243,Randolph,Randolph County,115.0,True,0.3793103448275862,0,22,36,0,0,0,0,0
13043,Candler,Candler County,230.0,True,0.0,0,0,29,0,21,0,0,0
17199,Williamson,Williamson County,345.0,True,0.040697674418604654,0,21,0,162,31,31,0,271
17167,Sangamon,Sangamon County,345.0,True,0.12293577981651377,0,67,0,217,0,89,0,172
53051,Pend Oreille,Pend Oreille County,230.0,True,0.021321961620469083,0,10,167,0,292,0,0,0
05119,Pulaski,Pulaski County,500.0,True,0.014311270125223614,0,8,400,33,0,0,118,0
47113,Madison,Madison County,500.0,True,0.05501618122977346,0,17,0,244,0,0,48,0
47177,Warren,Warren County,161.0,True,0.058823529411764705,0,5,0,80,0,0,0,0
13003,Atkinson,Atkinson County,115.0,True,0.0,0,0,42,0,0,0,0,0
13159,Jasper,Jasper County,230.0,True,0.0,0,0,53,0,30,0,0,0
18179,Wells,Wells County,765.0,True,0.42346938775510207,30,83,0,4,0,79,0,0
18055,Greene,Greene County,345.0,True,0.0023584905660377358,0,1,0,119,0,180,0,124
18131,Pulaski,Pulaski County,345.0,True,0.25190839694656486,0,33,0,35,0,63,0,0
18139,Rush,Rush County,345.0,True,0.0,0,0,0,45,0,51,0,145
18011,Boone,Boone County,345.0,True,0.09274193548387097,0,23,0,5,21,68,0,131
05137,Stone,Stone County,161.0,True,0.0,0,0,0,18,0,0,0,0
05125,Saline,Saline County,500.0,True,0.0,0,0,144,0,0,0,50,0
47101,Lewis,Lewis County,161.0,True,0.0,0,0,0,92,0,0,0,0
47153,Sequatchie,Sequatchie County,500.0,True,0.05555555555555555,0,3,0,16,0,0,35,0
16001,Ada,Ada County,500.0,True,0.0,0,0,45,332,308,0,45,48
16045,Gem,Gem County,230.0,True,0.0,0,0,0,38,136,0,0,91
18133,Putnam,Putnam County,345.0,True,0.06698564593301436,0,14,0,56,9,20,0,110
19169,Story,Story County,161.0,True,0.21710526315789475,0,33,0,119,0,0,0,0
19003,Adams,Adams County,345.0,True,0.28421052631578947,0,27,0,27,0,41,0,0
19013,Black Hawk,Black Hawk County,345.0,True,0.025252525252525252,0,5,0,165,0,23,0,5
19055,Delaware,Delaware County,345.0,True,0.0,0,0,0,71,0,42,0,0
05115,Pope,Pope County,500.0,True,0.0,0,0,0,195,0,0,57,5
05053,Grant,Grant County,500.0,True,0.0,0,0,111,0,0,0,81,0
47095,Lake,Lake County,161.0,True,0.0,0,0,0,35,0,0,0,0
47061,Grundy,Grundy County,500.0,True,0.3884297520661157,0,47,0,40,0,0,34,0
16053,Jerome,Jerome County,500.0,True,0.0189873417721519,0,9,0,188,84,96,16,81
16051,Jefferson,Jefferson County,230.0,True,0.29381443298969073,0,114,57,61,37,0,0,119
19077,Guthrie,Guthrie County,161.0,True,0.04918032786885246,0,3,0,58,0,0,0,0
19075,Grundy,Grundy County,161.0,True,0.0,0,0,0,34,0,0,0,0
19147,Palo Alto,Palo Alto County,345.0,True,0.0,0,0,0,39,0,39,0,10
19083,Hardin,Hardin County,161.0,True,0.1864406779661017,0,11,0,48,0,0,0,0
19035,Cherokee,Cherokee County,345.0,True,0.0,0,0,0,62,0,9,0,193
19151,Pocahontas,Pocahontas County,161.0,True,0.010638297872340425,0,1,0,39,0,0,0,54
05023,Cleburne,Cleburne County,161.0,True,0.5474452554744526,0,75,0,62,0,0,0,0
05059,Hot Spring,Hot Spring County,500.0,True,0.014134275618374558,0,4,225,0,0,0,54,0
05097,Montgomery,Montgomery County,115.0,True,0.0,0,0,29,0,0,0,0,0
47169,Trousdale,Trousdale County,161.0,True,0.0,0,0,0,42,0,0,0,0
48291,Liberty,Liberty County,345.0,True,0.008130081300813009,0,4,0,368,54,6,0,60
16047,Gooding,Gooding County,500.0,True,0.0028089887640449437,0,1,1,135,112,0,23,84
18063,Hendricks,Hendricks County,345.0,True,0.0,0,0,0,77,0,65,0,143
18017,Cass,Cass County,345.0,True,0.5677966101694916,0,67,0,0,35,16,0,0
19009,Audubon,Audubon County,161.0,True,0.0,0,0,0,31,0,0,0,52
19011,Benton,Benton County,345.0,True,0.0,0,0,77,56,0,16,0,20
19175,Union,Union County,345.0,True,0.0,0,0,0,59,0,3,0,29
19067,Floyd,Floyd County,161.0,True,0.0,0,0,0,53,0,0,0,19
19039,Clarke,Clarke County,69.0,True,0.0,0,0,0,0,0,0,0,57
19093,Ida,Ida County,345.0,True,0.0,0,0,0,5,0,30,0,146
06031,Kings,Kings County,500.0,True,0.45911047345767575,0,320,94,0,183,0,100,0
06103,Tehama,Tehama County,500.0,True,0.25900900900900903,0,230,0,0,471,0,187,0
08087,Morgan,Morgan County,345.0,True,0.0,0,0,245,0,292,106,0,0
08119,Teller,Teller County,230.0,True,0.0,0,0,43,0,3,0,0,19
48121,Denton,Denton County,345.0,True,0.0,0,0,0,359,0,271,0,25
48217,Hill,Hill County,345.0,True,0.0,0,0,0,199,0,183,0,114
18005,Bartholomew,Bartholomew County,345.0,True,0.0,0,0,0,32,93,48,0,140
18057,Hamilton,Hamilton County,765.0,True,0.019704433497536946,20,8,0,15,57,37,0,269
18143,Scott,Scott County,765.0,True,0.0,20,0,0,11,0,0,0,53
19029,Cass,Cass County,345.0,True,0.061611374407582936,0,13,0,83,0,76,0,39
19121,Madison,Madison County,345.0,True,0.0,0,0,0,86,0,140,0,0
19197,Wright,Wright County,161.0,True,0.4657534246575342,0,34,0,39,0,0,0,0
19037,Chickasaw,Chickasaw County,345.0,True,0.0,0,0,0,16,0,41,0,19
20085,Jackson,Jackson County,345.0,True,0.02142857142857143,0,3,55,43,0,39,0,0
20045,Douglas,Douglas County,345.0,True,0.2463768115942029,0,51,69,0,30,39,0,18
20077,Harper,Harper County,345.0,True,0.12371134020618557,0,36,0,106,0,149,0,0
20017,Chase,Chase County,345.0,True,0.0,0,0,105,0,0,37,0,0
20041,Dickinson,Dickinson County,345.0,True,0.16602316602316602,0,43,112,0,57,47,0,0
39143,Sandusky,Sandusky County,345.0,True,0.6328125,0,162,0,72,0,22,0,0
40067,Jefferson,Jefferson County,138.0,True,0.22330097087378642,0,23,0,25,0,0,0,55
40009,Beckham,Beckham County,345.0,True,0.0,0,0,0,154,83,75,0,0
40001,Adair,Adair County,345.0,True,0.0,0,0,0,41,0,25,0,94
47139,Polk,Polk County,161.0,True,0.08074534161490683,0,13,0,115,0,0,0,33
48181,Grayson,Grayson County,345.0,True,0.02771855010660981,0,13,0,260,21,112,0,63
18019,Clark,Clark County,345.0,True,0.11419753086419752,0,37,0,154,22,57,0,54
18153,Sullivan,Sullivan County,765.0,True,0.13031914893617022,39,49,0,23,0,128,0,137
20043,Doniphan,Doniphan County,115.0,True,0.0,0,0,13,0,0,0,0,19
20157,Republic,Republic County,69.0,True,0.0,0,0,0,0,0,0,0,51
40025,Cimarron,Cimarron County,69.0,True,0.038461538461538464,0,6,0,0,0,0,0,150
20119,Meade,Meade County,115.0,True,0.3055555555555556,0,22,50,0,0,0,0,0
20099,Labette,Labette County,345.0,True,0.004032258064516129,0,1,0,101,0,65,0,81
21083,Graves,Graves County,161.0,True,0.0,0,0,0,69,0,0,0,98
21105,Hickman,Hickman County,161.0,True,0.0,0,0,0,58,0,0,0,54
23005,Cumberland,Cumberland County,345.0,True,0.07608695652173914,0,35,268,0,0,157,0,0
48197,Hardeman,Hardeman County,345.0,True,0.037783375314861464,0,15,0,126,0,156,0,100
18171,Warren,Warren County,345.0,True,0.17857142857142858,0,10,0,0,0,26,0,20
18141,St. Joseph,St. Joseph County,765.0,True,0.0851063829787234,46,60,0,284,0,304,0,11
18003,Allen,Allen County,765.0,True,0.14104193138500634,7,111,0,421,0,189,0,59
20005,Atchison,Atchison County,345.0,True,0.0,0,0,41,0,0,3,0,87
34017,Hudson,Hudson County,345.0,True,0.2545454545454545,0,28,0,0,43,39,0,0
01079,Lawrence,Lawrence County,500.0,True,0.1564625850340136,0,46,0,169,0,0,79,0
21041,Carroll,Carroll County,765.0,True,0.0,6,0,0,79,0,92,0,51
23013,Knox,Knox County,345.0,True,0.0,0,0,66,0,0,10,0,0
21037,Campbell,Campbell County,345.0,True,0.034482758620689655,0,8,0,93,0,87,0,44
21023,Bracken,Bracken County,765.0,True,0.36585365853658536,7,45,0,60,0,0,0,11
27135,Roseau,Roseau County,500.0,True,0.0,0,0,0,0,44,0,55,213
27063,Jackson,Jackson County,345.0,True,0.041474654377880185,0,18,0,180,0,83,0,153
34039,Union,Union County,345.0,True,0.06779661016949153,0,8,0,13,84,13,0,0
13109,Evans,Evans County,115.0,True,0.1694915254237288,0,10,49,0,0,0,0,0
40053,Grant,Grant County,345.0,True,0.0,0,0,0,84,0,53,0,109
40071,Kay,Kay County,345.0,True,0.0,0,0,0,120,0,58,0,184
40115,Ottawa,Ottawa County,345.0,True,0.012145748987854251,0,3,0,87,0,9,0,148
01037,Coosa,Coosa County,230.0,True,0.3936651583710407,0,87,45,0,89,0,0,0
21015,Boone,Boone County,345.0,True,0.005390835579514825,0,2,0,113,0,136,0,120
28045,Hancock,Hancock County,500.0,True,0.06159420289855073,0,17,170,0,68,0,21,0
28147,Walthall,Walthall County,500.0,True,0.0,0,0,73,0,0,0,29,0
13255,Spalding,Spalding County,500.0,True,0.0,0,0,116,0,17,0,11,0
13247,Rockdale,Rockdale County,500.0,True,0.0,0,0,20,0,43,0,26,0
40085,Love,Love County,138.0,True,0.5126050420168067,0,61,0,58,0,0,0,0
41057,Tillamook,Tillamook County,230.0,True,0.0,0,0,165,0,47,0,0,0
01127,Walker,Walker County,500.0,True,0.009009009009009009,0,5,168,304,43,0,35,0
22023,Cameron,Cameron Parish,230.0,True,0.1518324607329843,0,29,0,0,4,0,0,158
28095,Monroe,Monroe County,500.0,True,0.16293929712460065,0,51,0,164,0,0,62,36
29149,Oregon,Oregon County,161.0,True,0.0,0,0,0,59,0,0,0,62
35023,Hidalgo,Hidalgo County,345.0,True,0.0,0,0,90,0,0,58,0,73
35031,McKinley,McKinley County,345.0,True,0.003246753246753247,0,3,281,0,150,317,0,173
35015,Eddy,Eddy County,345.0,True,0.01821668264621285,0,19,336,0,185,218,0,285
40045,Ellis,Ellis County,345.0,True,0.0,0,0,0,0,0,85,0,70
41037,Lake,Lake County,1000.0,True,0.0,194,0,235,0,0,0,392,137
22019,Calcasieu,Calcasieu Parish,500.0,True,0.11406423034330011,0,103,0,255,148,0,85,312
27169,Winona,Winona County,69.0,True,0.060810810810810814,0,9,0,0,0,0,0,139
29133,Mississippi,Mississippi County,161.0,True,0.0,0,0,0,11,0,0,0,51
29173,Ralls,Ralls County,345.0,True,0.0,0,0,0,40,0,41,0,88
36085,Richmond,Richmond County,230.0,True,0.0,0,0,0,8,1,0,0,0
36087,Rockland,Rockland County,500.0,True,0.5518672199170125,0,133,0,12,0,89,7,0
41059,Umatilla,Umatilla County,500.0,True,0.0,0,0,505,6,233,2,74,50
41063,Wallowa,Wallowa County,230.0,True,0.0,0,0,50,0,234,0,0,0
27055,Houston,Houston County,161.0,True,0.0,0,0,0,52,0,0,0,118
27115,Pine,Pine County,500.0,True,0.06811145510835913,0,22,0,0,82,0,79,140
29510,St. Louis,St. Louis city,345.0,True,0.09523809523809523,0,8,0,74,0,2,0,0
29005,Atchison,Atchison County,345.0,True,0.22522522522522523,0,50,0,0,0,80,0,92
36003,Allegany,Allegany County,345.0,True,0.3096774193548387,0,48,97,0,0,10,0,0
36101,Steuben,Steuben County,230.0,True,0.5128755364806867,0,239,155,0,72,0,0,0
41029,Jackson,Jackson County,500.0,True,0.0,0,0,255,0,133,0,110,195
42039,Crawford,Crawford County,345.0,True,0.03804347826086957,0,7,131,0,0,46,0,0
42083,McKean,McKean County,345.0,True,0.0,0,0,70,0,26,54,0,0
48147,Fannin,Fannin County,345.0,True,0.06989247311827956,0,26,0,103,0,181,0,62
48501,Yoakum,Yoakum County,345.0,True,0.00199203187250996,0,1,148,0,170,18,0,165
48359,Oldham,Oldham County,345.0,True,0.04739336492890995,0,10,44,0,0,129,0,28
29147,Nodaway,Nodaway County,345.0,True,0.20218579234972678,0,74,0,113,0,34,0,145
29097,Jasper,Jasper County,345.0,True,0.0896551724137931,0,26,0,172,0,48,0,44
30075,Powder River,Powder River County,115.0,True,0.0,0,0,69,0,0,0,0,0
36083,Rensselaer,Rensselaer County,345.0,True,0.2755102040816326,0,135,242,0,36,77,0,0
36033,Franklin,Franklin County,765.0,True,0.33157894736842103,18,126,134,0,102,0,0,0
42007,Beaver,Beaver County,500.0,True,0.12474849094567404,0,62,0,200,0,191,44,0
45045,Greenville,Greenville County,500.0,True,0.16587225929456625,0,174,0,0,211,0,59,605
46083,Lincoln,Lincoln County,345.0,True,0.04050632911392405,0,16,119,0,30,47,0,183
49009,Daggett,Daggett County,230.0,True,0.0,0,0,0,63,11,0,0,0
49027,Millard,Millard County,500.0,True,0.0,0,0,80,36,350,201,266,161
50003,Bennington,Bennington County,230.0,True,0.38285714285714284,0,67,52,0,30,0,0,26
30101,Toole,Toole County,230.0,True,0.0,0,0,85,0,24,0,0,168
31029,Chase,Chase County,115.0,True,0.0,0,0,154,0,0,0,0,111
31129,Nuckolls,Nuckolls County,115.0,True,0.2196969696969697,0,29,44,0,0,0,0,59
31145,Red Willow,Red Willow County,345.0,True,0.0,0,0,85,0,0,43,0,119
13117,Forsyth,Forsyth County,230.0,True,0.07407407407407407,0,12,103,0,47,0,0,0
13155,Irwin,Irwin County,500.0,True,0.10989010989010989,0,20,84,0,31,0,47,0
46007,Bennett,Bennett County,115.0,True,0.4678362573099415,0,80,91,0,0,0,0,0
46135,Yankton,Yankton County,230.0,True,0.050473186119873815,0,16,111,0,110,0,0,80
46101,Moody,Moody County,345.0,True,0.05217391304347826,0,12,87,0,0,39,0,92
46011,Brookings,Brookings County,345.0,True,0.22137404580152673,0,116,206,0,0,82,0,120
50021,Rutland,Rutland County,345.0,True,0.6259351620947631,0,251,87,0,0,63,0,0
50011,Franklin,Franklin County,115.0,True,0.31952662721893493,0,54,115,0,0,0,0,0
31127,Nemaha,Nemaha County,345.0,True,0.17040358744394618,0,38,0,54,0,80,0,51
31147,Richardson,Richardson County,345.0,True,0.0,0,0,7,30,0,29,0,59
31095,Jefferson,Jefferson County,115.0,True,0.27835051546391754,0,27,70,0,0,0,0,0
24047,Worcester,Worcester County,138.0,True,0.04054054054054054,0,6,0,44,0,0,0,98
01063,Greene,Greene County,230.0,True,0.46440677966101696,0,137,108,0,50,0,0,0
24510,Baltimore,Baltimore city,230.0,True,0.0,0,0,64,0,5,0,0,0
25001,Barnstable,Barnstable County,345.0,True,0.21726190476190477,0,73,226,0,0,37,0,0
26139,Ottawa,Ottawa County,345.0,True,0.06509695290858726,0,47,0,333,0,303,0,39
46031,Corson,Corson County,115.0,True,0.6741573033707865,0,180,87,0,0,0,0,0
51520,Bristol,Bristol city,138.0,True,0.8181818181818182,0,18,0,4,0,0,0,0
51025,Brunswick,Brunswick County,500.0,True,0.04216867469879518,0,7,73,0,0,0,86,0
32005,Douglas,Douglas County,120.0,True,0.0,0,0,124,0,0,0,0,0
32013,Humboldt,Humboldt County,345.0,True,0.0,0,0,428,0,0,91,0,0
33019,Sullivan,Sullivan County,115.0,True,0.1574074074074074,0,17,91,0,0,0,0,0
26153,Schoolcraft,Schoolcraft County,138.0,True,0.0,0,0,0,83,0,0,0,119
26061,Houghton,Houghton County,138.0,True,0.0,0,0,0,51,0,0,0,136
46019,Butte,Butte County,115.0,True,0.45893719806763283,0,95,78,0,0,0,0,34
46013,Brown,Brown County,345.0,True,0.06729634002361275,0,57,328,0,0,181,0,281
16017,Bonner,Bonner County,230.0,True,0.11936339522546419,0,45,162,0,107,0,0,63
16071,Oneida,Oneida County,345.0,True,0.0,0,0,0,0,57,80,0,73
18025,Crawford,Crawford County,765.0,True,0.005,40,1,0,39,0,36,0,84
19053,Decatur,Decatur County,,False,,0,0,0,0,0,0,0,0
19185,Wayne,Wayne County,,False,,0,0,0,0,0,0,0,0
26059,Hillsdale,Hillsdale County,138.0,True,0.44086021505376344,0,41,0,52,0,0,0,0
26017,Bay,Bay County,345.0,True,0.0380952380952381,0,20,0,327,0,178,0,0
47181,Wayne,Wayne County,161.0,True,0.4230769230769231,0,55,0,75,0,0,0,0
47047,Fayette,Fayette County,500.0,True,0.0,0,0,0,199,0,0,62,0
16009,Benewah,Benewah County,230.0,True,0.0,0,0,20,0,36,0,0,62
17163,St. Clair,St. Clair County,345.0,True,0.0199203187250996,0,10,0,217,60,206,0,9
19133,Monona,Monona County,161.0,True,0.0,0,0,0,15,0,0,0,146
19155,Pottawattamie,Pottawattamie County,345.0,True,0.08793456032719836,0,43,0,112,0,142,0,192
26151,Sanilac,Sanilac County,345.0,True,0.2388888888888889,0,43,13,0,0,124,0,0
26011,Arenac,Arenac County,345.0,True,0.0,0,0,0,99,0,19,0,0
47099,Lawrence,Lawrence County,161.0,True,0.0,0,0,0,197,0,0,0,0
47115,Marion,Marion County,500.0,True,0.36329588014981273,0,97,0,131,0,0,39,0
17149,Pike,Pike County,345.0,True,0.0,0,0,0,152,0,29,0,330
17101,Lawrence,Lawrence County,138.0,True,0.0,0,0,0,53,0,0,0,20
19139,Muscatine,Muscatine County,345.0,True,0.041044776119402986,0,11,0,98,0,95,0,64
19089,Howard,Howard County,345.0,True,0.5526315789473685,0,42,0,0,0,27,0,7
19191,Winneshiek,Winneshiek County,161.0,True,0.3103448275862069,0,27,0,17,0,0,0,43
27047,Freeborn,Freeborn County,161.0,True,0.04884318766066838,0,19,0,106,0,0,0,264
27045,Fillmore,Fillmore County,161.0,True,0.12034383954154727,0,42,0,77,0,0,0,230
27157,Wabasha,Wabasha County,345.0,True,0.013761467889908258,0,3,0,31,0,37,0,147
47125,Montgomery,Montgomery County,500.0,True,0.09009009009009009,0,40,0,263,0,0,93,48
47131,Obion,Obion County,161.0,True,0.0,0,0,0,118,0,0,0,73
17075,Iroquois,Iroquois County,138.0,True,0.391304347826087,0,54,0,84,0,0,0,0
17131,Mercer,Mercer County,345.0,True,0.0,0,0,0,29,0,28,0,0
17201,Winnebago,Winnebago County,345.0,True,0.05115089514066496,0,20,0,206,0,149,0,16
19043,Clayton,Clayton County,345.0,True,0.0,0,0,0,27,0,7,0,174
19007,Appanoose,Appanoose County,161.0,True,0.0,0,0,0,17,0,0,0,19
19059,Dickinson,Dickinson County,345.0,True,0.0,0,0,0,29,0,10,0,169
38011,Bowman,Bowman County,230.0,True,0.07541899441340782,0,27,66,0,119,0,0,146
38029,Emmons,Emmons County,345.0,True,0.0,0,0,76,0,122,119,0,0
38009,Bottineau,Bottineau County,115.0,True,0.4467120181405896,0,197,244,0,0,0,0,0
47137,Pickett,Pickett County,161.0,True,0.0,0,0,0,35,0,0,0,0
47171,Unicoi,Unicoi County,230.0,True,0.42857142857142855,0,18,0,2,20,0,0,2
17151,Pope,Pope County,161.0,True,0.0,0,0,0,61,0,0,0,41
17071,Henderson,Henderson County,69.0,True,0.0,0,0,0,0,0,0,0,33
17083,Jersey,Jersey County,138.0,True,0.7391304347826086,0,85,0,30,0,0,0,0
20039,Decatur,Decatur County,345.0,True,0.168141592920354,0,19,55,0,0,39,0,0
20201,Washington,Washington County,115.0,True,0.0,0,0,77,0,0,0,0,0
20013,Brown,Brown County,138.0,True,0.0,0,0,0,21,0,0,0,0
38013,Burke,Burke County,230.0,True,0.0,0,0,99,0,10,0,0,132
38019,Cavalier,Cavalier County,115.0,True,0.4483870967741935,0,139,96,0,0,0,0,75
39053,Gallia,Gallia County,765.0,True,0.06569343065693431,17,27,0,252,0,115,0,0
17089,Kane,Kane County,345.0,True,0.0,0,0,0,124,0,78,0,0
17091,Kankakee,Kankakee County,345.0,True,0.19583333333333333,0,47,0,104,0,89,0,0
51079,Greene,Greene County,,True,1.0,0,29,0,0,0,0,0,0
51760,Richmond,Richmond city,230.0,True,0.12643678160919541,0,11,55,0,21,0,0,0
51680,Lynchburg,Lynchburg city,138.0,True,0.37209302325581395,0,32,0,47,0,0,0,7
51011,Appomattox,Appomattox County,115.0,True,0.3488372093023256,0,15,28,0,0,0,0,0
46109,Roberts,Roberts County,230.0,True,0.33410138248847926,0,145,89,0,78,0,0,122
46102,Oglala Lakota,Oglala Lakota County,115.0,True,0.7687861271676301,0,133,40,0,0,0,0,0
48079,Cochran,Cochran County,230.0,True,0.0,0,0,20,2,61,0,0,140
17021,Christian,Christian County,345.0,True,0.08469055374592833,0,26,0,110,0,171,0,0
54091,Taylor,Taylor County,500.0,True,0.0855614973262032,0,16,0,121,0,0,50,0
51183,Sussex,Sussex County,500.0,True,0.0,0,0,69,0,12,0,74,0
51620,Franklin,Franklin city,230.0,True,0.0,0,0,0,0,2,0,0,0
13147,Hart,Hart County,230.0,True,0.4140625,0,53,42,0,33,0,0,0
51820,Waynesboro,Waynesboro city,115.0,True,0.0,0,0,8,0,0,0,0,0
48077,Clay,Clay County,345.0,True,0.0,0,0,56,56,0,196,0,105
48357,Ochiltree,Ochiltree County,138.0,True,0.0,0,0,74,2,0,0,0,197
50019,Orleans,Orleans County,115.0,True,0.6262626262626263,0,124,74,0,0,0,0,0
55025,Dane,Dane County,345.0,True,0.0011737089201877935,0,1,0,275,0,168,0,408
55027,Dodge,Dodge County,345.0,True,0.0,0,0,0,82,0,8,0,119
55047,Green Lake,Green Lake County,345.0,True,0.0,0,0,0,75,0,5,0,62
13115,Floyd,Floyd County,230.0,True,0.0,0,0,256,0,181,0,0,0
16057,Latah,Latah County,500.0,True,0.0,0,0,104,44,68,0,34,9
50007,Chittenden,Chittenden County,115.0,True,0.30973451327433627,0,70,156,0,0,0,0,0
51650,Hampton,Hampton city,230.0,True,0.0,0,0,40,0,29,0,0,0
55113,Sawyer,Sawyer County,345.0,True,0.0,0,0,40,110,0,41,0,44
55097,Portage,Portage County,345.0,True,0.09364548494983277,0,28,98,50,0,77,0,46
55033,Dunn,Dunn County,345.0,True,0.0,0,0,39,71,0,39,0,243
55139,Winnebago,Winnebago County,345.0,True,0.009950248756218905,0,2,0,85,0,45,0,69
16055,Kootenai,Kootenai County,500.0,True,0.0,0,0,96,0,180,0,62,155
17195,Whiteside,Whiteside County,345.0,True,0.0,0,0,0,141,0,110,0,0
17177,Stephenson,Stephenson County,138.0,True,0.0,0,0,0,123,0,0,0,0
51089,Henry,Henry County,765.0,True,0.44528301886792454,27,118,0,88,0,0,0,32
17133,Monroe,Monroe County,345.0,True,0.43575418994413406,0,78,0,72,0,29,0,0
55115,Shawano,Shawano County,345.0,True,0.2222222222222222,0,120,6,146,0,124,0,144
55055,Jefferson,Jefferson County,138.0,True,0.008695652173913044,0,1,0,114,0,0,0,0
55053,Jackson,Jackson County,161.0,True,0.0,0,0,0,30,0,0,0,157
18091,LaPorte,LaPorte County,765.0,True,0.03305785123966942,50,16,0,226,0,177,0,15
18135,Randolph,Randolph County,345.0,True,0.33544303797468356,0,53,0,60,0,30,0,15
18111,Newton,Newton County,138.0,True,0.5362318840579711,0,37,0,32,0,0,0,0
19189,Winnebago,Winnebago County,69.0,True,0.07692307692307693,0,10,0,0,0,0,0,120
51077,Grayson,Grayson County,500.0,True,0.4782608695652174,0,22,0,3,0,0,16,5
51683,Manassas,Manassas city,230.0,True,0.0,0,0,10,0,9,0,0,0
51530,Buena Vista,Buena Vista city,115.0,True,0.3333333333333333,0,2,4,0,0,0,0,0
55131,Washington,Washington County,345.0,True,0.0,0,0,0,110,0,88,0,0
55073,Marathon,Marathon County,345.0,True,0.23046875,0,118,294,0,0,90,0,10
55005,Barron,Barron County,161.0,True,0.0,0,0,0,75,0,0,0,299
56031,Platte,Platte County,345.0,True,0.12055837563451777,0,95,232,1,146,179,0,135
48431,Sterling,Sterling County,138.0,True,0.0,0,0,0,125,0,0,0,59
19005,Allamakee,Allamakee County,161.0,True,0.07027027027027027,0,13,0,127,0,0,0,45
20129,Morton,Morton County,115.0,True,0.0,0,0,21,0,0,0,0,2
20191,Sumner,Sumner County,345.0,True,0.14356435643564355,0,58,0,98,0,148,0,100
54097,Upshur,Upshur County,138.0,True,0.3974358974358974,0,62,0,94,0,0,0,0
54089,Summers,Summers County,345.0,True,0.0,0,0,0,71,0,24,0,0
01061,Geneva,Geneva County,230.0,True,0.42857142857142855,0,150,121,0,79,0,0,0
01057,Fayette,Fayette County,500.0,True,0.018633540372670808,0,3,0,110,0,0,48,0
05113,Polk,Polk County,138.0,True,0.1509433962264151,0,24,0,46,0,0,0,89
20037,Crawford,Crawford County,345.0,True,0.0,0,0,0,74,0,58,0,133
51075,Goochland,Goochland County,500.0,True,0.03571428571428571,0,2,0,0,22,0,32,0
51049,Cumberland,Cumberland County,230.0,True,0.16417910447761194,0,11,19,0,37,0,0,0
51750,Radford,Radford city,138.0,True,0.7777777777777778,0,7,0,2,0,0,0,0
39135,Preble,Preble County,345.0,True,0.0,0,0,0,22,0,10,0,87
39081,Jefferson,Jefferson County,765.0,True,0.2233502538071066,25,132,0,308,0,126,0,0
05033,Crawford,Crawford County,161.0,True,0.05042016806722689,0,12,0,158,0,0,0,68
05077,Lee,Lee County,500.0,True,0.0,0,0,50,1,32,0,12,16
51021,Bland,Bland County,765.0,True,0.0,40,0,0,47,0,0,0,27
51720,Norton,Norton city,161.0,True,0.14285714285714285,0,2,0,12,0,0,0,0
32029,Storey,Storey County,345.0,True,0.0,0,0,86,0,0,20,0,0
12109,St. Johns,St. Johns County,230.0,True,0.13353115727002968,0,45,158,62,72,0,0,0
39013,Belmont,Belmont County,765.0,True,0.21042830540037244,60,113,0,289,0,56,0,19
39007,Ashtabula,Ashtabula County,345.0,True,0.016736401673640166,0,4,0,189,0,46,0,0
08081,Moffat,Moffat County,345.0,True,0.0,0,0,4,194,42,232,0,123
08095,Phillips,Phillips County,115.0,True,0.0,0,0,81,0,0,0,0,17
08103,Rio Blanco,Rio Blanco County,345.0,True,0.0824022346368715,0,59,136,227,59,188,0,47
09160,Northwest Hills,Northwest Hills Planning Region,345.0,True,0.03428571428571429,0,6,161,0,0,8,0,0
53001,Adams,Adams County,230.0,True,0.0,0,0,278,0,13,0,0,10
55049,Iowa,Iowa County,138.0,True,0.0,0,0,0,34,0,0,0,177
13285,Troup,Troup County,500.0,True,0.07468879668049792,0,18,129,0,54,0,40,0
13053,Chattahoochee,Chattahoochee County,115.0,True,0.6086956521739131,0,14,9,0,0,0,0,0
40139,Texas,Texas County,345.0,True,0.2064102564102564,0,161,230,0,0,154,0,235
40003,Alfalfa,Alfalfa County,138.0,True,0.07017543859649122,0,20,0,84,0,0,0,181
40105,Nowata,Nowata County,345.0,True,0.0,0,0,0,82,0,47,0,52
41011,Coos,Coos County,230.0,True,0.0,0,0,232,0,136,0,0,0
12085,Martin,Martin County,500.0,True,0.03218390804597701,0,14,0,80,224,0,117,0
12111,St. Lucie,St. Lucie County,500.0,True,0.002028397565922921,0,1,0,95,238,0,133,26
13145,Harris,Harris County,500.0,True,0.004761904761904762,0,1,47,0,109,0,53,0
55119,Taylor,Taylor County,345.0,True,0.0,0,0,0,0,0,34,0,152
55078,Menominee,Menominee County,69.0,True,0.0,0,0,0,0,0,0,0,33
55137,Waushara,Waushara County,138.0,True,0.0,0,0,0,39,0,0,0,136
55129,Washburn,Washburn County,345.0,True,0.08791208791208792,0,16,0,91,0,30,0,45
17127,Massac,Massac County,345.0,True,0.0,0,0,0,40,14,42,0,109
05031,Craighead,Craighead County,500.0,True,0.03836317135549872,0,15,0,164,0,0,66,146
41025,Harney,Harney County,500.0,True,0.0,0,0,451,52,0,0,155,0
42073,Lawrence,Lawrence County,345.0,True,0.336283185840708,0,76,0,56,0,35,0,59
42015,Bradford,Bradford County,345.0,True,0.004201680672268907,0,1,111,0,109,17,0,0
13295,Walker,Walker County,230.0,True,0.20675105485232068,0,49,47,47,94,0,0,0
13101,Echols,Echols County,115.0,True,0.0,0,0,44,0,0,0,0,5
05005,Baxter,Baxter County,161.0,True,0.05555555555555555,0,12,0,113,0,0,0,91
06035,Lassen,Lassen County,345.0,True,0.6033333333333334,0,362,0,0,0,173,0,65
45033,Dillon,Dillon County,230.0,True,0.0,0,0,25,0,75,0,0,69
46027,Clay,Clay County,230.0,True,0.0,0,0,85,0,64,0,0,126
46091,Marshall,Marshall County,115.0,True,0.6548672566371682,0,74,39,0,0,0,0,0
17179,Tazewell,Tazewell County,345.0,True,0.10627177700348432,0,61,0,298,0,173,0,42
54061,Monongalia,Monongalia County,500.0,True,0.12987012987012986,0,30,0,121,0,0,80,0
08007,Archuleta,Archuleta County,115.0,True,0.08620689655172414,0,5,43,0,0,0,0,10
37157,Rockingham,Rockingham County,230.0,True,0.10535714285714286,0,59,0,11,114,0,0,376
38033,Golden Valley,Golden Valley County,230.0,True,0.5157894736842106,0,49,0,0,35,0,0,11
38001,Adams,Adams County,230.0,True,0.0,0,0,61,0,45,0,0,113
38095,Towner,Towner County,115.0,True,0.26288659793814434,0,51,56,0,0,0,0,87
46121,Todd,Todd County,115.0,True,0.0718954248366013,0,11,142,0,0,0,0,0
47161,Stewart,Stewart County,500.0,True,0.13793103448275862,0,20,0,68,0,0,57,0
48165,Gaines,Gaines County,230.0,True,0.0,0,0,159,3,21,0,0,151
48421,Sherman,Sherman County,345.0,True,0.0,0,0,11,0,0,39,0,130
17099,LaSalle,LaSalle County,345.0,True,0.2098092643051771,0,77,0,200,0,90,0,0
17113,McLean,McLean County,345.0,True,0.0027624309392265192,0,1,0,187,0,174,0,0
54051,Marshall,Marshall County,765.0,True,0.2314410480349345,20,106,0,242,0,3,25,62
38081,Sargent,Sargent County,400.0,True,0.4199475065616798,0,160,93,0,61,19,0,48
39155,Trumbull,Trumbull County,345.0,True,0.03571428571428571,0,11,0,219,0,78,0,0
40065,Jackson,Jackson County,138.0,True,0.1524822695035461,0,43,0,151,0,0,0,88
50013,Grand Isle,Grand Isle County,115.0,True,0.0,0,0,14,0,0,0,0,0
51590,Danville,Danville city,230.0,True,0.5811965811965812,0,68,0,20,4,0,0,25
17057,Fulton,Fulton County,345.0,True,0.016736401673640166,0,4,0,159,0,76,0,0
17109,McDonough,McDonough County,138.0,True,0.0,0,0,0,86,0,0,0,0
55071,Manitowoc,Manitowoc County,345.0,True,0.0,0,0,0,107,0,144,0,106
40129,Roger Mills,Roger Mills County,345.0,True,0.0,0,0,0,107,41,44,0,0
40041,Delaware,Delaware County,345.0,True,0.07453416149068323,0,24,0,105,0,39,0,154
51810,Virginia Beach,Virginia Beach city,230.0,True,0.021505376344086023,0,4,43,0,139,0,0,0
51071,Giles,Giles County,345.0,True,0.017543859649122806,0,4,0,188,0,36,0,0
17107,Logan,Logan County,345.0,True,0.0,0,0,0,153,0,50,0,0
56037,Sweetwater,Sweetwater County,345.0,True,0.12050078247261346,0,154,88,18,660,317,0,41
05101,Newton,Newton County,161.0,True,0.0,0,0,0,17,0,0,0,0
05037,Cross,Cross County,161.0,True,0.0,0,0,0,96,0,0,0,90
44003,Kent,Kent County,345.0,True,0.27058823529411763,0,23,49,0,0,13,0,0
46099,Minnehaha,Minnehaha County,345.0,True,0.11648079306071871,0,94,319,18,119,71,0,186
53063,Spokane,Spokane County,500.0,True,0.0,0,0,598,39,374,0,62,28
08097,Pitkin,Pitkin County,230.0,True,0.20833333333333334,0,25,57,0,38,0,0,0
08014,Broomfield,Broomfield County,230.0,True,0.0,0,0,34,0,9,0,0,7
12027,DeSoto,DeSoto County,230.0,True,0.2602739726027397,0,57,0,0,162,0,0,0
51065,Fluvanna,Fluvanna County,500.0,True,0.19727891156462585,0,29,28,0,60,0,30,0
51840,Winchester,Winchester city,,False,,0,0,0,0,0,0,0,0
51775,Salem,Salem city,138.0,True,0.9767441860465116,0,42,0,1,0,0,0,0
51730,Petersburg,Petersburg city,230.0,True,0.0,0,0,13,0,22,0,0,0
48169,Garza,Garza County,115.0,True,0.0,0,0,14,0,0,0,0,79
48275,Knox,Knox County,345.0,True,0.0,0,0,0,171,0,109,0,68
48353,Nolan,Nolan County,345.0,True,0.0,0,0,0,123,0,277,0,195
48417,Shackelford,Shackelford County,345.0,True,0.0,0,0,0,93,0,220,0,94
48507,Zavala,Zavala County,138.0,True,0.0,0,0,0,127,0,0,0,81
29105,Laclede,Laclede County,345.0,True,0.0,0,0,0,133,0,55,0,136
29117,Livingston,Livingston County,161.0,True,0.0,0,0,0,33,0,0,0,64
31111,Lincoln,Lincoln County,345.0,True,0.06941431670281996,0,64,273,0,161,273,0,151
31117,McPherson,McPherson County,,True,1.0,0,22,0,0,0,0,0,0
31071,Garfield,Garfield County,69.0,True,0.5,0,7,0,0,0,0,0,7
31085,Hayes,Hayes County,115.0,True,0.0,0,0,26,0,0,0,0,36
31077,Greeley,Greeley County,345.0,True,0.0,0,0,40,0,0,1,0,0
37067,Forsyth,Forsyth County,230.0,True,0.07413010590015129,0,49,0,0,158,0,0,454
37107,Lenoir,Lenoir County,230.0,True,0.34134615384615385,0,71,42,0,95,0,0,0
48247,Jim Hogg,Jim Hogg County,138.0,True,0.0,0,0,0,5,0,0,0,0
38003,Barnes,Barnes County,345.0,True,0.2058319039451115,0,120,77,0,230,61,0,95
38057,Mercer,Mercer County,345.0,True,0.36348684210526316,0,221,138,0,15,234,0,0
29051,Cole,Cole County,345.0,True,0.051470588235294115,0,7,0,77,0,1,0,51
31107,Knox,Knox County,230.0,True,0.026041666666666668,0,5,61,0,37,0,0,89
31007,Banner,Banner County,345.0,True,0.0,0,0,1,0,53,101,0,14
39165,Warren,Warren County,345.0,True,0.02823529411764706,0,12,0,128,0,151,0,134
39157,Tuscarawas,Tuscarawas County,138.0,True,0.4632352941176471,0,252,0,287,0,0,0,5
37077,Granville,Granville County,500.0,True,0.2222222222222222,0,50,27,0,124,0,24,0
37097,Iredell,Iredell County,500.0,True,0.2903225806451613,0,180,0,0,175,0,38,227
38073,Ransom,Ransom County,400.0,True,0.3862815884476534,0,107,110,0,6,54,0,0
38093,Stutsman,Stutsman County,400.0,True,0.2804621848739496,0,267,206,0,344,135,0,0
31177,Washington,Washington County,345.0,True,0.0,0,0,0,89,0,52,0,0
31031,Cherry,Cherry County,115.0,True,0.04375,0,7,153,0,0,0,0,0
31043,Dakota,Dakota County,345.0,True,0.0,0,0,69,6,37,17,0,69
31157,Scotts Bluff,Scotts Bluff County,345.0,True,0.0,0,0,175,0,153,29,0,61
32017,Lincoln,Lincoln County,500.0,True,0.021739130434782608,0,7,0,0,0,36,279,0
39109,Miami,Miami County,345.0,True,0.19093851132686085,0,59,0,101,0,59,0,90
39103,Medina,Medina County,345.0,True,0.1568627450980392,0,16,0,12,0,74,0,0
39169,Wayne,Wayne County,345.0,True,0.09824561403508772,0,28,0,221,0,36,0,0
40059,Harper,Harper County,345.0,True,0.0,0,0,0,32,0,11,0,91
41067,Washington,Washington County,500.0,True,0.0189873417721519,0,12,448,9,102,0,53,8
48173,Glasscock,Glasscock County,345.0,True,0.0,0,0,0,172,0,71,0,121
48413,Schleicher,Schleicher County,345.0,True,0.0,0,0,0,44,0,157,0,87
26143,Roscommon,Roscommon County,138.0,True,0.0,0,0,0,62,0,0,0,0
26113,Missaukee,Missaukee County,69.0,True,0.0,0,0,0,0,0,0,0,41
26111,Midland,Midland County,345.0,True,0.055970149253731345,0,15,0,213,0,40,0,0
34037,Sussex,Sussex County,500.0,True,0.0,0,0,62,0,35,0,59,0
37045,Cleveland,Cleveland County,500.0,True,0.3438202247191011,0,153,0,0,101,0,41,150
37145,Person,Person County,500.0,True,0.048223350253807105,0,19,42,0,285,0,48,0
39089,Licking,Licking County,765.0,True,0.01878612716763006,49,13,0,272,0,223,0,135
39067,Harrison,Harrison County,765.0,True,0.6960227272727273,8,245,0,93,0,0,0,6
39003,Allen,Allen County,345.0,True,0.09042553191489362,0,34,0,226,0,116,0,0
39129,Pickaway,Pickaway County,765.0,True,0.008695652173913044,50,3,0,87,0,69,0,136
42077,Lehigh,Lehigh County,500.0,True,0.0017761989342806395,0,1,9,124,60,0,78,291
42013,Blair,Blair County,500.0,True,0.13857677902621723,0,37,113,0,40,0,77,0
26125,Oakland,Oakland County,345.0,True,0.1814814814814815,0,147,390,16,0,257,0,0
26133,Osceola,Osceola County,69.0,True,0.0,0,0,0,0,0,0,0,113
26067,Ionia,Ionia County,138.0,True,0.0,0,0,0,73,0,0,0,96
38079,Rolette,Rolette County,230.0,True,0.0,0,0,110,0,64,0,0,87
38023,Divide,Divide County,230.0,True,0.09302325581395349,0,20,41,0,38,0,0,116
39015,Brown,Brown County,345.0,True,0.0,0,0,0,38,0,230,0,80
39041,Delaware,Delaware County,765.0,True,0.028888888888888888,41,13,0,224,0,161,0,11
39057,Greene,Greene County,345.0,True,0.02977667493796526,0,12,0,115,0,121,0,155
39027,Clinton,Clinton County,345.0,True,0.0,0,0,0,39,0,37,0,73
42069,Lackawanna,Lackawanna County,500.0,True,0.018970189701897018,0,7,0,0,114,0,38,210
42093,Montour,Montour County,500.0,True,0.3697478991596639,0,44,0,0,57,0,4,14
20181,Sherman,Sherman County,115.0,True,0.0,0,0,122,0,0,0,0,0
26025,Calhoun,Calhoun County,345.0,True,0.1977401129943503,0,70,0,211,0,73,0,0
26077,Kalamazoo,Kalamazoo County,345.0,True,0.12974051896207583,0,65,0,335,0,93,0,8
27007,Beltrami,Beltrami County,500.0,True,0.16091954022988506,0,56,35,0,33,0,11,213
27151,Swift,Swift County,230.0,True,0.4864864864864865,0,126,75,0,32,0,0,26
38015,Burleigh,Burleigh County,400.0,True,0.04921259842519685,0,50,359,0,400,207,0,0
38051,McIntosh,McIntosh County,345.0,True,0.4256198347107438,0,103,27,0,64,48,0,0
39117,Morrow,Morrow County,345.0,True,0.29357798165137616,0,32,0,50,0,27,0,0
40109,Oklahoma,Oklahoma County,345.0,True,0.005636978579481398,0,5,0,589,0,125,0,168
20103,Leavenworth,Leavenworth County,345.0,True,0.25622775800711745,0,72,114,20,0,70,0,5
01103,Morgan,Morgan County,500.0,True,0.15335463258785942,0,48,0,249,0,0,16,0
27051,Grant,Grant County,400.0,True,0.0,0,0,59,0,39,62,0,0
27059,Isanti,Isanti County,230.0,True,0.06153846153846154,0,8,0,0,16,0,0,106
27111,Otter Tail,Otter Tail County,345.0,True,0.06896551724137931,0,32,183,0,168,55,0,26
27093,Meeker,Meeker County,400.0,True,0.09926470588235294,0,27,36,0,0,46,0,163
39049,Franklin,Franklin County,345.0,True,0.1814859926918392,0,149,0,435,0,191,0,46
39137,Putnam,Putnam County,345.0,True,0.3081395348837209,0,53,0,96,0,23,0,0
39131,Pike,Pike County,765.0,True,0.14918414918414918,8,64,0,139,0,218,0,0
40121,Pittsburg,Pittsburg County,345.0,True,0.09002433090024331,0,37,0,262,0,98,0,14
40021,Cherokee,Cherokee County,345.0,True,0.014450867052023121,0,5,0,100,0,46,0,195
20147,Phillips,Phillips County,115.0,True,0.2777777777777778,0,30,78,0,0,0,0,0
20117,Marshall,Marshall County,115.0,True,0.0,0,0,78,0,0,0,0,0
27153,Todd,Todd County,345.0,True,0.0,0,0,103,0,0,10,0,13
27109,Olmsted,Olmsted County,345.0,True,0.03333333333333333,0,15,0,198,0,56,0,181
29229,Wright,Wright County,161.0,True,0.0,0,0,0,72,0,0,0,79
29049,Clinton,Clinton County,161.0,True,0.0,0,0,0,40,0,0,0,110
29179,Reynolds,Reynolds County,345.0,True,0.0,0,0,0,154,0,78,0,85
40123,Pontotoc,Pontotoc County,345.0,True,0.03503184713375796,0,11,0,235,0,1,0,67
40015,Caddo,Caddo County,345.0,True,0.04741379310344827,0,33,0,437,0,58,0,168
21111,Jefferson,Jefferson County,345.0,True,0.011594202898550725,0,8,0,332,0,76,0,274
21117,Kenton,Kenton County,345.0,True,0.0,0,0,0,61,0,65,0,118
27079,Le Sueur,Le Sueur County,345.0,True,0.046153846153846156,0,9,26,0,0,44,0,116
27143,Sibley,Sibley County,345.0,True,0.05536332179930796,0,16,4,0,0,158,0,111
29177,Ray,Ray County,161.0,True,0.0,0,0,0,94,0,0,0,75
29139,Montgomery,Montgomery County,345.0,True,0.00558659217877095,0,2,0,141,0,110,0,105
29101,Johnson,Johnson County,161.0,True,0.0,0,0,0,238,0,0,0,0
40037,Creek,Creek County,345.0,True,0.0,0,0,0,295,0,68,0,277
40005,Atoka,Atoka County,345.0,True,0.11708860759493671,0,37,0,125,0,154,0,0
40019,Carter,Carter County,345.0,True,0.06651376146788991,0,29,0,306,0,101,0,0
40111,Okmulgee,Okmulgee County,345.0,True,0.0,0,0,0,216,0,69,0,106
01007,Bibb,Bibb County,500.0,True,0.21604938271604937,0,35,51,0,33,0,43,0
01133,Winston,Winston County,161.0,True,0.25,0,31,0,93,0,0,0,0
01091,Marengo,Marengo County,230.0,True,0.02390438247011952,0,6,184,0,61,0,0,0
24013,Carroll,Carroll County,500.0,True,0.0,0,0,75,27,0,0,44,0
25027,Worcester,Worcester County,345.0,True,0.059676044330775786,0,70,511,0,53,221,0,318
26159,Van Buren,Van Buren County,345.0,True,0.2074468085106383,0,78,0,55,0,193,0,50
28081,Lee,Lee County,500.0,True,0.1220472440944882,0,31,0,182,0,0,23,18
28091,Marion,Marion County,230.0,True,0.0,0,0,59,43,15,0,0,131
28067,Jones,Jones County,230.0,True,0.015555555555555555,0,7,84,92,72,0,0,195
28107,Panola,Panola County,230.0,True,0.034482758620689655,0,9,96,109,47,0,0,0
29057,Dade,Dade County,345.0,True,0.0,0,0,0,79,0,49,0,0
29007,Audrain,Audrain County,345.0,True,0.0,0,0,0,1,0,29,0,226
29205,Shelby,Shelby County,69.0,True,0.0,0,0,0,0,0,0,0,109
29123,Madison,Madison County,161.0,True,0.0,0,0,0,23,0,0,0,39
29223,Wayne,Wayne County,161.0,True,0.13095238095238096,0,11,0,32,0,0,0,41
40103,Noble,Noble County,345.0,True,0.11343283582089553,0,38,0,176,0,106,0,15
40093,Major,Major County,138.0,True,0.08733624454148471,0,20,0,130,0,0,0,79
40099,Murray,Murray County,138.0,True,0.0,0,0,0,127,0,0,0,48
26023,Branch,Branch County,138.0,True,0.16153846153846155,0,21,0,109,0,0,0,0
26019,Benzie,Benzie County,69.0,True,0.0,0,0,0,0,0,0,0,7
26069,Iosco,Iosco County,138.0,True,0.2116788321167883,0,29,0,108,0,0,0,0
28085,Lincoln,Lincoln County,500.0,True,0.13131313131313133,0,26,95,0,26,0,51,0
28073,Lamar,Lamar County,230.0,True,0.06880733944954129,0,30,133,94,39,0,0,140
28133,Sunflower,Sunflower County,230.0,True,0.18592964824120603,0,37,104,0,58,0,0,0
29203,Shannon,Shannon County,161.0,True,0.0,0,0,0,53,0,0,0,82
30111,Yellowstone,Yellowstone County,500.0,True,0.012745098039215686,0,13,337,9,240,0,209,212
40033,Cotton,Cotton County,345.0,True,0.03125,0,4,0,4,0,32,0,88
40061,Haskell,Haskell County,161.0,True,0.0,0,0,0,89,0,0,0,68
27099,Mower,Mower County,345.0,True,0.04017857142857143,0,18,0,196,0,40,0,194
27011,Big Stone,Big Stone County,115.0,True,0.22950819672131148,0,28,94,0,0,0,0,0
28125,Sharkey,Sharkey County,230.0,True,0.40476190476190477,0,34,28,0,22,0,0,0
28127,Simpson,Simpson County,161.0,True,0.23938223938223938,0,62,106,30,0,0,0,61
30065,Musselshell,Musselshell County,115.0,True,0.0,0,0,75,0,0,0,0,222
30109,Wibaux,Wibaux County,230.0,True,0.0,0,0,0,0,28,0,0,76
32021,Mineral,Mineral County,1000.0,True,0.0,50,0,264,0,0,0,0,0
35001,Bernalillo,Bernalillo County,345.0,True,0.0,0,0,416,0,30,109,0,0
35011,De Baca,De Baca County,345.0,True,0.0,0,0,0,0,0,40,0,57
28047,Harrison,Harrison County,500.0,True,0.0,0,0,294,0,100,0,44,0
28005,Amite,Amite County,500.0,True,0.059602649006622516,0,9,100,0,0,0,42,0
28153,Wayne,Wayne County,230.0,True,0.24662162162162163,0,73,71,29,58,0,0,65
28019,Choctaw,Choctaw County,500.0,True,0.1310344827586207,0,19,0,87,0,0,39,0
28037,Franklin,Franklin County,500.0,True,0.007194244604316547,0,1,97,0,3,0,38,0
31023,Butler,Butler County,345.0,True,0.0,0,0,76,0,0,39,0,0
31089,Holt,Holt County,345.0,True,0.0,0,0,132,0,6,80,0,212
35047,San Miguel,San Miguel County,345.0,True,0.0,0,0,92,0,0,39,0,0
36049,Lewis,Lewis County,765.0,True,0.04421052631578947,71,21,220,0,163,0,0,0
36097,Schuyler,Schuyler County,115.0,True,0.3769230769230769,0,49,81,0,0,0,0,0
29181,Ripley,Ripley County,345.0,True,0.0,0,0,0,91,0,16,0,64
29186,Ste. Genevieve,Ste. Genevieve County,345.0,True,0.4268292682926829,0,105,0,82,0,59,0,0
29021,Buchanan,Buchanan County,345.0,True,0.03932584269662921,0,7,0,67,0,73,0,31
29107,Lafayette,Lafayette County,345.0,True,0.11904761904761904,0,30,0,167,0,54,0,1
29053,Cooper,Cooper County,345.0,True,0.0,0,0,0,128,0,44,0,36
31011,Boone,Boone County,345.0,True,0.0,0,0,92,0,0,29,0,0
31143,Polk,Polk County,115.0,True,0.7377049180327869,0,90,32,0,0,0,0,0
31093,Howard,Howard County,345.0,True,0.2191780821917808,0,16,18,0,0,39,0,0
31163,Sherman,Sherman County,345.0,True,0.0,0,0,73,0,0,38,0,24
31175,Valley,Valley County,115.0,True,0.6632653061224489,0,65,33,0,0,0,0,0
36095,Schoharie,Schoharie County,345.0,True,0.5932203389830508,0,70,0,0,0,48,0,0
36035,Fulton,Fulton County,345.0,True,0.24642857142857144,0,69,133,0,0,49,0,29
30041,Hill,Hill County,230.0,True,0.0,0,0,75,0,87,0,0,335
01105,Perry,Perry County,230.0,True,0.17346938775510204,0,17,40,0,41,0,0,0
31065,Furnas,Furnas County,115.0,True,0.11258278145695365,0,17,10,0,0,0,0,124
29167,Polk,Polk County,345.0,True,0.19815668202764977,0,43,0,111,0,47,0,16
29151,Osage,Osage County,345.0,True,0.0,0,0,0,206,0,102,0,98
29161,Phelps,Phelps County,345.0,True,0.05531914893617021,0,13,0,98,0,46,0,78
31139,Pierce,Pierce County,345.0,True,0.0,0,0,0,0,4,36,0,53
31045,Dawes,Dawes County,230.0,True,0.0,0,0,163,0,131,0,0,0
31101,Keith,Keith County,345.0,True,0.16806722689075632,0,60,154,0,68,75,0,0
31149,Rock,Rock County,115.0,True,0.0,0,0,35,0,0,0,0,75
36041,Hamilton,Hamilton County,,True,1.0,0,97,0,0,0,0,0,0
37081,Guilford,Guilford County,500.0,True,0.18888888888888888,0,170,0,0,265,0,8,457
48329,Midland,Midland County,345.0,True,0.0,0,0,0,369,5,229,0,65
48093,Comanche,Comanche County,345.0,True,0.11384615384615385,0,37,0,149,0,43,0,96
48305,Lynn,Lynn County,230.0,True,0.07722007722007722,0,20,35,28,36,0,0,140
48385,Real,Real County,69.0,True,0.0,0,0,0,0,0,0,0,51
29055,Crawford,Crawford County,161.0,True,0.03888888888888889,0,7,0,152,0,0,0,21
29083,Henry,Henry County,161.0,True,0.0,0,0,0,376,0,0,0,0
29225,Webster,Webster County,161.0,True,0.09836065573770492,0,24,0,112,0,0,0,108
31063,Frontier,Frontier County,345.0,True,0.0,0,0,41,0,0,41,0,147
31039,Cuming,Cuming County,115.0,True,0.712707182320442,0,129,52,0,0,0,0,0
31047,Dawson,Dawson County,230.0,True,0.0,0,0,179,0,95,0,0,127
31059,Fillmore,Fillmore County,345.0,True,0.21875,0,35,78,0,0,47,0,0
37035,Catawba,Catawba County,500.0,True,0.2892857142857143,0,162,0,0,179,0,18,201
37151,Randolph,Randolph County,500.0,True,0.32142857142857145,0,117,54,0,72,0,48,73
37001,Alamance,Alamance County,500.0,True,0.21875,0,77,0,0,52,0,28,195
48297,Live Oak,Live Oak County,345.0,True,0.0,0,0,0,86,42,22,0,73
48307,McCulloch,McCulloch County,345.0,True,0.0,0,0,0,26,0,34,0,2
48151,Fisher,Fisher County,345.0,True,0.0,0,0,0,109,0,255,0,104
48045,Briscoe,Briscoe County,345.0,True,0.003125,0,1,0,0,0,264,0,55
25003,Berkshire,Berkshire County,345.0,True,0.11403508771929824,0,26,168,0,0,34,0,0
01013,Butler,Butler County,230.0,True,0.047619047619047616,0,7,78,0,62,0,0,0
26121,Muskegon,Muskegon County,345.0,True,0.11048158640226628,0,39,0,239,0,72,0,3
13059,Clarke,Clarke County,230.0,True,0.1393939393939394,0,23,98,0,44,0,0,0
13199,Meriwether,Meriwether County,230.0,True,0.1891891891891892,0,21,68,0,22,0,0,0
16067,Minidoka,Minidoka County,345.0,True,0.003663003663003663,0,1,0,139,37,96,0,0
18119,Owen,Owen County,345.0,True,0.0,0,0,0,0,25,81,0,46
18037,Dubois,Dubois County,765.0,True,0.05913978494623656,20,22,0,86,0,60,0,184
29059,Dallas,Dallas County,345.0,True,0.18556701030927836,0,18,0,0,0,29,0,50
31123,Morrill,Morrill County,115.0,True,0.0,0,0,147,0,0,0,0,0
39083,Knox,Knox County,345.0,True,0.0,0,0,0,128,0,48,0,31
39031,Coshocton,Coshocton County,345.0,True,0.0,0,0,0,168,0,58,0,5
26157,Tuscola,Tuscola County,345.0,True,0.04805491990846682,0,21,113,123,0,180,0,0
26031,Cheboygan,Cheboygan County,138.0,True,0.04,0,5,0,106,0,0,0,14
13249,Schley,Schley County,500.0,True,0.1774193548387097,0,11,0,0,32,0,19,0
31027,Cedar,Cedar County,115.0,True,0.0821917808219178,0,18,83,0,0,0,0,118
32023,Nye,Nye County,500.0,True,0.3068181818181818,0,243,57,242,176,0,74,0
35059,Union,Union County,135.0,True,0.0,0,0,84,0,0,0,0,92
18021,Clay,Clay County,230.0,True,0.04375,0,7,0,44,31,0,0,78
54049,Marion,Marion County,500.0,True,0.14878892733564014,0,43,0,172,0,0,74,0
40073,Kingfisher,Kingfisher County,345.0,True,0.0,0,0,0,94,0,130,0,147
42019,Butler,Butler County,500.0,True,0.00974025974025974,0,3,0,262,0,0,43,0
42131,Wyoming,Wyoming County,230.0,True,0.06779661016949153,0,4,32,0,23,0,0,0
45001,Abbeville,Abbeville County,230.0,True,0.29699248120300753,0,79,9,0,121,0,0,57
28093,Marshall,Marshall County,500.0,True,0.07537688442211055,0,15,0,170,0,0,14,0
39105,Meigs,Meigs County,765.0,True,0.2962962962962963,13,88,0,117,0,54,0,25
39093,Lorain,Lorain County,345.0,True,0.07317073170731707,0,39,0,333,0,146,0,15
55021,Columbia,Columbia County,345.0,True,0.006,0,3,0,147,0,135,0,215
46047,Fall River,Fall River County,230.0,True,0.0,0,0,0,0,142,0,0,60
47023,Chester,Chester County,161.0,True,0.029411764705882353,0,1,0,33,0,0,0,0
28011,Bolivar,Bolivar County,115.0,True,0.0,0,0,136,0,0,0,0,0
28057,Itawamba,Itawamba County,500.0,True,0.04790419161676647,0,8,0,139,0,0,20,0
41009,Columbia,Columbia County,500.0,True,0.0,0,0,173,0,236,0,47,4
50017,Orange,Orange County,230.0,True,0.6497175141242938,0,115,41,0,21,0,0,0
12086,Miami-Dade,Miami-Dade County,500.0,True,0.1015820149875104,0,122,0,493,536,0,50,0
48505,Zapata,Zapata County,345.0,True,0.0,0,0,0,119,0,85,0,0
48383,Reagan,Reagan County,138.0,True,0.0,0,0,0,68,0,0,0,162
49031,Piute,Piute County,345.0,True,0.0,0,0,37,1,91,49,0,18
21233,Webster,Webster County,345.0,True,0.0,0,0,0,58,0,16,0,205
21211,Shelby,Shelby County,345.0,True,0.0,0,0,0,12,0,8,0,133
17005,Bond,Bond County,138.0,True,0.075,0,3,0,37,0,0,0,0
17019,Champaign,Champaign County,345.0,True,0.060324825986078884,0,26,0,224,0,79,0,102
55079,Milwaukee,Milwaukee County,345.0,True,0.004662004662004662,0,2,0,365,38,24,0,0
56021,Laramie,Laramie County,345.0,True,0.1391941391941392,0,152,145,85,368,154,0,188
12059,Holmes,Holmes County,230.0,True,0.0,0,0,117,0,10,0,0,0
05027,Columbia,Columbia County,500.0,True,0.0,0,0,185,0,0,30,37,0
19123,Mahaska,Mahaska County,345.0,True,0.0,0,0,0,42,0,39,0,56
19187,Webster,Webster County,345.0,True,0.0,0,0,0,139,0,77,0,22
19099,Jasper,Jasper County,345.0,True,0.13488372093023257,0,29,0,111,0,50,0,25
19135,Monroe,Monroe County,161.0,True,0.0,0,0,0,48,0,0,0,8
19017,Bremer,Bremer County,345.0,True,0.10989010989010989,0,10,0,38,0,4,0,39
19157,Poweshiek,Poweshiek County,345.0,True,0.09090909090909091,0,10,0,45,0,50,0,5
21087,Green,Green County,161.0,True,0.0,0,0,0,29,0,0,0,58
22003,Allen,Allen Parish,138.0,True,0.08333333333333333,0,6,0,49,0,0,0,17
08039,Elbert,Elbert County,345.0,True,0.0,0,0,35,0,73,73,0,36
08003,Alamosa,Alamosa County,230.0,True,0.0,0,0,94,0,6,0,0,152
13233,Polk,Polk County,230.0,True,0.0,0,0,67,0,48,0,0,0
37185,Warren,Warren County,500.0,True,0.1791044776119403,0,24,96,0,0,0,14,0
42001,Adams,Adams County,500.0,True,0.0,0,0,126,17,19,0,54,0
20095,Kingman,Kingman County,345.0,True,0.0,0,0,3,8,0,78,0,0
20127,Morris,Morris County,345.0,True,0.0,0,0,16,0,81,34,0,0
20177,Shawnee,Shawnee County,230.0,True,0.0345821325648415,0,12,236,11,87,0,0,1
20159,Rice,Rice County,230.0,True,0.1320754716981132,0,21,52,0,86,0,0,0
22061,Lincoln,Lincoln Parish,500.0,True,0.17197452229299362,0,27,92,0,0,0,38,0
23001,Androscoggin,Androscoggin County,345.0,True,0.0035714285714285713,0,1,220,0,0,59,0,0
13231,Pike,Pike County,230.0,True,0.4186046511627907,0,36,36,0,14,0,0,0
13273,Terrell,Terrell County,115.0,True,0.4482758620689655,0,39,48,0,0,0,0,0
46105,Perkins,Perkins County,230.0,True,0.2571428571428571,0,63,0,0,165,0,0,17
48117,Deaf Smith,Deaf Smith County,345.0,True,0.1744186046511628,0,45,60,11,29,56,0,57
16021,Boundary,Boundary County,138.0,True,0.0,0,0,134,8,0,0,0,11
17045,Edgar,Edgar County,345.0,True,0.0,0,0,0,27,0,39,0,66
29217,Vernon,Vernon County,161.0,True,0.25384615384615383,0,33,0,97,0,0,0,0
31015,Boyd,Boyd County,345.0,True,0.0,0,0,25,0,30,14,0,0
26081,Kent,Kent County,345.0,True,0.07633587786259542,0,50,0,373,0,201,0,31
17011,Bureau,Bureau County,138.0,True,0.0,0,0,0,201,0,0,0,0
17121,Marion,Marion County,345.0,True,0.6172248803827751,0,129,0,69,0,11,0,0
18109,Morgan,Morgan County,345.0,True,0.0,0,0,0,92,0,108,0,38
19127,Marshall,Marshall County,161.0,True,0.0,0,0,25,108,0,0,0,0
19177,Van Buren,Van Buren County,69.0,True,0.0,0,0,0,0,0,0,0,62
20081,Haskell,Haskell County,345.0,True,0.32,0,40,28,40,0,15,0,2
17023,Clark,Clark County,345.0,True,0.0,0,0,0,52,0,63,0,37
18001,Adams,Adams County,765.0,True,0.36885245901639346,27,45,0,36,0,0,0,14
19109,Kossuth,Kossuth County,345.0,True,0.203125,0,39,0,75,0,56,0,22
20137,Norton,Norton County,115.0,True,0.0,0,0,78,0,0,0,0,0
22051,Jefferson,Jefferson Parish,230.0,True,0.08150470219435736,0,26,98,0,195,0,0,0
32007,Elko,Elko County,345.0,True,0.09713375796178345,0,61,225,106,0,236,0,0
36015,Chemung,Chemung County,345.0,True,0.14453125,0,37,122,0,66,31,0,0
17041,Douglas,Douglas County,345.0,True,0.0,0,0,0,69,0,23,0,61
54077,Preston,Preston County,500.0,True,0.12467532467532468,0,48,0,272,0,0,65,0
17061,Greene,Greene County,138.0,True,0.44672131147540983,0,109,0,44,0,0,0,91
21137,Lincoln,Lincoln County,345.0,True,0.0,0,0,0,0,0,60,0,81
21143,Lyon,Lyon County,161.0,True,0.0,0,0,0,91,0,0,0,70
26087,Lapeer,Lapeer County,345.0,True,0.025396825396825397,0,8,87,129,0,91,0,0
23029,Washington,Washington County,345.0,True,0.4085106382978723,0,96,83,0,0,56,0,0
29145,Newton,Newton County,345.0,True,0.2540983606557377,0,93,0,130,0,20,0,123
29111,Lewis,Lewis County,345.0,True,0.0,0,0,0,46,0,34,0,91
13013,Barrow,Barrow County,230.0,True,0.0763888888888889,0,11,61,0,72,0,0,0
37041,Chowan,Chowan County,230.0,True,0.0,0,0,0,0,12,0,0,0
39017,Butler,Butler County,345.0,True,0.22169811320754718,0,141,0,280,0,118,0,97
56023,Lincoln,Lincoln County,345.0,True,0.10827374872318693,0,106,197,0,292,285,0,99
56015,Goshen,Goshen County,345.0,True,0.0029585798816568047,0,2,194,0,182,130,0,168
05141,Van Buren,Van Buren County,161.0,True,0.509090909090909,0,56,0,54,0,0,0,0
26079,Kalkaska,Kalkaska County,345.0,True,0.0,0,0,0,16,0,27,0,102
27149,Stevens,Stevens County,400.0,True,0.3350253807106599,0,66,76,0,50,5,0,0
28097,Montgomery,Montgomery County,115.0,True,0.0,0,0,37,0,0,0,0,0
29089,Howard,Howard County,161.0,True,0.0,0,0,0,23,0,0,0,35
51035,Carroll,Carroll County,765.0,True,0.28654970760233917,20,49,0,74,0,0,22,6
17115,Macon,Macon County,345.0,True,0.043689320388349516,0,18,0,200,0,101,0,93
17139,Moultrie,Moultrie County,345.0,True,0.0,0,0,0,0,0,38,0,83
42009,Bedford,Bedford County,500.0,True,0.49612403100775193,0,64,60,0,0,0,5,0
47103,Lincoln,Lincoln County,500.0,True,0.27647058823529413,0,47,0,92,0,0,31,0
26131,Ontonagon,Ontonagon County,69.0,True,0.07608695652173914,0,14,0,0,0,0,0,170
29155,Pemiscot,Pemiscot County,500.0,True,0.3024193548387097,0,75,0,88,0,0,43,42
29093,Iron,Iron County,138.0,True,0.0,0,0,0,109,0,0,0,70
31001,Adams,Adams County,345.0,True,0.01652892561983471,0,6,164,0,13,51,0,129
35037,Quay,Quay County,345.0,True,0.0049261083743842365,0,1,129,0,0,8,0,65
37135,Orange,Orange County,230.0,True,0.28378378378378377,0,105,0,0,102,0,0,163
17159,Richland,Richland County,138.0,True,0.0,0,0,0,52,0,0,0,34
17053,Ford,Ford County,138.0,True,0.10810810810810811,0,8,0,66,0,0,0,0
05051,Garland,Garland County,115.0,True,0.358695652173913,0,66,118,0,0,0,0,0
48485,Wichita,Wichita County,345.0,True,0.0,0,0,0,158,0,275,0,142
19159,Ringgold,Ringgold County,161.0,True,0.0,0,0,0,6,0,0,0,0
29213,Taney,Taney County,161.0,True,0.038135593220338986,0,9,0,115,0,0,0,112
29163,Pike,Pike County,161.0,True,0.0,0,0,0,98,0,0,0,55
29153,Ozark,Ozark County,161.0,True,0.0,0,0,0,34,0,0,0,110
29081,Harrison,Harrison County,69.0,True,0.0,0,0,0,0,0,0,0,58
37037,Chatham,Chatham County,500.0,True,0.12087912087912088,0,22,34,0,99,0,27,0
40035,Craig,Craig County,345.0,True,0.0,0,0,0,49,0,78,0,82
05043,Drew,Drew County,115.0,True,0.25,0,25,75,0,0,0,0,0
08047,Gilpin,Gilpin County,69.0,True,0.7931034482758621,0,23,0,0,0,0,0,6
19085,Harrison,Harrison County,69.0,True,0.0,0,0,0,0,0,0,0,125
19097,Jackson,Jackson County,345.0,True,0.04794520547945205,0,7,0,49,0,45,0,45
20189,Stevens,Stevens County,345.0,True,0.0,0,0,32,0,0,47,0,85
33005,Cheshire,Cheshire County,345.0,True,0.0,0,0,210,0,0,70,0,31
35025,Lea,Lea County,345.0,True,0.04689984101748808,0,59,554,0,178,101,0,366
41069,Wheeler,Wheeler County,115.0,True,0.0,0,0,86,0,0,0,0,1
42025,Carbon,Carbon County,500.0,True,0.0,0,0,0,7,90,0,30,165
13085,Dawson,Dawson County,230.0,True,0.04310344827586207,0,5,89,0,22,0,0,0
13161,Jeff Davis,Jeff Davis County,500.0,True,0.2914285714285714,0,51,34,0,45,0,45,0
21219,Todd,Todd County,500.0,True,0.0,0,0,0,72,0,0,50,64
01015,Calhoun,Calhoun County,230.0,True,0.45938375350140054,0,164,134,0,59,0,0,0
36005,Bronx,Bronx County,345.0,True,0.0,0,0,0,22,0,9,0,0
46079,Lake,Lake County,69.0,True,0.25,0,53,0,0,0,0,0,159
47087,Jackson,Jackson County,161.0,True,0.0,0,0,0,14,0,0,0,15
48255,Karnes,Karnes County,345.0,True,0.0,0,0,0,86,0,157,0,10
18045,Fountain,Fountain County,345.0,True,0.0,0,0,0,0,77,101,0,39
19171,Tama,Tama County,161.0,True,0.00909090909090909,0,1,85,24,0,0,0,0
20009,Barton,Barton County,230.0,True,0.021739130434782608,0,8,122,0,84,0,0,154
20109,Logan,Logan County,345.0,True,0.09259259259259259,0,5,0,0,0,49,0,0
20101,Lane,Lane County,115.0,True,0.0,0,0,40,0,0,0,0,0
21047,Christian,Christian County,161.0,True,0.050955414012738856,0,16,0,146,0,0,0,152
21019,Boyd,Boyd County,765.0,True,0.005319148936170213,22,1,0,81,0,4,0,80
36107,Tioga,Tioga County,345.0,True,0.4057971014492754,0,112,90,0,37,37,0,0
48049,Brown,Brown County,345.0,True,0.0,0,0,0,125,0,144,0,48
48483,Wheeler,Wheeler County,345.0,True,0.09328358208955224,0,25,26,24,49,40,0,104
49039,Sanpete,Sanpete County,345.0,True,0.012269938650306749,0,4,3,49,0,132,0,138
51570,Colonial Heights,Colonial Heights city,115.0,True,0.0,0,0,2,0,0,0,0,0
21141,Logan,Logan County,161.0,True,0.0,0,0,0,145,0,0,0,48
26145,Saginaw,Saginaw County,345.0,True,0.08959537572254335,0,62,0,433,0,197,0,0
27117,Pipestone,Pipestone County,115.0,True,0.0,0,0,75,0,0,0,0,85
29215,Texas,Texas County,161.0,True,0.0,0,0,0,15,0,0,0,151
01123,Tallapoosa,Tallapoosa County,230.0,True,0.09973753280839895,0,38,256,0,87,0,0,0
25019,Nantucket,Nantucket County,,False,,0,0,0,0,0,0,0,0
36019,Clinton,Clinton County,230.0,True,0.26105263157894737,0,124,220,0,93,0,0,38
13165,Jenkins,Jenkins County,115.0,True,0.38202247191011235,0,34,55,0,0,0,0,0
13259,Stewart,Stewart County,115.0,True,0.21176470588235294,0,18,67,0,0,0,0,0
16065,Madison,Madison County,230.0,True,0.08441558441558442,0,13,0,37,26,0,0,78
13093,Dooly,Dooly County,115.0,True,0.7,0,56,24,0,0,0,0,0
13175,Laurens,Laurens County,500.0,True,0.28634361233480177,0,65,91,0,63,0,8,0
29115,Linn,Linn County,161.0,True,0.0,0,0,0,33,0,0,0,103
29043,Christian,Christian County,161.0,True,0.13777777777777778,0,31,0,100,0,0,0,94
29141,Morgan,Morgan County,161.0,True,0.27956989247311825,0,26,0,67,0,0,0,0
29075,Gentry,Gentry County,345.0,True,0.0,0,0,0,25,0,16,0,69
40119,Payne,Payne County,345.0,True,0.0,0,0,0,228,0,2,0,191
40081,Lincoln,Lincoln County,345.0,True,0.006355932203389831,0,3,0,191,0,93,0,185
47015,Cannon,Cannon County,161.0,True,0.0,0,0,0,30,0,0,0,0
47071,Hardin,Hardin County,161.0,True,0.06493506493506493,0,10,0,144,0,0,0,0
13069,Coffee,Coffee County,500.0,True,0.07272727272727272,0,16,84,0,104,0,16,0
30037,Golden Valley,Golden Valley County,500.0,True,0.0,0,0,95,0,36,0,56,97
56009,Converse,Converse County,230.0,True,0.0423728813559322,0,35,198,37,467,0,0,89
04003,Cochise,Cochise County,345.0,True,0.2994475138121547,0,271,223,20,215,164,0,12
05049,Fulton,Fulton County,161.0,True,0.0,0,0,0,58,0,0,0,83
40051,Grady,Grady County,345.0,True,0.0037243947858473,0,2,0,330,0,32,0,173
48299,Llano,Llano County,138.0,True,0.0,0,0,0,179,0,0,0,63
48209,Hays,Hays County,345.0,True,0.0,0,0,0,224,0,10,0,12
31053,Dodge,Dodge County,115.0,True,0.0,0,0,65,0,0,0,0,51
31173,Thurston,Thurston County,345.0,True,0.0,0,0,22,30,0,78,0,12
13211,Morgan,Morgan County,230.0,True,0.07079646017699115,0,8,42,0,63,0,0,0
17141,Ogle,Ogle County,345.0,True,0.0,0,0,0,108,0,107,0,0
12035,Flagler,Flagler County,500.0,True,0.0,0,0,67,0,154,0,107,0
13087,Decatur,Decatur County,230.0,True,0.06545454545454546,0,18,120,0,118,0,0,19
17015,Carroll,Carroll County,161.0,True,0.10526315789473684,0,4,0,34,0,0,0,0
48191,Hall,Hall County,345.0,True,0.0,0,0,64,49,0,60,0,86
48235,Irion,Irion County,138.0,True,0.0,0,0,0,61,0,0,0,62
48033,Borden,Borden County,345.0,True,0.0,0,0,0,54,47,150,0,85
49041,Sevier,Sevier County,345.0,True,0.0,0,0,129,154,104,237,0,13
49021,Iron,Iron County,500.0,True,0.013651877133105802,0,8,87,94,93,126,146,32
50023,Washington,Washington County,115.0,True,0.7746478873239436,0,165,48,0,0,0,0,0
12133,Washington,Washington County,230.0,True,0.0,0,0,159,0,37,0,0,0
31017,Brown,Brown County,115.0,True,0.0,0,0,101,0,0,0,0,40
31105,Kimball,Kimball County,345.0,True,0.12195121951219512,0,15,21,36,0,19,0,32
33013,Merrimack,Merrimack County,450.0,True,0.0025974025974025974,0,1,194,0,131,59,0,0
17025,Clay,Clay County,345.0,True,0.004629629629629629,0,1,0,57,0,39,0,119
17087,Johnson,Johnson County,345.0,True,0.0,0,0,0,61,29,30,0,109
17155,Putnam,Putnam County,138.0,True,0.0,0,0,0,92,0,0,0,0
19145,Page,Page County,345.0,True,0.0,0,0,0,60,0,43,0,153
19061,Dubuque,Dubuque County,345.0,True,0.0,0,0,0,109,0,83,0,187
20035,Cowley,Cowley County,345.0,True,0.09401709401709402,0,22,0,22,0,18,0,172
13223,Paulding,Paulding County,500.0,True,0.10887096774193548,0,27,71,0,47,0,103,0
13023,Bleckley,Bleckley County,500.0,True,0.06451612903225806,0,4,35,0,0,0,23,0
46045,Edmunds,Edmunds County,345.0,True,0.45023696682464454,0,95,5,0,0,37,0,74
46067,Hutchinson,Hutchinson County,115.0,True,0.3584070796460177,0,81,62,0,0,0,0,83
46059,Hand,Hand County,345.0,True,0.05373134328358209,0,18,0,0,102,54,0,161
35006,Cibola,Cibola County,345.0,True,0.0041841004184100415,0,1,139,0,11,86,0,2
35057,Torrance,Torrance County,230.0,True,0.03902439024390244,0,8,190,0,2,0,0,5
35028,Los Alamos,Los Alamos County,115.0,True,0.0,0,0,51,0,0,0,0,0
18079,Jennings,Jennings County,765.0,True,0.13013698630136986,27,19,0,65,0,0,0,35
18041,Fayette,Fayette County,345.0,True,0.0,0,0,0,70,0,1,0,82
18137,Ripley,Ripley County,345.0,True,0.032490974729241874,0,9,0,106,0,53,0,109
18121,Parke,Parke County,345.0,True,0.0,0,0,0,43,78,9,0,39
21075,Fulton,Fulton County,161.0,True,0.0851063829787234,0,4,0,0,0,0,0,43
27105,Nobles,Nobles County,345.0,True,0.06948640483383686,0,23,60,51,0,65,0,132
28113,Pike,Pike County,500.0,True,0.1337579617834395,0,21,98,0,12,0,26,0
46081,Lawrence,Lawrence County,230.0,True,0.08273381294964029,0,23,0,0,104,0,0,151
46015,Brule,Brule County,345.0,True,0.0,0,0,0,0,115,56,0,176
46107,Potter,Potter County,345.0,True,0.0,0,0,0,0,39,44,0,0
36109,Tompkins,Tompkins County,115.0,True,0.36666666666666664,0,88,152,0,0,0,0,0
36023,Cortland,Cortland County,345.0,True,0.226890756302521,0,54,137,0,0,47,0,0
36099,Seneca,Seneca County,115.0,True,0.038461538461538464,0,4,100,0,0,0,0,0
18101,Martin,Martin County,345.0,True,0.007246376811594203,0,1,0,56,0,39,0,42
18073,Jasper,Jasper County,345.0,True,0.3463687150837989,0,62,0,80,0,35,0,2
19153,Polk,Polk County,345.0,True,0.0319634703196347,0,14,0,260,0,76,0,88
48309,McLennan,McLennan County,345.0,True,0.0,0,0,19,211,0,168,0,177
48251,Johnson,Johnson County,345.0,True,0.0,0,0,0,261,0,162,0,100
48451,Tom Green,Tom Green County,345.0,True,0.008108108108108109,0,6,0,344,0,174,0,216
48133,Eastland,Eastland County,345.0,True,0.0,0,0,0,183,0,52,0,111
48285,Lavaca,Lavaca County,345.0,True,0.0,0,0,0,47,0,15,0,71
48113,Dallas,Dallas County,345.0,True,0.0,0,0,0,1286,0,358,0,126
48013,Atascosa,Atascosa County,345.0,True,0.0,0,0,0,275,0,220,0,142
38063,Nelson,Nelson County,345.0,True,0.3184713375796178,0,100,6,0,42,11,0,155
38061,Mountrail,Mountrail County,345.0,True,0.19244604316546762,0,107,337,0,85,9,0,18
38089,Stark,Stark County,345.0,True,0.5587628865979382,0,271,83,0,115,16,0,0
19049,Dallas,Dallas County,345.0,True,0.0,0,0,0,75,0,80,0,0
19021,Buena Vista,Buena Vista County,161.0,True,0.0,0,0,0,39,0,0,0,226
19015,Boone,Boone County,345.0,True,0.0,0,0,0,102,0,57,0,0
19141,O'Brien,O'Brien County,345.0,True,0.06766917293233082,0,18,0,34,0,61,0,153
19091,Humboldt,Humboldt County,345.0,True,0.0,0,0,0,39,0,32,0,22
48101,Cottle,Cottle County,345.0,True,0.0,0,0,7,77,17,128,0,24
48183,Gregg,Gregg County,138.0,True,0.16300940438871472,0,52,0,93,0,0,0,174
48233,Hutchinson,Hutchinson County,230.0,True,0.05161290322580645,0,16,151,45,55,0,0,43
48127,Dimmit,Dimmit County,138.0,True,0.0,0,0,0,140,0,0,0,0
48447,Throckmorton,Throckmorton County,345.0,True,0.0,0,0,0,55,0,148,0,64
48337,Montague,Montague County,345.0,True,0.0989399293286219,0,28,3,92,0,49,0,111
48159,Franklin,Franklin County,138.0,True,0.4155844155844156,0,64,0,55,0,0,0,35
48445,Terry,Terry County,345.0,True,0.0,0,0,87,0,16,53,0,192
38083,Sheridan,Sheridan County,345.0,True,0.44,0,99,0,0,72,54,0,0
39091,Logan,Logan County,765.0,True,0.30405405405405406,42,45,0,41,0,20,0,0
39063,Hancock,Hancock County,345.0,True,0.20930232558139536,0,45,0,110,0,53,0,7
39121,Noble,Noble County,765.0,True,0.39655172413793105,10,69,0,82,0,13,0,0
20051,Ellis,Ellis County,345.0,True,0.12091503267973856,0,37,124,0,78,67,0,0
20143,Ottawa,Ottawa County,345.0,True,0.0,0,0,0,0,0,40,0,0
20169,Saline,Saline County,345.0,True,0.07829181494661921,0,22,117,0,64,78,0,0
20155,Reno,Reno County,345.0,True,0.43612334801762115,0,198,148,0,49,17,0,42
20105,Lincoln,Lincoln County,230.0,True,0.7,0,49,0,0,21,0,0,0
30011,Carter,Carter County,115.0,True,0.05555555555555555,0,6,60,0,0,0,0,42
30079,Prairie,Prairie County,230.0,True,0.0,0,0,46,0,47,0,0,22
31037,Colfax,Colfax County,115.0,True,0.0,0,0,30,0,0,0,0,0
31041,Custer,Custer County,345.0,True,0.17307692307692307,0,126,157,0,0,171,0,274
48461,Upton,Upton County,345.0,True,0.0,0,0,0,254,0,81,0,84
48163,Frio,Frio County,345.0,True,0.0,0,0,0,367,0,62,0,56
48179,Gray,Gray County,345.0,True,0.06855791962174941,0,29,56,0,73,155,0,110
48425,Somervell,Somervell County,345.0,True,0.25225225225225223,0,28,0,16,0,67,0,0
48211,Hemphill,Hemphill County,69.0,True,0.01834862385321101,0,2,0,0,0,0,0,107
48107,Crosby,Crosby County,115.0,True,0.0,0,0,37,0,0,0,0,82
48433,Stonewall,Stonewall County,138.0,True,0.0,0,0,0,89,0,0,0,86
27121,Pope,Pope County,400.0,True,0.0,0,0,6,0,0,53,0,108
39023,Clark,Clark County,345.0,True,0.35738831615120276,0,104,0,166,0,18,0,3
39059,Guernsey,Guernsey County,765.0,True,0.2809917355371901,38,68,0,84,0,0,0,52
39005,Ashland,Ashland County,138.0,True,0.040697674418604654,0,7,0,165,0,0,0,0
39159,Union,Union County,765.0,True,0.10847457627118644,60,32,0,102,0,85,0,16
20031,Coffey,Coffey County,345.0,True,0.045454545454545456,0,7,0,0,0,91,0,56
20171,Scott,Scott County,345.0,True,0.0,0,0,79,0,0,49,0,0
20087,Jefferson,Jefferson County,345.0,True,0.19117647058823528,0,39,5,8,0,37,0,115
20179,Sheridan,Sheridan County,115.0,True,0.5691056910569106,0,70,53,0,0,0,0,0
20071,Greeley,Greeley County,115.0,True,0.0,0,0,65,0,0,0,0,0
31181,Webster,Webster County,115.0,True,0.0,0,0,35,0,0,0,0,70
31019,Buffalo,Buffalo County,345.0,True,0.0,0,0,169,0,60,47,0,220
31013,Box Butte,Box Butte County,115.0,True,0.36363636363636365,0,44,77,0,0,0,0,0
27159,Wadena,Wadena County,250.0,True,0.11940298507462686,0,8,25,0,34,0,0,0
28099,Neshoba,Neshoba County,161.0,True,0.0,0,0,0,216,0,0,0,0
28065,Jefferson Davis,Jefferson Davis County,161.0,True,0.0,0,0,17,44,0,0,0,81
28115,Pontotoc,Pontotoc County,161.0,True,0.0,0,0,0,78,0,0,0,0
40049,Garvin,Garvin County,138.0,True,0.0,0,0,0,217,0,0,0,149
40131,Rogers,Rogers County,345.0,True,0.015267175572519083,0,8,0,367,0,92,0,57
20187,Stanton,Stanton County,115.0,True,0.0,0,0,71,0,0,0,0,0
21173,Montgomery,Montgomery County,345.0,True,0.0,0,0,0,19,0,8,0,63
21057,Cumberland,Cumberland County,161.0,True,0.0,0,0,0,54,0,0,0,52
31003,Antelope,Antelope County,345.0,True,0.0,0,0,138,0,70,29,0,187
32027,Pershing,Pershing County,1000.0,True,0.0,42,0,160,0,0,305,0,0
35049,Santa Fe,Santa Fe County,345.0,True,0.1351981351981352,0,58,239,0,6,97,0,29
28135,Tallahatchie,Tallahatchie County,230.0,True,0.025974025974025976,0,2,34,0,41,0,0,0
29039,Cedar,Cedar County,161.0,True,0.0,0,0,0,98,0,0,0,0
29001,Adair,Adair County,161.0,True,0.0,0,0,0,60,0,0,0,119
29169,Pulaski,Pulaski County,345.0,True,0.0,0,0,0,122,0,47,0,103
41071,Yamhill,Yamhill County,230.0,True,0.32575757575757575,0,86,103,0,75,0,0,0
41049,Morrow,Morrow County,500.0,True,0.010940919037199124,0,5,221,3,83,0,99,46
22121,West Baton Rouge,West Baton Rouge Parish,500.0,True,0.2765957446808511,0,52,0,18,94,0,7,17
22049,Jackson,Jackson Parish,115.0,True,0.4567901234567901,0,37,44,0,0,0,0,0
26075,Jackson,Jackson County,345.0,True,0.31844660194174756,0,164,19,235,0,97,0,0
36039,Greene,Greene County,345.0,True,0.006802721088435374,0,2,96,0,0,106,0,90
36057,Montgomery,Montgomery County,345.0,True,0.04713804713804714,0,14,86,0,97,61,0,39
29079,Grundy,Grundy County,161.0,True,0.0,0,0,0,44,0,0,0,84
29211,Sullivan,Sullivan County,161.0,True,0.0,0,0,0,23,0,0,0,118
29131,Miller,Miller County,161.0,True,0.027777777777777776,0,6,0,204,0,0,0,6
29015,Benton,Benton County,161.0,True,0.49230769230769234,0,96,0,99,0,0,0,0
42011,Berks,Berks County,500.0,True,0.16335540838852097,0,74,0,0,229,0,115,35
42087,Mifflin,Mifflin County,500.0,True,0.0,0,0,15,0,63,0,32,0
26095,Luce,Luce County,69.0,True,0.0,0,0,0,0,0,0,0,38
26039,Crawford,Crawford County,345.0,True,0.125,0,4,0,14,0,2,0,12
27037,Dakota,Dakota County,345.0,True,0.013412816691505217,0,9,261,14,0,174,0,213
37197,Yadkin,Yadkin County,230.0,True,0.13962264150943396,0,37,0,0,123,0,0,105
37063,Durham,Durham County,500.0,True,0.23076923076923078,0,117,0,0,193,0,19,178
40083,Logan,Logan County,345.0,True,0.01444043321299639,0,4,0,151,0,57,0,65
40097,Mayes,Mayes County,345.0,True,0.019077901430842606,0,12,17,360,0,87,0,153
42075,Lebanon,Lebanon County,500.0,True,0.25333333333333335,0,57,0,0,116,0,29,23
51197,Wythe,Wythe County,765.0,True,0.020761245674740483,79,6,0,190,0,0,4,10
51045,Craig,Craig County,345.0,True,0.47058823529411764,0,8,0,0,0,9,0,0
51660,Harrisonburg,Harrisonburg city,230.0,True,0.8780487804878049,0,36,0,0,5,0,0,0
27123,Ramsey,Ramsey County,345.0,True,0.10747663551401869,0,23,128,0,1,62,0,0
27035,Crow Wing,Crow Wing County,250.0,True,0.03777335984095427,0,19,200,0,142,0,0,142
27005,Becker,Becker County,250.0,True,0.14871794871794872,0,58,91,0,139,0,0,102
37191,Wayne,Wayne County,230.0,True,0.07341772151898734,0,29,251,0,115,0,0,0
37061,Duplin,Duplin County,230.0,True,0.28125,0,72,152,0,32,0,0,0
42119,Union,Union County,230.0,True,0.6923076923076923,0,63,0,0,27,0,0,1
42081,Lycoming,Lycoming County,345.0,True,0.38323353293413176,0,128,0,0,119,30,0,57
51640,Galax,Galax city,138.0,True,0.3333333333333333,0,3,0,0,0,0,0,6
53013,Columbia,Columbia County,500.0,True,0.0,0,0,112,20,38,0,69,2
55087,Outagamie,Outagamie County,345.0,True,0.226890756302521,0,108,0,223,0,145,0,0
27003,Anoka,Anoka County,345.0,True,0.05605381165919283,0,25,44,0,73,88,0,216
27095,Mille Lacs,Mille Lacs County,230.0,True,0.0,0,0,0,0,12,0,0,177
27029,Clearwater,Clearwater County,230.0,True,0.20134228187919462,0,30,73,0,30,0,0,16
37003,Alexander,Alexander County,500.0,True,0.37894736842105264,0,36,0,0,0,0,8,51
38031,Foster,Foster County,345.0,True,0.7475247524752475,0,151,31,0,0,20,0,0
38045,LaMoure,LaMoure County,400.0,True,0.27692307692307694,0,72,57,0,0,63,0,68
38069,Pierce,Pierce County,230.0,True,0.20604395604395603,0,75,140,0,131,0,0,18
42079,Luzerne,Luzerne County,500.0,True,0.0835509138381201,0,64,0,0,331,0,108,263
13307,Webster,Webster County,115.0,True,0.7083333333333334,0,34,14,0,0,0,0,0
46037,Day,Day County,345.0,True,0.13624678663239073,0,53,227,0,0,107,0,2
55077,Marquette,Marquette County,138.0,True,0.0,0,0,0,13,0,0,0,91
55103,Richland,Richland County,161.0,True,0.0,0,0,0,17,0,0,0,117
56017,Hot Springs,Hot Springs County,230.0,True,0.0963302752293578,0,42,114,0,127,0,0,153
28025,Clay,Clay County,500.0,True,0.2791666666666667,0,67,0,130,0,0,38,5
28139,Tippah,Tippah County,500.0,True,0.2553191489361702,0,24,0,44,0,0,26,0
28119,Quitman,Quitman County,230.0,True,0.0,0,0,31,0,10,0,0,0
39073,Hocking,Hocking County,765.0,True,0.025423728813559324,8,3,0,62,0,0,0,45
39175,Wyandot,Wyandot County,345.0,True,0.3870967741935484,0,36,0,0,0,18,0,39
39151,Stark,Stark County,765.0,True,0.07929515418502203,17,54,0,462,0,148,0,0
46125,Turner,Turner County,230.0,True,0.0,0,0,3,0,40,0,0,184
46033,Custer,Custer County,230.0,True,0.07423580786026202,0,17,0,0,127,0,0,85
46017,Buffalo,Buffalo County,345.0,True,0.0,0,0,0,0,217,38,0,47
17193,White,White County,345.0,True,0.0,0,0,0,57,0,9,0,109
18043,Floyd,Floyd County,345.0,True,0.02258064516129032,0,7,0,133,43,51,0,76
18007,Benton,Benton County,345.0,True,0.32142857142857145,0,18,0,0,0,38,0,0
28123,Scott,Scott County,161.0,True,0.45993031358885017,0,132,61,94,0,0,0,0
28101,Newton,Newton County,161.0,True,0.5294117647058824,0,135,32,88,0,0,0,0
29121,Macon,Macon County,161.0,True,0.0,0,0,0,58,0,0,0,208
29067,Douglas,Douglas County,161.0,True,0.0,0,0,0,30,0,0,0,84
39141,Ross,Ross County,765.0,True,0.09880239520958084,11,33,0,80,0,73,0,137
39077,Huron,Huron County,138.0,True,0.2962962962962963,0,8,0,2,0,0,0,17
39047,Fayette,Fayette County,69.0,True,0.0,0,0,0,0,0,0,0,100
46063,Harding,Harding County,,True,1.0,0,156,0,0,0,0,0,0
47075,Haywood,Haywood County,500.0,True,0.0,0,0,0,96,0,0,75,0
18039,Elkhart,Elkhart County,345.0,True,0.04281345565749235,0,14,0,216,0,97,0,0
18033,DeKalb,DeKalb County,345.0,True,0.12432432432432433,0,23,0,96,0,44,0,22
13063,Clayton,Clayton County,500.0,True,0.02040816326530612,0,6,152,0,101,0,35,0
13171,Lamar,Lamar County,500.0,True,0.0,0,0,53,0,7,0,6,0
27041,Douglas,Douglas County,345.0,True,0.0,0,0,101,0,0,59,0,15
28031,Covington,Covington County,161.0,True,0.0,0,0,71,62,0,0,0,99
29071,Franklin,Franklin County,345.0,True,0.038461538461538464,0,13,0,117,0,143,0,65
17001,Adams,Adams County,345.0,True,0.012531328320802004,0,5,0,242,0,53,0,99
51690,Martinsville,Martinsville city,,True,1.0,0,22,0,0,0,0,0,0
56019,Johnson,Johnson County,230.0,True,0.0,0,0,15,0,199,0,0,34
21191,Pendleton,Pendleton County,765.0,True,0.07042253521126761,15,10,0,72,0,2,0,43
26107,Mecosta,Mecosta County,138.0,True,0.0970873786407767,0,10,0,11,0,0,0,82
29185,St. Clair,St. Clair County,161.0,True,0.2716049382716049,0,22,0,59,0,0,0,0
30097,Sweet Grass,Sweet Grass County,230.0,True,0.0,0,0,88,0,58,0,0,91
35041,Roosevelt,Roosevelt County,345.0,True,0.08267716535433071,0,42,31,0,80,93,0,262
29073,Gasconade,Gasconade County,345.0,True,0.0045662100456621,0,1,0,68,0,80,0,70
30095,Stillwater,Stillwater County,500.0,True,0.04521276595744681,0,17,23,0,87,0,64,185
31113,Logan,Logan County,115.0,True,0.20454545454545456,0,18,39,0,0,0,0,31
35003,Catron,Catron County,345.0,True,0.0,0,0,0,0,0,531,0,25
50005,Caledonia,Caledonia County,450.0,True,0.4437869822485207,0,75,56,0,35,3,0,0
18087,LaGrange,LaGrange County,345.0,True,0.020833333333333332,0,2,0,42,0,32,0,20
39071,Highland,Highland County,345.0,True,0.0,0,0,0,144,0,136,0,24
40055,Greer,Greer County,138.0,True,0.0,0,0,0,10,0,0,0,50
19033,Cerro Gordo,Cerro Gordo County,161.0,True,0.02681992337164751,0,7,0,213,0,0,0,41
05083,Logan,Logan County,500.0,True,0.04888888888888889,0,11,0,138,0,0,67,9
18169,Wabash,Wabash County,138.0,True,0.5205479452054794,0,38,0,35,0,0,0,0
27085,McLeod,McLeod County,230.0,True,0.41365461847389556,0,103,25,0,39,0,0,82
12067,Lafayette,Lafayette County,230.0,True,0.0,0,0,0,0,4,0,0,19
48463,Uvalde,Uvalde County,345.0,True,0.0,0,0,0,114,0,29,0,184
38039,Griggs,Griggs County,345.0,True,0.235,0,47,0,0,34,44,0,75
01083,Limestone,Limestone County,500.0,True,0.28007889546351084,0,142,0,207,0,0,158,0
16011,Bingham,Bingham County,345.0,True,0.0,0,0,42,435,103,92,0,39
48415,Scurry,Scurry County,345.0,True,0.0,0,0,0,168,0,369,0,211
28159,Winston,Winston County,161.0,True,0.36923076923076925,0,48,0,82,0,0,0,0
30025,Fallon,Fallon County,230.0,True,0.0,0,0,2,0,71,0,0,225
40153,Woodward,Woodward County,345.0,True,0.01918158567774936,0,15,0,353,0,242,0,172
26149,St. Joseph,St. Joseph County,138.0,True,0.2815533980582524,0,29,0,66,0,0,0,8
18151,Steuben,Steuben County,138.0,True,0.0,0,0,0,2,0,0,0,64
01113,Russell,Russell County,230.0,True,0.28502415458937197,0,59,141,0,7,0,0,0
21093,Hardin,Hardin County,345.0,True,0.05025125628140704,0,20,0,96,0,74,0,208
26053,Gogebic,Gogebic County,115.0,True,0.7894736842105263,0,120,6,0,0,0,0,26
40141,Tillman,Tillman County,345.0,True,0.38461538461538464,0,95,0,8,0,30,0,114
47013,Campbell,Campbell County,161.0,True,0.13861386138613863,0,28,0,116,0,0,0,58
51171,Shenandoah,Shenandoah County,138.0,True,0.05405405405405406,0,4,37,33,0,0,0,0
55037,Florence,Florence County,345.0,True,0.0,0,0,0,26,0,0,0,32
12093,Okeechobee,Okeechobee County,500.0,True,0.75,0,69,0,0,20,0,3,0
22073,Ouachita,Ouachita Parish,500.0,True,0.06405693950177936,0,18,242,0,0,0,21,0
30043,Jefferson,Jefferson County,500.0,True,0.017857142857142856,0,9,97,0,61,0,143,194
37027,Caldwell,Caldwell County,230.0,True,0.4435483870967742,0,55,0,0,32,0,0,37
48213,Henderson,Henderson County,345.0,True,0.0,0,0,0,238,0,160,0,149
53025,Grant,Grant County,500.0,True,0.0,0,0,472,32,879,0,293,25
13151,Henry,Henry County,500.0,True,0.07109004739336493,0,15,104,0,45,0,47,0
48189,Hale,Hale County,345.0,True,0.04159733777038269,0,25,229,0,119,40,0,188
39161,Van Wert,Van Wert County,345.0,True,0.40441176470588236,0,55,0,25,0,36,0,20
19119,Lyon,Lyon County,345.0,True,0.0,0,0,28,0,49,1,0,87
01027,Clay,Clay County,230.0,True,0.1952662721893491,0,33,90,0,46,0,0,0
26127,Oceana,Oceana County,345.0,True,0.1885245901639344,0,46,0,41,0,157,0,0
13139,Hall,Hall County,500.0,True,0.22020725388601037,0,85,186,0,79,0,36,0
18099,Marshall,Marshall County,765.0,True,0.0,61,0,0,93,0,51,0,0
30057,Madison,Madison County,115.0,True,0.022900763358778626,0,9,97,0,0,0,0,287
51073,Gloucester,Gloucester County,230.0,True,0.7142857142857143,0,55,0,0,22,0,0,0
27025,Chisago,Chisago County,500.0,True,0.05442176870748299,0,16,37,4,67,38,30,102
39145,Scioto,Scioto County,765.0,True,0.1708542713567839,60,68,0,202,0,33,0,35
55083,Oconto,Oconto County,345.0,True,0.0,0,0,0,167,0,41,0,54
51685,Manassas Park,Manassas Park city,230.0,True,0.0,0,0,2,0,3,0,0,0
55133,Waukesha,Waukesha County,345.0,True,0.0,0,0,0,203,49,127,0,0
55141,Wood,Wood County,345.0,True,0.1752873563218391,0,61,58,64,0,46,0,119
01067,Henry,Henry County,500.0,True,0.24096385542168675,0,60,159,0,0,0,30,0
17119,Madison,Madison County,345.0,True,0.21634615384615385,0,90,0,215,0,111,0,0
19129,Mills,Mills County,161.0,True,0.0,0,0,0,45,0,0,0,94
55099,Price,Price County,115.0,True,0.017857142857142856,0,3,145,0,0,0,0,20
35019,Guadalupe,Guadalupe County,345.0,True,0.04602510460251046,0,11,56,33,0,103,0,36
38041,Hettinger,Hettinger County,115.0,True,0.6555555555555556,0,118,44,0,0,0,0,18
39119,Muskingum,Muskingum County,765.0,True,0.01746031746031746,41,11,0,440,0,105,0,33
39163,Vinton,Vinton County,765.0,True,0.19135802469135801,45,31,0,86,0,0,0,0
40039,Custer,Custer County,345.0,True,0.1636904761904762,0,55,0,201,0,13,0,67
06075,San Francisco,San Francisco County,230.0,True,0.0,0,0,72,0,22,0,0,0
48487,Wilbarger,Wilbarger County,345.0,True,0.020933977455716585,0,13,0,163,0,272,0,173
28075,Lauderdale,Lauderdale County,230.0,True,0.01775147928994083,0,6,173,8,151,0,0,0
29199,Scotland,Scotland County,69.0,True,0.0,0,0,0,0,0,0,0,57
31087,Hitchcock,Hitchcock County,115.0,True,0.0,0,0,29,0,0,0,0,114
39037,Darke,Darke County,138.0,True,0.0,0,0,0,22,0,0,0,102
18173,Warrick,Warrick County,765.0,True,0.08888888888888889,10,32,0,156,0,0,0,162
18105,Monroe,Monroe County,345.0,True,0.04054054054054054,0,12,0,63,25,70,0,126
26093,Livingston,Livingston County,345.0,True,0.16279069767441862,0,49,0,130,0,122,0,0
47109,McNairy,McNairy County,161.0,True,0.13636363636363635,0,21,0,133,0,0,0,0
53059,Skamania,Skamania County,500.0,True,0.0,0,0,94,0,146,60,42,0
31075,Grant,Grant County,115.0,True,0.3877551020408163,0,19,30,0,0,0,0,0
40127,Pushmataha,Pushmataha County,345.0,True,0.0,0,0,0,111,0,57,0,0
46129,Walworth,Walworth County,345.0,True,0.0,0,0,67,0,39,53,0,0
48263,Kent,Kent County,345.0,True,0.06802721088435375,0,20,0,65,0,105,0,104
48363,Palo Pinto,Palo Pinto County,345.0,True,0.0,0,0,0,113,0,56,0,122
17145,Perry,Perry County,230.0,True,0.4230769230769231,0,66,0,1,52,0,0,37
55089,Ozaukee,Ozaukee County,345.0,True,0.0,0,0,0,209,0,68,0,0
51670,Hopewell,Hopewell city,230.0,True,0.0,0,0,2,0,18,0,0,0
13067,Cobb,Cobb County,500.0,True,0.0959409594095941,0,52,241,0,199,0,50,0
48221,Hood,Hood County,345.0,True,0.043209876543209874,0,14,0,146,0,148,0,16
28017,Chickasaw,Chickasaw County,161.0,True,0.0,0,0,0,72,0,0,0,23
55135,Waupaca,Waupaca County,345.0,True,0.15034965034965034,0,43,0,85,0,53,0,105
55091,Pepin,Pepin County,161.0,True,0.0,0,0,0,22,0,0,0,52
01029,Cleburne,Cleburne County,115.0,True,0.49333333333333335,0,37,38,0,0,0,0,0
13017,Ben Hill,Ben Hill County,115.0,True,0.0,0,0,84,0,0,0,0,0
13201,Miller,Miller County,230.0,True,0.0,0,0,44,0,14,0,0,0
19143,Osceola,Osceola County,345.0,True,0.0,0,0,0,0,0,23,0,88
20185,Stafford,Stafford County,230.0,True,0.3054393305439331,0,73,103,0,5,0,0,58
28069,Kemper,Kemper County,230.0,True,0.0,0,0,0,124,21,0,0,0
29125,Maries,Maries County,345.0,True,0.0,0,0,0,75,0,74,0,18
29219,Warren,Warren County,345.0,True,0.22674418604651161,0,39,0,76,0,57,0,0
31079,Hall,Hall County,230.0,True,0.10077519379844961,0,26,144,0,62,0,0,26
05055,Greene,Greene County,161.0,True,0.3595505617977528,0,64,20,94,0,0,0,0
17013,Calhoun,Calhoun County,138.0,True,0.12025316455696203,0,19,0,129,0,0,0,10
55109,St. Croix,St. Croix County,161.0,True,0.125,0,48,55,55,0,0,0,226
05065,Izard,Izard County,161.0,True,0.0,0,0,0,108,0,0,0,56
12099,Palm Beach,Palm Beach County,500.0,True,0.20012391573729862,0,323,0,479,460,0,352,0
19113,Linn,Linn County,345.0,True,0.06935123042505593,0,31,129,170,0,56,0,61
19105,Jones,Jones County,161.0,True,0.045454545454545456,0,7,0,42,0,0,0,105
31073,Gosper,Gosper County,230.0,True,0.0,0,0,93,0,1,0,0,45
36121,Wyoming,Wyoming County,230.0,True,0.2608695652173913,0,42,58,0,55,0,0,6
19173,Taylor,Taylor County,345.0,True,0.0,0,0,0,58,0,10,0,0
51770,Roanoke,Roanoke city,138.0,True,0.5,0,36,0,36,0,0,0,0
55041,Forest,Forest County,138.0,True,0.0,0,0,11,10,0,0,0,0
08025,Crowley,Crowley County,230.0,True,0.2677595628415301,0,49,86,0,48,0,0,0
13287,Turner,Turner County,500.0,True,0.10810810810810811,0,12,31,0,48,0,20,0
26117,Montcalm,Montcalm County,345.0,True,0.029585798816568046,0,5,0,63,0,82,0,19
31009,Blaine,Blaine County,,True,1.0,0,32,0,0,0,0,0,0
31125,Nance,Nance County,345.0,True,0.0,0,0,7,0,2,24,0,0
35005,Chaves,Chaves County,345.0,True,0.0,0,0,105,0,156,104,0,86
37183,Wake,Wake County,500.0,True,0.08312342569269521,0,66,233,0,413,0,82,0
38065,Oliver,Oliver County,345.0,True,0.26641651031894936,0,142,102,0,125,164,0,0
13193,Macon,Macon County,115.0,True,0.08064516129032258,0,10,114,0,0,0,0,0
18081,Johnson,Johnson County,345.0,True,0.008547008547008548,0,2,0,27,51,29,0,125
48027,Bell,Bell County,345.0,True,0.0,0,0,0,273,0,247,0,230
05009,Boone,Boone County,161.0,True,0.0,0,0,0,136,0,0,0,0
08063,Kit Carson,Kit Carson County,230.0,True,0.0,0,0,227,0,80,0,0,21
38021,Dickey,Dickey County,345.0,True,0.2237960339943343,0,79,55,0,143,25,0,51
39045,Fairfield,Fairfield County,345.0,True,0.03044496487119438,0,13,0,151,0,83,0,180
39097,Madison,Madison County,765.0,True,0.14349775784753363,39,32,0,61,0,30,0,61
12115,Sarasota,Sarasota County,230.0,True,0.35251798561151076,0,147,0,0,270,0,0,0
48259,Kendall,Kendall County,345.0,True,0.0,0,0,0,163,0,91,0,0
48365,Panola,Panola County,345.0,True,0.3006993006993007,0,86,0,64,0,43,0,93
48171,Gillespie,Gillespie County,345.0,True,0.0,0,0,0,167,0,64,0,82
13149,Heard,Heard County,500.0,True,0.008928571428571428,0,1,49,0,29,0,33,0
39087,Lawrence,Lawrence County,765.0,True,0.18263473053892215,53,61,0,187,0,0,0,33
42105,Potter,Potter County,115.0,True,0.0,0,0,53,0,0,0,0,0
46051,Grant,Grant County,345.0,True,0.0,0,0,30,0,109,102,0,99
48111,Dallam,Dallam County,138.0,True,0.0,0,0,40,2,0,0,0,158
40091,McIntosh,McIntosh County,345.0,True,0.0,0,0,0,121,0,39,0,113
40149,Washita,Washita County,345.0,True,0.0,0,0,0,104,0,60,0,42
05035,Crittenden,Crittenden County,500.0,True,0.0,0,0,0,158,0,0,23,21
41041,Lincoln,Lincoln County,230.0,True,0.0,0,0,75,0,74,0,0,192
18093,Lawrence,Lawrence County,345.0,True,0.06489675516224189,0,22,0,154,0,85,0,78
18103,Miami,Miami County,765.0,True,0.19594594594594594,51,29,0,0,35,33,0,0
19081,Hancock,Hancock County,161.0,True,0.040983606557377046,0,5,0,71,0,0,0,46
19095,Iowa,Iowa County,345.0,True,0.0,0,0,0,39,0,39,0,22
20193,Thomas,Thomas County,345.0,True,0.0,0,0,161,0,0,51,0,0
17157,Randolph,Randolph County,345.0,True,0.030973451327433628,0,7,0,70,0,34,0,115
17085,Jo Daviess,Jo Daviess County,161.0,True,0.0,0,0,0,59,0,0,0,85
27161,Waseca,Waseca County,161.0,True,0.0,0,0,14,9,0,0,0,69
27083,Lyon,Lyon County,345.0,True,0.01627906976744186,0,7,141,0,0,73,0,209
28077,Lawrence,Lawrence County,115.0,True,0.0,0,0,98,0,0,0,0,4
31167,Stanton,Stanton County,345.0,True,0.0,0,0,50,0,11,11,0,0
35061,Valencia,Valencia County,345.0,True,0.0,0,0,116,0,0,33,0,0
47067,Hancock,Hancock County,500.0,True,0.03508771929824561,0,2,0,0,0,0,4,51
17059,Gallatin,Gallatin County,161.0,True,0.0,0,0,0,14,0,0,0,114
20079,Harvey,Harvey County,345.0,True,0.1141552511415525,0,25,23,29,0,64,0,78
21009,Barren,Barren County,161.0,True,0.0425531914893617,0,12,0,66,0,0,0,204
18155,Switzerland,Switzerland County,345.0,True,0.1951219512195122,0,32,0,51,0,38,0,43
19071,Fremont,Fremont County,69.0,True,0.0,0,0,0,0,0,0,0,85
20175,Seward,Seward County,138.0,True,0.06432748538011696,0,11,108,30,0,0,0,22
39065,Hardin,Hardin County,345.0,True,0.047619047619047616,0,5,0,41,0,59,0,0
40017,Canadian,Canadian County,345.0,True,0.030821917808219176,0,18,0,267,0,156,0,143
48441,Taylor,Taylor County,345.0,True,0.0,0,0,0,314,0,194,0,223
18029,Dearborn,Dearborn County,345.0,True,0.12471655328798185,0,55,0,218,0,150,0,18
20089,Jewell,Jewell County,115.0,True,0.0,0,0,69,0,0,0,0,0
21213,Simpson,Simpson County,161.0,True,0.07246376811594203,0,5,0,26,0,0,0,38
23011,Kennebec,Kennebec County,345.0,True,0.1002710027100271,0,37,235,0,0,97,0,0
51550,Chesapeake,Chesapeake city,500.0,True,0.0668693009118541,0,22,97,0,168,0,42,0
17165,Saline,Saline County,345.0,True,0.06896551724137931,0,18,0,70,0,0,0,173
21185,Oldham,Oldham County,345.0,True,0.0,0,0,0,25,0,51,0,57
01021,Chilton,Chilton County,500.0,True,0.04824561403508772,0,11,177,0,9,0,31,0
23009,Hancock,Hancock County,345.0,True,0.04564315352697095,0,11,181,0,0,49,0,0
36093,Schenectady,Schenectady County,345.0,True,0.3118279569892473,0,87,111,0,45,36,0,0
37109,Lincoln,Lincoln County,500.0,True,0.2564102564102564,0,80,0,0,113,0,24,95
38049,McHenry,McHenry County,230.0,True,0.5228013029315961,0,321,222,0,71,0,0,0
27133,Rock,Rock County,345.0,True,0.05235602094240838,0,10,11,36,0,33,0,101
28023,Clarke,Clarke County,230.0,True,0.2574626865671642,0,69,62,0,137,0,0,0
35009,Curry,Curry County,345.0,True,0.0,0,0,190,0,125,65,0,135
36073,Orleans,Orleans County,115.0,True,0.0,0,0,129,0,0,0,0,0
54055,Mercer,Mercer County,345.0,True,0.2605633802816901,0,37,0,96,0,8,0,1
55013,Burnett,Burnett County,69.0,True,0.0,0,0,0,0,0,0,0,190
26101,Manistee,Manistee County,345.0,True,0.24915824915824916,0,74,0,98,0,62,0,63
28059,Jackson,Jackson County,500.0,True,0.00408997955010225,0,2,270,0,162,0,55,0
39113,Montgomery,Montgomery County,345.0,True,0.0163265306122449,0,8,0,88,0,37,0,357
39115,Morgan,Morgan County,345.0,True,0.24056603773584906,0,51,0,79,0,82,0,0
40107,Okfuskee,Okfuskee County,345.0,True,0.0,0,0,0,179,0,46,0,40
13071,Colquitt,Colquitt County,230.0,True,0.19806763285024154,0,41,118,0,48,0,0,0
13005,Bacon,Bacon County,230.0,True,0.0,0,0,40,0,32,0,0,0
19115,Louisa,Louisa County,345.0,True,0.0,0,0,0,39,0,39,0,0
56001,Albany,Albany County,345.0,True,0.0,0,0,102,0,232,59,0,64
05087,Madison,Madison County,69.0,True,0.11627906976744186,0,10,0,0,0,0,0,76
29009,Barry,Barry County,345.0,True,0.0,0,0,0,24,0,12,0,144
35029,Luna,Luna County,345.0,True,0.0,0,0,156,0,0,185,0,107
13035,Butts,Butts County,500.0,True,0.07865168539325842,0,7,44,0,0,0,38,0
42053,Forest,Forest County,,False,,0,0,0,0,0,0,0,0
54005,Boone,Boone County,765.0,True,0.4043478260869565,25,93,0,112,0,0,0,0
55081,Monroe,Monroe County,161.0,True,0.0,0,0,0,31,0,0,0,294
55067,Langlade,Langlade County,115.0,True,0.0,0,0,65,0,0,0,0,31
19019,Buchanan,Buchanan County,345.0,True,0.0,0,0,0,77,0,80,0,0
20059,Franklin,Franklin County,161.0,True,0.11764705882352941,0,6,0,45,0,0,0,0
20195,Trego,Trego County,115.0,True,0.09090909090909091,0,9,62,0,0,0,0,28
51043,Clarke,Clarke County,500.0,True,0.0,0,0,0,32,0,0,0,0
45039,Fairfield,Fairfield County,230.0,True,0.0,0,0,167,0,251,0,0,219
47077,Henderson,Henderson County,500.0,True,0.08,0,12,0,123,0,0,15,0
48473,Waller,Waller County,345.0,True,0.0,0,0,0,100,0,36,0,5
48087,Collingsworth,Collingsworth County,345.0,True,0.0,0,0,83,49,0,56,0,0
13277,Tift,Tift County,500.0,True,0.05574912891986063,0,16,136,0,94,0,41,0
18097,Marion,Marion County,345.0,True,0.03567035670356704,0,29,0,613,28,123,0,20
18065,Henry,Henry County,345.0,True,0.03018867924528302,0,8,0,140,0,32,0,85
18181,White,White County,345.0,True,0.22869955156950672,0,51,0,67,0,105,0,0
01039,Covington,Covington County,230.0,True,0.23617021276595745,0,111,210,0,149,0,0,0
05105,Perry,Perry County,500.0,True,0.3119266055045872,0,34,18,21,0,0,36,0
12019,Clay,Clay County,500.0,True,0.005194805194805195,0,2,121,0,164,0,96,2
46025,Clark,Clark County,345.0,True,0.16810344827586207,0,39,47,0,62,30,0,54
47007,Bledsoe,Bledsoe County,161.0,True,0.18181818181818182,0,18,0,81,0,0,0,0
48439,Tarrant,Tarrant County,345.0,True,0.0,0,0,0,718,0,394,0,91
19181,Warren,Warren County,345.0,True,0.05555555555555555,0,5,0,44,0,22,0,19
19103,Johnson,Johnson County,345.0,True,0.0,0,0,28,137,0,87,0,7
19137,Montgomery,Montgomery County,161.0,True,0.39655172413793105,0,46,0,7,0,0,0,63
20065,Graham,Graham County,115.0,True,0.39705882352941174,0,54,82,0,0,0,0,0
01077,Lauderdale,Lauderdale County,161.0,True,0.21511627906976744,0,74,0,270,0,0,0,0
13131,Grady,Grady County,230.0,True,0.04,0,5,58,0,32,0,0,30
20011,Bourbon,Bourbon County,345.0,True,0.0,0,0,0,17,0,42,0,59
21145,McCracken,McCracken County,500.0,True,0.11091549295774648,0,63,0,322,0,4,36,143
21171,Monroe,Monroe County,161.0,True,0.0,0,0,0,42,0,0,0,58
48123,DeWitt,DeWitt County,345.0,True,0.003703703703703704,0,1,0,108,0,125,0,36
26045,Eaton,Eaton County,345.0,True,0.27340823970037453,0,73,0,104,0,77,0,13
27057,Hubbard,Hubbard County,250.0,True,0.2305194805194805,0,71,134,0,86,0,0,17
20003,Anderson,Anderson County,345.0,True,0.0,0,0,0,13,0,40,0,0
20083,Hodgeman,Hodgeman County,345.0,True,0.16521739130434782,0,19,30,0,13,13,0,40
22089,St. Charles,St. Charles Parish,500.0,True,0.18095238095238095,0,57,0,0,248,0,10,0
26161,Washtenaw,Washtenaw County,345.0,True,0.09583333333333334,0,69,353,39,0,259,0,0
16019,Bonneville,Bonneville County,161.0,True,0.11307420494699646,0,64,171,263,0,0,0,68
17183,Vermilion,Vermilion County,345.0,True,0.37254901960784315,0,95,0,123,0,37,0,0
20007,Barber,Barber County,345.0,True,0.11479591836734694,0,45,66,33,0,232,0,16
27081,Lincoln,Lincoln County,345.0,True,0.06756756756756757,0,15,82,0,0,38,0,87
28027,Coahoma,Coahoma County,230.0,True,0.007352941176470588,0,1,80,0,55,0,0,0
30091,Sheridan,Sheridan County,115.0,True,0.0,0,0,68,0,0,0,0,177
28071,Lafayette,Lafayette County,161.0,True,0.36666666666666664,0,44,0,76,0,0,0,0
28015,Carroll,Carroll County,115.0,True,0.10975609756097561,0,9,73,0,0,0,0,0
17093,Kendall,Kendall County,765.0,True,0.0,40,0,0,60,0,89,0,0
55045,Green,Green County,138.0,True,0.0,0,0,0,39,0,0,0,102
55125,Vilas,Vilas County,138.0,True,0.0410958904109589,0,3,38,21,0,0,0,11
05123,St. Francis,St. Francis County,500.0,True,0.0,0,0,2,113,1,0,56,85
20183,Smith,Smith County,345.0,True,0.0,0,0,98,0,0,52,0,0
35053,Socorro,Socorro County,345.0,True,0.0,0,0,149,0,0,136,0,0
51830,Williamsburg,Williamsburg city,230.0,True,0.0,0,0,5,0,5,0,0,0
31165,Sioux,Sioux County,230.0,True,0.0,0,0,54,0,126,0,0,4
36021,Columbia,Columbia County,345.0,True,0.23850574712643677,0,83,217,0,0,48,0,0
39099,Mahoning,Mahoning County,345.0,True,0.15827338129496402,0,66,0,215,0,134,0,2
29047,Clay,Clay County,345.0,True,0.0,0,0,0,247,0,49,0,107
29135,Moniteau,Moniteau County,161.0,True,0.4358974358974359,0,51,0,66,0,0,0,0
31119,Madison,Madison County,345.0,True,0.07722007722007722,0,20,79,0,53,45,0,62
05079,Lincoln,Lincoln County,115.0,True,0.6186440677966102,0,73,45,0,0,0,0,0
08045,Garfield,Garfield County,345.0,True,0.015748031496062992,0,8,74,49,154,108,0,115
13057,Cherokee,Cherokee County,500.0,True,0.13202247191011235,0,47,159,0,116,0,34,0
26043,Dickinson,Dickinson County,345.0,True,0.0,0,0,0,121,0,45,0,123
20073,Greenwood,Greenwood County,345.0,True,0.0,0,0,41,104,0,116,0,0
26065,Ingham,Ingham County,138.0,True,0.21774193548387097,0,54,0,194,0,0,0,0
40151,Woods,Woods County,345.0,True,0.029605263157894735,0,9,0,74,0,129,0,92
44001,Bristol,Bristol County,115.0,True,0.0,0,0,17,0,0,0,0,0
51678,Lexington,Lexington city,,False,,0,0,0,0,0,0,0,0
54105,Wirt,Wirt County,765.0,True,0.0,16,0,0,19,0,0,0,0
55069,Lincoln,Lincoln County,115.0,True,0.13440860215053763,0,25,161,0,0,0,0,0
47083,Houston,Houston County,500.0,True,0.07246376811594203,0,5,0,37,0,0,27,0
48115,Dawson,Dawson County,138.0,True,0.0,0,0,0,59,0,0,0,145
26123,Newaygo,Newaygo County,345.0,True,0.052054794520547946,0,19,0,146,0,139,0,61
27033,Cottonwood,Cottonwood County,69.0,True,0.3333333333333333,0,47,0,0,0,0,0,94
27087,Mahnomen,Mahnomen County,230.0,True,0.0,0,0,39,0,3,0,0,41
17117,Macoupin,Macoupin County,138.0,True,0.3469387755102041,0,51,0,84,0,0,0,12
05047,Franklin,Franklin County,161.0,True,0.0,0,0,0,119,0,0,0,36
01017,Chambers,Chambers County,230.0,True,0.0055248618784530384,0,1,114,0,66,0,0,0
48097,Cooke,Cooke County,345.0,True,0.0,0,0,0,239,0,90,0,56
17191,Wayne,Wayne County,345.0,True,0.0,0,0,0,21,0,11,0,180
